# Blender 5.1.2
# www.blender.org
mtllib titleBG.mtl
o 平面
v -1.165951 1.165951 -1.142899
v -1.165951 -1.165951 -1.142899
v 1.165951 1.165951 -1.142898
v 1.165951 -1.165951 -1.142898
vn -0.0000 -0.0000 1.0000
vt 1.000000 0.000000
vt 0.000000 1.000000
vt 0.000000 0.000000
vt 1.000000 1.000000
s 0
usemtl 材質
f 2/1/1 3/2/1 1/3/1
f 2/1/1 4/4/1 3/2/1
o 球體.001
v 0.940264 -0.142873 -0.382907
v 0.850924 -0.209385 -0.555644
v 0.364566 -0.219954 -0.978717
v 0.309322 -0.199589 -1.003667
v 0.254486 -0.175296 -1.024947
v 0.147627 -0.115405 -1.056177
v 0.000000 0.000000 -1.073890
v 0.992115 -0.125333 -0.073890
v 0.985935 -0.154887 -0.136680
v 0.975006 -0.183454 -0.199223
v 0.959432 -0.210664 -0.261271
v 0.939352 -0.236158 -0.322580
v 0.914943 -0.259593 -0.382907
v 0.886411 -0.280641 -0.442014
v 0.853998 -0.298999 -0.499669
v 0.817971 -0.314383 -0.555644
v 0.778629 -0.326538 -0.609717
v 0.736291 -0.335237 -0.661675
v 0.691302 -0.340282 -0.711314
v 0.644023 -0.341511 -0.758437
v 0.594832 -0.338791 -0.802859
v 0.544120 -0.332028 -0.844403
v 0.492287 -0.321162 -0.882907
v 0.439737 -0.306172 -0.918218
v 0.386881 -0.287071 -0.950197
v 0.334123 -0.263912 -0.978717
v 0.281868 -0.236783 -1.003667
v 0.230509 -0.205809 -1.024947
v 0.180429 -0.171149 -1.042473
v 0.131998 -0.132997 -1.056177
v 0.085567 -0.091579 -1.066005
v 0.041465 -0.047152 -1.071917
v 0.968583 -0.248690 -0.073890
v 0.958748 -0.277236 -0.136680
v 0.944325 -0.304208 -0.199223
v 0.925463 -0.329251 -0.261271
v 0.902347 -0.352028 -0.322580
v 0.875193 -0.372218 -0.382907
v 0.844248 -0.389525 -0.442014
v 0.809789 -0.403675 -0.499669
v 0.772119 -0.414423 -0.555644
v 0.731563 -0.421551 -0.609717
v 0.688469 -0.424875 -0.661675
v 0.643202 -0.424242 -0.711314
v 0.596142 -0.419535 -0.758437
v 0.547680 -0.410672 -0.802859
v 0.498216 -0.397606 -0.844403
v 0.448153 -0.380330 -0.882907
v 0.397897 -0.358871 -0.918218
v 0.347851 -0.333297 -0.950197
v 0.298412 -0.303708 -0.978717
v 0.249968 -0.270244 -1.003667
v 0.202896 -0.233076 -1.024947
v 0.157556 -0.192413 -1.042473
v 0.114289 -0.148492 -1.056177
v 0.073414 -0.101581 -1.066005
v 0.035228 -0.051977 -1.071917
v 0.929776 -0.368125 -0.073890
v 0.916441 -0.395213 -0.136680
v 0.898751 -0.420164 -0.199223
v 0.876899 -0.442646 -0.261271
v 0.851111 -0.462346 -0.322580
v 0.821640 -0.478974 -0.382907
v 0.788770 -0.492266 -0.442014
v 0.752810 -0.501986 -0.499669
v 0.714089 -0.507927 -0.555644
v 0.672960 -0.509916 -0.609717
v 0.629789 -0.507813 -0.661675
v 0.584959 -0.501512 -0.711314
v 0.538860 -0.490943 -0.758437
v 0.491891 -0.476076 -0.802859
v 0.444454 -0.456914 -0.844403
v 0.396951 -0.433499 -0.882907
v 0.349780 -0.405911 -0.918218
v 0.303334 -0.374266 -0.950197
v 0.257994 -0.338714 -0.978717
v 0.214127 -0.299442 -1.003667
v 0.172084 -0.256668 -1.024947
v 0.132198 -0.210643 -1.042473
v 0.094776 -0.161645 -1.056177
v 0.060104 -0.109982 -1.066005
v 0.028436 -0.055983 -1.071917
v 0.876307 -0.481754 -0.073890
v 0.859681 -0.506957 -0.136680
v 0.839004 -0.529495 -0.199223
v 0.814506 -0.549061 -0.261271
v 0.786452 -0.565373 -0.322580
v 0.755130 -0.578176 -0.382907
v 0.720853 -0.587243 -0.442014
v 0.683958 -0.592379 -0.499669
v 0.644798 -0.593421 -0.555644
v 0.603744 -0.590240 -0.609717
v 0.561178 -0.582742 -0.661675
v 0.517490 -0.570872 -0.711314
v 0.473079 -0.554609 -0.758437
v 0.428344 -0.533972 -0.802859
v 0.383683 -0.509016 -0.844403
v 0.339489 -0.479832 -0.882907
v 0.296148 -0.446550 -0.918218
v 0.254035 -0.409333 -0.950197
v 0.213507 -0.368378 -0.978717
v 0.174908 -0.323918 -1.003667
v 0.138558 -0.276212 -1.024947
v 0.104755 -0.225551 -1.042473
v 0.073769 -0.172249 -1.056177
v 0.045845 -0.116647 -1.066005
v 0.021195 -0.059105 -1.071917
v 0.809017 -0.587785 -0.073890
v 0.789364 -0.610706 -0.136680
v 0.766025 -0.630475 -0.199223
v 0.739268 -0.646816 -0.261271
v 0.709391 -0.659483 -0.322580
v 0.676711 -0.668260 -0.382907
v 0.641568 -0.672960 -0.442014
v 0.604320 -0.673431 -0.499669
v 0.565339 -0.669556 -0.555644
v 0.525007 -0.661255 -0.609717
v 0.483716 -0.648481 -0.661675
v 0.441860 -0.631229 -0.711314
v 0.399838 -0.609529 -0.758437
v 0.358042 -0.583447 -0.802859
v 0.316861 -0.553090 -0.844403
v 0.276673 -0.518598 -0.882907
v 0.237845 -0.480146 -0.918218
v 0.200729 -0.437944 -0.950197
v 0.165654 -0.392233 -0.978717
v 0.132931 -0.343286 -1.003667
v 0.102847 -0.291400 -1.024947
v 0.075660 -0.236901 -1.042473
v 0.051599 -0.180137 -1.056177
v 0.030864 -0.121473 -1.066005
v 0.013620 -0.061295 -1.071917
v 0.728969 -0.684547 -0.073890
v 0.706598 -0.704824 -0.136680
v 0.680965 -0.721511 -0.199223
v 0.652371 -0.734370 -0.261271
v 0.621142 -0.743193 -0.322580
v 0.587620 -0.747805 -0.382907
v 0.552165 -0.748063 -0.442015
v 0.515152 -0.743862 -0.499669
v 0.476963 -0.735132 -0.555644
v 0.437990 -0.721841 -0.609717
v 0.398625 -0.703994 -0.661675
v 0.359262 -0.681632 -0.711314
v 0.320291 -0.654835 -0.758437
v 0.282093 -0.623721 -0.802859
v 0.245041 -0.588442 -0.844403
v 0.209494 -0.549185 -0.882907
v 0.175792 -0.506170 -0.918218
v 0.144257 -0.459648 -0.950197
v 0.115188 -0.409902 -0.978717
v 0.088858 -0.357239 -1.003667
v 0.065514 -0.301992 -1.024947
v 0.045372 -0.244516 -1.042473
v 0.028615 -0.185184 -1.056177
v 0.015396 -0.124384 -1.066005
v 0.005831 -0.062519 -1.071917
v 0.637424 -0.770513 -0.073890
v 0.612688 -0.787827 -0.136680
v 0.585166 -0.801170 -0.199223
v 0.555186 -0.810344 -0.261271
v 0.523097 -0.815183 -0.322580
v 0.489261 -0.815556 -0.382907
v 0.454054 -0.811369 -0.442015
v 0.417859 -0.802562 -0.499669
v 0.381066 -0.789115 -0.555644
v 0.344065 -0.771044 -0.609717
v 0.307248 -0.748403 -0.661675
v 0.270998 -0.721284 -0.711314
v 0.235693 -0.689815 -0.758437
v 0.201696 -0.654159 -0.802859
v 0.169358 -0.614514 -0.844403
v 0.139011 -0.571111 -0.882907
v 0.110966 -0.524211 -0.918218
v 0.085510 -0.474104 -0.950197
v 0.062905 -0.421107 -0.978717
v 0.043383 -0.365559 -1.003667
v 0.027148 -0.307822 -1.024947
v 0.014368 -0.248274 -1.042473
v 0.005180 -0.187310 -1.056177
v -0.000315 -0.125333 -1.066005
v -0.002051 -0.062757 -1.071917
v 0.535827 -0.844328 -0.073890
v 0.509116 -0.858405 -0.136680
v 0.480139 -0.868193 -0.199223
v 0.449246 -0.873537 -0.261271
v 0.416803 -0.874316 -0.322580
v 0.383187 -0.870446 -0.382907
v 0.348782 -0.861879 -0.442015
v 0.313976 -0.848606 -0.499669
v 0.279159 -0.830653 -0.555644
v 0.244715 -0.808087 -0.609717
v 0.211025 -0.781010 -0.661675
v 0.178460 -0.749562 -0.711314
v 0.147377 -0.713916 -0.758437
v 0.118118 -0.674280 -0.802859
v 0.091004 -0.630895 -0.844403
v 0.066336 -0.584030 -0.882907
v 0.044390 -0.533985 -0.918218
v 0.025415 -0.481083 -0.950197
v 0.009630 -0.425670 -0.978717
v -0.002775 -0.368114 -1.003667
v -0.011647 -0.308797 -1.024947
v -0.016863 -0.248117 -1.042473
v -0.018337 -0.186482 -1.056177
v -0.016021 -0.124305 -1.066005
v -0.009900 -0.062005 -1.071917
v 0.425779 -0.904827 -0.073890
v 0.397515 -0.915445 -0.136680
v 0.367539 -0.921524 -0.199223
v 0.336220 -0.922954 -0.261271
v 0.303935 -0.919661 -0.322580
v 0.271070 -0.911608 -0.382907
v 0.238010 -0.898797 -0.442015
v 0.205142 -0.881266 -0.499669
v 0.172849 -0.859091 -0.555644
v 0.141505 -0.832386 -0.609717
v 0.111475 -0.801300 -0.661675
v 0.083108 -0.766018 -0.711314
v 0.056738 -0.726757 -0.758437
v 0.032677 -0.683767 -0.802859
v 0.011214 -0.637326 -0.844403
v -0.007386 -0.587739 -0.882907
v -0.022886 -0.535338 -0.918218
v -0.035081 -0.480475 -0.950197
v -0.043796 -0.423521 -0.978717
v -0.048890 -0.364864 -1.003667
v -0.050257 -0.304903 -1.024947
v -0.047827 -0.244048 -1.042473
v -0.041565 -0.182713 -1.056177
v -0.031474 -0.121317 -1.066005
v -0.017594 -0.060275 -1.071917
v 0.309017 -0.951057 -0.073890
v 0.279645 -0.958048 -0.136681
v 0.249143 -0.960323 -0.199223
v 0.217892 -0.957816 -0.261271
v 0.186275 -0.950503 -0.322580
v 0.154677 -0.938394 -0.382907
v 0.123484 -0.921540 -0.442015
v 0.093073 -0.900028 -0.499669
v 0.063813 -0.873980 -0.555644
v 0.036064 -0.843558 -0.609717
v 0.010166 -0.808953 -0.661675
v -0.013555 -0.770394 -0.711314
v -0.034796 -0.728138 -0.758437
v -0.053280 -0.682471 -0.802859
v -0.068753 -0.633705 -0.844403
v -0.080991 -0.582179 -0.882907
v -0.089801 -0.528248 -0.918218
v -0.095024 -0.472289 -0.950197
v -0.096532 -0.414692 -0.978717
v -0.094234 -0.355859 -1.003667
v -0.088076 -0.296200 -1.024947
v -0.078037 -0.236129 -1.042473
v -0.064137 -0.176063 -1.056177
v -0.046431 -0.116415 -1.066005
v -0.025009 -0.057595 -1.071917
v 0.187381 -0.982287 -0.073890
v 0.157365 -0.985543 -0.136681
v 0.126819 -0.983976 -0.199223
v 0.096128 -0.977572 -0.261271
v 0.065676 -0.966354 -0.322580
v 0.035846 -0.950381 -0.382907
v 0.007010 -0.929750 -0.442015
v -0.020465 -0.904596 -0.499669
v -0.046229 -0.875087 -0.555644
v -0.069946 -0.841426 -0.609717
v -0.091303 -0.803849 -0.661675
v -0.110004 -0.762621 -0.711314
v -0.125782 -0.718035 -0.758437
v -0.138396 -0.670411 -0.802859
v -0.147635 -0.620092 -0.844403
v -0.153319 -0.567437 -0.882907
v -0.155300 -0.512828 -0.918218
v -0.153468 -0.456655 -0.950197
v -0.147746 -0.399323 -0.978717
v -0.138092 -0.341242 -1.003667
v -0.124505 -0.282825 -1.024947
v -0.107017 -0.224486 -1.042473
v -0.085698 -0.166636 -1.056177
v -0.060655 -0.109678 -1.066005
v -0.032031 -0.054006 -1.071917
v 0.062791 -0.998027 -0.073890
v 0.032602 -0.997495 -0.136681
v 0.002494 -0.992112 -0.199223
v -0.027153 -0.981912 -0.261271
v -0.055958 -0.966966 -0.322580
v -0.083551 -0.947380 -0.382907
v -0.109573 -0.923298 -0.442015
v -0.133679 -0.894898 -0.499669
v -0.155542 -0.862392 -0.555644
v -0.174854 -0.826024 -0.609717
v -0.191332 -0.786067 -0.661675
v -0.204718 -0.742820 -0.711314
v -0.214784 -0.696608 -0.758437
v -0.221329 -0.647779 -0.802859
v -0.224189 -0.596698 -0.844403
v -0.223228 -0.543747 -0.882907
v -0.218350 -0.489320 -0.918218
v -0.209492 -0.433820 -0.950197
v -0.196629 -0.377657 -0.978717
v -0.179772 -0.321244 -1.003667
v -0.158970 -0.264990 -1.024947
v -0.134308 -0.209303 -1.042473
v -0.105907 -0.154581 -1.056177
v -0.073923 -0.101211 -1.066005
v -0.038547 -0.049566 -1.071917
v -0.062791 -0.998027 -0.073890
v -0.092674 -0.993715 -0.136681
v -0.121871 -0.984601 -0.199223
v -0.150005 -0.970766 -0.261271
v -0.176710 -0.952327 -0.322580
v -0.201631 -0.929437 -0.382907
v -0.224429 -0.902284 -0.442015
v -0.244786 -0.871087 -0.499669
v -0.262402 -0.836098 -0.555644
v -0.277003 -0.797596 -0.609717
v -0.288343 -0.755888 -0.661675
v -0.296204 -0.711305 -0.711314
v -0.300398 -0.664196 -0.758437
v -0.300773 -0.614931 -0.802859
v -0.297207 -0.563895 -0.844403
v -0.289618 -0.511482 -0.882907
v -0.277956 -0.458095 -0.918218
v -0.262212 -0.404143 -0.950197
v -0.242412 -0.350035 -0.978717
v -0.218617 -0.296179 -1.003667
v -0.190929 -0.242977 -1.024947
v -0.159482 -0.190820 -1.042473
v -0.124446 -0.140089 -1.056177
v -0.086026 -0.091148 -1.066005
v -0.044455 -0.044344 -1.071917
v -0.187381 -0.982288 -0.073890
v -0.216489 -0.974264 -0.136681
v -0.244313 -0.961563 -0.199223
v -0.270491 -0.944311 -0.261271
v -0.294675 -0.922670 -0.322580
v -0.316530 -0.896837 -0.382907
v -0.335746 -0.867041 -0.442015
v -0.352031 -0.833539 -0.499669
v -0.365123 -0.796617 -0.555644
v -0.374784 -0.756589 -0.609717
v -0.380807 -0.713789 -0.661675
v -0.383018 -0.668572 -0.711314
v -0.381275 -0.621309 -0.758437
v -0.375472 -0.572386 -0.802859
v -0.365538 -0.522199 -0.844403
v -0.351440 -0.471150 -0.882907
v -0.333179 -0.419645 -0.918218
v -0.310797 -0.368092 -0.950197
v -0.284371 -0.316893 -0.978717
v -0.254015 -0.266444 -1.003667
v -0.219876 -0.217131 -1.024947
v -0.182140 -0.169327 -1.042473
v -0.141023 -0.123387 -1.056177
v -0.096771 -0.079647 -1.066005
v -0.049662 -0.038422 -1.071917
v -0.309017 -0.951057 -0.073890
v -0.336889 -0.939449 -0.136681
v -0.362902 -0.923360 -0.199223
v -0.386712 -0.902963 -0.261271
v -0.407992 -0.878462 -0.322580
v -0.426438 -0.850094 -0.382907
v -0.441767 -0.818124 -0.442015
v -0.453726 -0.782845 -0.499669
v -0.462087 -0.744573 -0.555644
v -0.466655 -0.703650 -0.609717
v -0.467266 -0.660433 -0.661675
v -0.463792 -0.615295 -0.711314
v -0.456140 -0.568623 -0.758437
v -0.444250 -0.520813 -0.802859
v -0.428105 -0.472267 -0.844403
v -0.407719 -0.423387 -0.882907
v -0.383147 -0.374578 -0.918218
v -0.354481 -0.326236 -0.950197
v -0.321846 -0.278753 -0.978717
v -0.285406 -0.232506 -1.003667
v -0.245356 -0.187861 -1.024947
v -0.201926 -0.145163 -1.042473
v -0.155375 -0.104739 -1.056177
v -0.105991 -0.066891 -1.066005
v -0.054086 -0.031895 -1.071917
v -0.425779 -0.904827 -0.073890
v -0.451977 -0.889818 -0.136681
v -0.475768 -0.870596 -0.199223
v -0.496834 -0.847375 -0.261271
v -0.514876 -0.820401 -0.322580
v -0.529620 -0.789944 -0.382907
v -0.540822 -0.756305 -0.442015
v -0.548264 -0.719805 -0.499669
v -0.551763 -0.680787 -0.555644
v -0.551166 -0.639614 -0.609717
v -0.546356 -0.596661 -0.661675
v -0.537252 -0.552315 -0.711314
v -0.523810 -0.506970 -0.758437
v -0.506023 -0.461027 -0.802859
v -0.483920 -0.414887 -0.844403
v -0.457569 -0.368948 -0.882907
v -0.427073 -0.323603 -0.918218
v -0.392574 -0.279236 -0.950197
v -0.354245 -0.236217 -0.978717
v -0.312296 -0.194902 -1.003667
v -0.266967 -0.155628 -1.024947
v -0.218528 -0.118710 -1.042473
v -0.167277 -0.084440 -1.056177
v -0.113538 -0.053079 -1.066005
v -0.057657 -0.024865 -1.071917
v -0.535827 -0.844328 -0.073890
v -0.559937 -0.826153 -0.136681
v -0.581131 -0.804101 -0.199223
v -0.599121 -0.778424 -0.261271
v -0.613639 -0.749400 -0.322580
v -0.624450 -0.717336 -0.382907
v -0.631348 -0.682558 -0.442015
v -0.634157 -0.645413 -0.499669
v -0.632737 -0.606265 -0.555644
v -0.626984 -0.565491 -0.609717
v -0.616829 -0.523480 -0.661675
v -0.602239 -0.480624 -0.711314
v -0.583220 -0.437322 -0.758437
v -0.559814 -0.393970 -0.802859
v -0.532103 -0.350964 -0.844403
v -0.500202 -0.308690 -0.882907
v -0.464264 -0.267525 -0.918218
v -0.424476 -0.227831 -0.950197
v -0.381058 -0.189955 -0.978717
v -0.334261 -0.154224 -1.003667
v -0.284367 -0.120941 -1.024947
v -0.231683 -0.090386 -1.042473
v -0.176542 -0.062808 -1.056177
v -0.119296 -0.038430 -1.066005
v -0.060319 -0.017442 -1.071917
v -0.637424 -0.770514 -0.073890
v -0.659066 -0.749460 -0.136681
v -0.677330 -0.724926 -0.199223
v -0.691959 -0.697196 -0.261271
v -0.702725 -0.666582 -0.322580
v -0.709432 -0.633415 -0.382907
v -0.711916 -0.598047 -0.442015
v -0.710048 -0.560843 -0.499669
v -0.703733 -0.522181 -0.555644
v -0.692915 -0.482450 -0.609717
v -0.677575 -0.442043 -0.661675
v -0.657728 -0.401354 -0.711314
v -0.633432 -0.360776 -0.758437
v -0.604778 -0.320700 -0.802859
v -0.571895 -0.281507 -0.844403
v -0.534947 -0.243564 -0.882907
v -0.494133 -0.207228 -0.918218
v -0.449683 -0.172834 -0.950197
v -0.401861 -0.140698 -0.978717
v -0.350955 -0.111114 -1.003667
v -0.297283 -0.084347 -1.024947
v -0.241185 -0.060635 -1.042473
v -0.183021 -0.040186 -1.056177
v -0.123172 -0.023176 -1.066005
v -0.062030 -0.009745 -1.071917
v -0.728969 -0.684547 -0.073890
v -0.747801 -0.660948 -0.136681
v -0.762846 -0.634317 -0.199223
v -0.773884 -0.604973 -0.261271
v -0.780729 -0.573251 -0.322580
v -0.783226 -0.539505 -0.382907
v -0.781258 -0.504104 -0.442015
v -0.774741 -0.467428 -0.499669
v -0.763631 -0.429863 -0.555644
v -0.747919 -0.391801 -0.609717
v -0.727634 -0.353634 -0.661675
v -0.702845 -0.315754 -0.711314
v -0.673654 -0.278541 -0.758437
v -0.640203 -0.242373 -0.802859
v -0.602667 -0.207609 -0.844403
v -0.561255 -0.174597 -0.882907
v -0.516209 -0.143662 -0.918218
v -0.467799 -0.115111 -0.950197
v -0.416326 -0.089222 -0.978717
v -0.362114 -0.066251 -1.003667
v -0.305510 -0.046422 -1.024947
v -0.246882 -0.029929 -1.042473
v -0.186615 -0.016931 -1.056177
v -0.125105 -0.007555 -1.066005
v -0.062762 -0.001893 -1.071917
v -0.809017 -0.587786 -0.073890
v -0.824743 -0.562012 -0.136681
v -0.836332 -0.533706 -0.199223
v -0.843605 -0.503209 -0.261271
v -0.846420 -0.470879 -0.322580
v -0.844668 -0.437087 -0.382907
v -0.838278 -0.402212 -0.442015
v -0.827216 -0.366641 -0.499669
v -0.811485 -0.330765 -0.555644
v -0.791127 -0.294972 -0.609717
v -0.766219 -0.259649 -0.661675
v -0.736877 -0.225174 -0.711314
v -0.703253 -0.191914 -0.758437
v -0.665532 -0.160223 -0.802859
v -0.623935 -0.130438 -0.844403
v -0.578713 -0.102876 -0.882907
v -0.530144 -0.077831 -0.918218
v -0.478538 -0.055572 -0.950197
v -0.424226 -0.036339 -0.978717
v -0.367562 -0.020344 -1.003667
v -0.308919 -0.007766 -1.024947
v -0.248687 0.001250 -1.042473
v -0.187265 0.006592 -1.056177
v -0.125066 0.008184 -1.066005
v -0.062504 0.005988 -1.071917
v -0.876307 -0.481754 -0.073890
v -0.888679 -0.454212 -0.136681
v -0.896628 -0.424677 -0.199223
v -0.900022 -0.393510 -0.261271
v -0.898763 -0.361082 -0.322580
v -0.892789 -0.327775 -0.382907
v -0.882079 -0.293976 -0.442015
v -0.866646 -0.260073 -0.499669
v -0.846542 -0.226451 -0.555644
v -0.821858 -0.193492 -0.609717
v -0.792720 -0.161569 -0.661675
v -0.759288 -0.131043 -0.711314
v -0.721761 -0.102259 -0.758437
v -0.680366 -0.075546 -0.802859
v -0.635364 -0.051210 -0.844403
v -0.587043 -0.029533 -0.882907
v -0.535719 -0.010773 -0.918218
v -0.481729 0.004843 -0.950197
v -0.425435 0.017117 -0.978717
v -0.367213 0.025884 -1.003667
v -0.307457 0.031013 -1.024947
v -0.246569 0.032409 -1.042473
v -0.184963 0.030010 -1.056177
v -0.123054 0.023794 -1.066005
v -0.061261 0.013774 -1.071917
v -0.929777 -0.368125 -0.073890
v -0.938599 -0.339250 -0.136681
v -0.942784 -0.308951 -0.199223
v -0.942245 -0.277604 -0.261271
v -0.936931 -0.245590 -0.322580
v -0.926830 -0.213294 -0.382907
v -0.911969 -0.181104 -0.442015
v -0.892408 -0.149402 -0.499669
v -0.868249 -0.118565 -0.555644
v -0.839629 -0.088960 -0.609717
v -0.806719 -0.060941 -0.661675
v -0.769725 -0.034846 -0.711314
v -0.728886 -0.010992 -0.758437
v -0.684469 0.010322 -0.802859
v -0.636772 0.028826 -0.844403
v -0.586115 0.044276 -0.882907
v -0.532845 0.056455 -0.918218
v -0.477324 0.065181 -0.950197
v -0.419935 0.070303 -0.978717
v -0.361074 0.071704 -1.003667
v -0.301145 0.069303 -1.024946
v -0.240563 0.063056 -1.042473
v -0.179743 0.052956 -1.056177
v -0.119101 0.039029 -1.066005
v -0.059052 0.021344 -1.071917
v -0.968584 -0.248690 -0.073890
v -0.973717 -0.218937 -0.136681
v -0.974072 -0.188353 -0.199223
v -0.969608 -0.157320 -0.261271
v -0.960324 -0.126224 -0.322580
v -0.946255 -0.095450 -0.382907
v -0.927476 -0.065376 -0.442015
v -0.904096 -0.036376 -0.499669
v -0.876263 -0.008810 -0.555644
v -0.844158 0.016975 -0.609717
v -0.807995 0.040648 -0.661675
v -0.768023 0.061901 -0.711314
v -0.724516 0.080448 -0.758437
v -0.677779 0.096027 -0.802859
v -0.628138 0.108408 -0.844403
v -0.575945 0.117386 -0.882907
v -0.521567 0.122793 -0.918218
v -0.465391 0.124492 -0.950197
v -0.407812 0.122380 -0.978717
v -0.349240 0.116393 -1.003667
v -0.290085 0.106500 -1.024947
v -0.230763 0.092710 -1.042473
v -0.171688 0.075066 -1.056177
v -0.113270 0.053649 -1.066005
v -0.055911 0.028577 -1.071917
v -0.992115 -0.125333 -0.073890
v -0.993479 -0.095171 -0.136681
v -0.989998 -0.064784 -0.199223
v -0.981680 -0.034556 -0.261271
v -0.968571 -0.004869 -0.322580
v -0.950757 0.023900 -0.382907
v -0.928356 0.051383 -0.442015
v -0.901526 0.077224 -0.499669
v -0.870457 0.101085 -0.555644
v -0.835374 0.122642 -0.609717
v -0.796530 0.141596 -0.661675
v -0.754209 0.157672 -0.711314
v -0.708720 0.170620 -0.758437
v -0.660399 0.180218 -0.802859
v -0.609598 0.186279 -0.844403
v -0.556691 0.188646 -0.882907
v -0.502065 0.187195 -0.918218
v -0.446118 0.181839 -0.950197
v -0.389258 0.172528 -0.978717
v -0.331898 0.159247 -1.003667
v -0.274449 0.142018 -1.024947
v -0.217324 0.120901 -1.042473
v -0.160926 0.095992 -1.056177
v -0.105653 0.067423 -1.066005
v -0.051888 0.035359 -1.071917
v -1.000001 0.000000 -0.073890
v -0.997574 0.030095 -0.136681
v -0.990311 0.059806 -0.199223
v -0.978270 0.088754 -0.261271
v -0.961544 0.116564 -0.322580
v -0.940264 0.142873 -0.382907
v -0.914596 0.167331 -0.442015
v -0.884739 0.189606 -0.499669
v -0.850924 0.209385 -0.555644
v -0.813415 0.226375 -0.609717
v -0.772502 0.240312 -0.661675
v -0.728500 0.250956 -0.711314
v -0.681748 0.258100 -0.758437
v -0.632604 0.261567 -0.802859
v -0.581444 0.261214 -0.844403
v -0.528657 0.256930 -0.882907
v -0.474644 0.248644 -0.918218
v -0.419810 0.236319 -0.950197
v -0.364566 0.219955 -0.978717
v -0.309322 0.199589 -1.003667
v -0.254486 0.175296 -1.024947
v -0.200457 0.147186 -1.042473
v -0.147626 0.115405 -1.056177
v -0.096370 0.080133 -1.066005
v -0.047048 0.041583 -1.071917
v -0.992115 0.125333 -0.073890
v -0.985936 0.154887 -0.136681
v -0.975006 0.183454 -0.199223
v -0.959432 0.210664 -0.261271
v -0.939353 0.236158 -0.322580
v -0.914943 0.259593 -0.382907
v -0.886412 0.280641 -0.442015
v -0.853998 0.298999 -0.499669
v -0.817972 0.314383 -0.555644
v -0.778629 0.326538 -0.609717
v -0.736292 0.335237 -0.661675
v -0.691303 0.340282 -0.711314
v -0.644023 0.341511 -0.758437
v -0.594833 0.338791 -0.802859
v -0.544121 0.332028 -0.844403
v -0.492287 0.321162 -0.882907
v -0.439738 0.306172 -0.918218
v -0.386881 0.287071 -0.950197
v -0.334123 0.263912 -0.978717
v -0.281868 0.236783 -1.003667
v -0.230508 0.205809 -1.024947
v -0.180429 0.171149 -1.042473
v -0.131998 0.132997 -1.056177
v -0.085566 0.091579 -1.066005
v -0.041465 0.047152 -1.071917
v -0.968584 0.248690 -0.073890
v -0.958749 0.277236 -0.136681
v -0.944325 0.304208 -0.199223
v -0.925464 0.329251 -0.261271
v -0.902347 0.352028 -0.322580
v -0.875193 0.372219 -0.382907
v -0.844249 0.389525 -0.442015
v -0.809790 0.403675 -0.499669
v -0.772119 0.414423 -0.555644
v -0.731563 0.421551 -0.609717
v -0.688470 0.424875 -0.661675
v -0.643203 0.424242 -0.711314
v -0.596142 0.419535 -0.758437
v -0.547680 0.410672 -0.802859
v -0.498216 0.397606 -0.844403
v -0.448153 0.380330 -0.882907
v -0.397897 0.358872 -0.918218
v -0.347851 0.333297 -0.950197
v -0.298412 0.303708 -0.978717
v -0.249968 0.270244 -1.003667
v -0.202896 0.233076 -1.024947
v -0.157556 0.192413 -1.042473
v -0.114288 0.148492 -1.056177
v -0.073414 0.101581 -1.066005
v -0.035228 0.051977 -1.071917
v -0.929777 0.368125 -0.073890
v -0.916442 0.395213 -0.136681
v -0.898752 0.420165 -0.199223
v -0.876900 0.442647 -0.261271
v -0.851111 0.462347 -0.322580
v -0.821640 0.478974 -0.382907
v -0.788771 0.492266 -0.442015
v -0.752810 0.501986 -0.499669
v -0.714090 0.507927 -0.555644
v -0.672960 0.509916 -0.609717
v -0.629790 0.507813 -0.661675
v -0.584959 0.501512 -0.711314
v -0.538860 0.490944 -0.758437
v -0.491891 0.476076 -0.802859
v -0.444454 0.456914 -0.844403
v -0.396951 0.433499 -0.882907
v -0.349781 0.405912 -0.918218
v -0.303335 0.374266 -0.950197
v -0.257994 0.338714 -0.978717
v -0.214127 0.299442 -1.003667
v -0.172084 0.256668 -1.024947
v -0.132198 0.210643 -1.042473
v -0.094776 0.161645 -1.056177
v -0.060103 0.109982 -1.066005
v -0.028436 0.055983 -1.071917
v -0.876307 0.481754 -0.073890
v -0.859682 0.506957 -0.136681
v -0.839004 0.529495 -0.199223
v -0.814507 0.549061 -0.261271
v -0.786453 0.565373 -0.322580
v -0.755130 0.578176 -0.382907
v -0.720854 0.587244 -0.442015
v -0.683959 0.592380 -0.499669
v -0.644799 0.593421 -0.555644
v -0.603744 0.590240 -0.609717
v -0.561178 0.582742 -0.661675
v -0.517491 0.570872 -0.711314
v -0.473079 0.554610 -0.758437
v -0.428344 0.533972 -0.802859
v -0.383683 0.509016 -0.844403
v -0.339489 0.479832 -0.882907
v -0.296148 0.446550 -0.918218
v -0.254035 0.409333 -0.950197
v -0.213507 0.368379 -0.978717
v -0.174908 0.323918 -1.003666
v -0.138558 0.276212 -1.024947
v -0.104755 0.225551 -1.042473
v -0.073769 0.172249 -1.056177
v -0.045845 0.116647 -1.066005
v -0.021195 0.059105 -1.071917
v -0.809017 0.587786 -0.073890
v -0.789365 0.610707 -0.136681
v -0.766025 0.630475 -0.199223
v -0.739269 0.646816 -0.261271
v -0.709391 0.659484 -0.322580
v -0.676711 0.668260 -0.382907
v -0.641569 0.672960 -0.442015
v -0.604321 0.673431 -0.499669
v -0.565339 0.669557 -0.555644
v -0.525007 0.661255 -0.609717
v -0.483716 0.648481 -0.661675
v -0.441861 0.631230 -0.711314
v -0.399838 0.609529 -0.758437
v -0.358042 0.583448 -0.802859
v -0.316861 0.553091 -0.844403
v -0.276673 0.518598 -0.882907
v -0.237846 0.480146 -0.918218
v -0.200729 0.437944 -0.950197
v -0.165654 0.392233 -0.978717
v -0.132931 0.343286 -1.003667
v -0.102847 0.291400 -1.024947
v -0.075660 0.236901 -1.042473
v -0.051599 0.180137 -1.056177
v -0.030864 0.121473 -1.066005
v -0.013620 0.061295 -1.071917
v -0.728969 0.684548 -0.073890
v -0.706599 0.704825 -0.136681
v -0.680965 0.721512 -0.199223
v -0.652372 0.734371 -0.261271
v -0.621142 0.743194 -0.322580
v -0.587620 0.747805 -0.382907
v -0.552165 0.748064 -0.442015
v -0.515152 0.743863 -0.499669
v -0.476963 0.735133 -0.555644
v -0.437990 0.721842 -0.609717
v -0.398625 0.703994 -0.661675
v -0.359263 0.681632 -0.711314
v -0.320291 0.654836 -0.758437
v -0.282093 0.623721 -0.802859
v -0.245042 0.588442 -0.844403
v -0.209494 0.549185 -0.882907
v -0.175792 0.506170 -0.918218
v -0.144257 0.459649 -0.950197
v -0.115188 0.409902 -0.978717
v -0.088858 0.357239 -1.003667
v -0.065514 0.301992 -1.024947
v -0.045371 0.244516 -1.042473
v -0.028615 0.185184 -1.056177
v -0.015396 0.124384 -1.066005
v -0.005831 0.062519 -1.071917
v -0.637424 0.770514 -0.073890
v -0.612689 0.787827 -0.136681
v -0.585166 0.801170 -0.199223
v -0.555187 0.810344 -0.261271
v -0.523097 0.815183 -0.322580
v -0.489261 0.815557 -0.382907
v -0.454054 0.811369 -0.442015
v -0.417859 0.802563 -0.499669
v -0.381066 0.789115 -0.555644
v -0.344065 0.771044 -0.609717
v -0.307248 0.748404 -0.661675
v -0.270999 0.721285 -0.711314
v -0.235693 0.689815 -0.758437
v -0.201696 0.654159 -0.802859
v -0.169358 0.614514 -0.844403
v -0.139011 0.571111 -0.882907
v -0.110966 0.524211 -0.918218
v -0.085510 0.474104 -0.950197
v -0.062905 0.421107 -0.978717
v -0.043383 0.365560 -1.003667
v -0.027148 0.307822 -1.024947
v -0.014368 0.248274 -1.042473
v -0.005180 0.187310 -1.056177
v 0.000315 0.125333 -1.066005
v 0.002051 0.062757 -1.071917
v -0.535827 0.844329 -0.073890
v -0.509117 0.858405 -0.136681
v -0.480139 0.868193 -0.199223
v -0.449246 0.873538 -0.261271
v -0.416803 0.874317 -0.322580
v -0.383187 0.870447 -0.382907
v -0.348782 0.861880 -0.442015
v -0.313977 0.848606 -0.499669
v -0.279159 0.830653 -0.555644
v -0.244715 0.808087 -0.609717
v -0.211026 0.781011 -0.661675
v -0.178461 0.749562 -0.711314
v -0.147377 0.713916 -0.758437
v -0.118118 0.674280 -0.802859
v -0.091003 0.630895 -0.844403
v -0.066336 0.584030 -0.882907
v -0.044390 0.533985 -0.918218
v -0.025415 0.481083 -0.950197
v -0.009630 0.425671 -0.978717
v 0.002775 0.368114 -1.003667
v 0.011647 0.308797 -1.024947
v 0.016863 0.248117 -1.042473
v 0.018337 0.186482 -1.056177
v 0.016021 0.124305 -1.066005
v 0.009901 0.062005 -1.071917
v -0.425780 0.904828 -0.073890
v -0.397515 0.915446 -0.136681
v -0.367540 0.921525 -0.199223
v -0.336220 0.922955 -0.261271
v -0.303936 0.919662 -0.322580
v -0.271070 0.911609 -0.382907
v -0.238010 0.898798 -0.442015
v -0.205143 0.881266 -0.499669
v -0.172849 0.859091 -0.555644
v -0.141505 0.832386 -0.609717
v -0.111475 0.801301 -0.661675
v -0.083108 0.766019 -0.711314
v -0.056738 0.726758 -0.758437
v -0.032677 0.683767 -0.802859
v -0.011214 0.637326 -0.844403
v 0.007386 0.587739 -0.882907
v 0.022886 0.535338 -0.918218
v 0.035081 0.480475 -0.950197
v 0.043796 0.423521 -0.978717
v 0.048891 0.364864 -1.003666
v 0.050258 0.304903 -1.024946
v 0.047827 0.244048 -1.042473
v 0.041565 0.182713 -1.056177
v 0.031474 0.121317 -1.066005
v 0.017594 0.060275 -1.071917
v -0.309017 0.951057 -0.073890
v -0.279645 0.958049 -0.136681
v -0.249144 0.960323 -0.199223
v -0.217892 0.957817 -0.261271
v -0.186275 0.950503 -0.322580
v -0.154677 0.938395 -0.382907
v -0.123484 0.921541 -0.442015
v -0.093073 0.900028 -0.499669
v -0.063813 0.873981 -0.555644
v -0.036064 0.843558 -0.609717
v -0.010167 0.808954 -0.661675
v 0.013555 0.770395 -0.711314
v 0.034797 0.728138 -0.758437
v 0.053280 0.682471 -0.802859
v 0.068753 0.633706 -0.844403
v 0.080991 0.582179 -0.882907
v 0.089802 0.528248 -0.918218
v 0.095024 0.472289 -0.950197
v 0.096532 0.414692 -0.978717
v 0.094235 0.355859 -1.003667
v 0.088076 0.296200 -1.024947
v 0.078037 0.236129 -1.042473
v 0.064137 0.176063 -1.056177
v 0.046431 0.116415 -1.066005
v 0.025010 0.057595 -1.071917
v -0.187381 0.982288 -0.073890
v -0.157365 0.985544 -0.136681
v -0.126819 0.983977 -0.199223
v -0.096128 0.977573 -0.261271
v -0.065676 0.966355 -0.322580
v -0.035846 0.950381 -0.382907
v -0.007010 0.929751 -0.442015
v 0.020465 0.904597 -0.499669
v 0.046229 0.875087 -0.555644
v 0.069946 0.841426 -0.609717
v 0.091302 0.803849 -0.661675
v 0.110004 0.762621 -0.711314
v 0.125782 0.718035 -0.758437
v 0.138396 0.670412 -0.802859
v 0.147635 0.620092 -0.844403
v 0.153319 0.567438 -0.882907
v 0.155301 0.512828 -0.918218
v 0.153468 0.456656 -0.950197
v 0.147746 0.399324 -0.978717
v 0.138093 0.341242 -1.003667
v 0.124505 0.282825 -1.024947
v 0.107017 0.224486 -1.042473
v 0.085698 0.166636 -1.056177
v 0.060656 0.109678 -1.066005
v 0.032031 0.054006 -1.071917
v -0.062791 0.998027 -0.073890
v -0.032602 0.997495 -0.136681
v -0.002494 0.992113 -0.199223
v 0.027153 0.981913 -0.261271
v 0.055958 0.966966 -0.322580
v 0.083551 0.947380 -0.382907
v 0.109573 0.923298 -0.442015
v 0.133679 0.894899 -0.499669
v 0.155542 0.862393 -0.555644
v 0.174854 0.826025 -0.609717
v 0.191332 0.786067 -0.661675
v 0.204718 0.742821 -0.711314
v 0.214784 0.696609 -0.758437
v 0.221330 0.647780 -0.802859
v 0.224189 0.596699 -0.844403
v 0.223228 0.543747 -0.882907
v 0.218350 0.489320 -0.918218
v 0.209492 0.433820 -0.950197
v 0.196629 0.377658 -0.978717
v 0.179773 0.321244 -1.003667
v 0.158971 0.264991 -1.024946
v 0.134308 0.209303 -1.042473
v 0.105908 0.154581 -1.056177
v 0.073924 0.101211 -1.066005
v 0.038547 0.049566 -1.071917
v 0.062791 0.998028 -0.073890
v 0.092674 0.993716 -0.136681
v 0.121871 0.984602 -0.199223
v 0.150005 0.970767 -0.261271
v 0.176710 0.952328 -0.322580
v 0.201631 0.929438 -0.382907
v 0.224429 0.902285 -0.442015
v 0.244786 0.871088 -0.499669
v 0.262402 0.836098 -0.555644
v 0.277003 0.797597 -0.609717
v 0.288343 0.755889 -0.661675
v 0.296204 0.711305 -0.711314
v 0.300399 0.664196 -0.758437
v 0.300773 0.614932 -0.802859
v 0.297207 0.563895 -0.844403
v 0.289618 0.511482 -0.882907
v 0.277957 0.458095 -0.918218
v 0.262213 0.404143 -0.950197
v 0.242412 0.350035 -0.978717
v 0.218618 0.296180 -1.003666
v 0.190929 0.242977 -1.024947
v 0.159482 0.190820 -1.042473
v 0.124447 0.140089 -1.056177
v 0.086026 0.091148 -1.066005
v 0.044455 0.044344 -1.071917
v 0.187382 0.982288 -0.073890
v 0.216489 0.974265 -0.136681
v 0.244313 0.961564 -0.199223
v 0.270492 0.944312 -0.261271
v 0.294675 0.922671 -0.322580
v 0.316530 0.896838 -0.382907
v 0.335746 0.867041 -0.442015
v 0.352032 0.833539 -0.499669
v 0.365123 0.796618 -0.555644
v 0.374784 0.756590 -0.609717
v 0.380808 0.713789 -0.661675
v 0.383019 0.668572 -0.711314
v 0.381276 0.621309 -0.758437
v 0.375472 0.572386 -0.802859
v 0.365539 0.522199 -0.844403
v 0.351440 0.471150 -0.882907
v 0.333179 0.419646 -0.918218
v 0.310797 0.368092 -0.950197
v 0.284371 0.316893 -0.978717
v 0.254015 0.266444 -1.003667
v 0.219877 0.217131 -1.024946
v 0.182140 0.169327 -1.042473
v 0.141023 0.123387 -1.056177
v 0.096771 0.079647 -1.066005
v 0.049663 0.038422 -1.071917
v 0.309017 0.951057 -0.073890
v 0.336890 0.939450 -0.136681
v 0.362902 0.923361 -0.199223
v 0.386712 0.902964 -0.261271
v 0.407993 0.878463 -0.322580
v 0.426438 0.850094 -0.382907
v 0.441768 0.818124 -0.442015
v 0.453726 0.782845 -0.499669
v 0.462087 0.744574 -0.555644
v 0.466655 0.703651 -0.609717
v 0.467266 0.660433 -0.661675
v 0.463793 0.615295 -0.711314
v 0.456140 0.568623 -0.758437
v 0.444251 0.520814 -0.802859
v 0.428105 0.472267 -0.844403
v 0.407719 0.423388 -0.882907
v 0.383148 0.374578 -0.918218
v 0.354481 0.326236 -0.950197
v 0.321846 0.278753 -0.978717
v 0.285406 0.232507 -1.003667
v 0.245357 0.187861 -1.024946
v 0.201927 0.145163 -1.042473
v 0.155376 0.104739 -1.056177
v 0.105991 0.066891 -1.066005
v 0.054087 0.031895 -1.071917
v 0.425780 0.904828 -0.073890
v 0.451977 0.889818 -0.136680
v 0.475769 0.870596 -0.199223
v 0.496834 0.847376 -0.261271
v 0.514876 0.820401 -0.322580
v 0.529620 0.789944 -0.382907
v 0.540822 0.756305 -0.442015
v 0.548265 0.719805 -0.499669
v 0.551763 0.680788 -0.555644
v 0.551166 0.639615 -0.609717
v 0.546356 0.596661 -0.661675
v 0.537252 0.552315 -0.711314
v 0.523810 0.506970 -0.758437
v 0.506023 0.461027 -0.802859
v 0.483920 0.414887 -0.844403
v 0.457569 0.368948 -0.882907
v 0.427074 0.323603 -0.918218
v 0.392574 0.279236 -0.950197
v 0.354246 0.236217 -0.978717
v 0.312296 0.194902 -1.003667
v 0.266967 0.155628 -1.024947
v 0.218528 0.118710 -1.042473
v 0.167278 0.084439 -1.056177
v 0.113539 0.053079 -1.066005
v 0.057658 0.024865 -1.071917
v 0.535827 0.844329 -0.073890
v 0.559937 0.826154 -0.136680
v 0.581132 0.804102 -0.199223
v 0.599121 0.778424 -0.261271
v 0.613639 0.749401 -0.322580
v 0.624450 0.717336 -0.382907
v 0.631348 0.682558 -0.442014
v 0.634157 0.645414 -0.499669
v 0.632738 0.606266 -0.555644
v 0.626985 0.565492 -0.609717
v 0.616829 0.523480 -0.661675
v 0.602240 0.480624 -0.711314
v 0.583220 0.437322 -0.758437
v 0.559815 0.393971 -0.802859
v 0.532104 0.350965 -0.844403
v 0.500202 0.308690 -0.882907
v 0.464264 0.267525 -0.918218
v 0.424476 0.227831 -0.950197
v 0.381058 0.189956 -0.978717
v 0.334262 0.154224 -1.003666
v 0.284368 0.120941 -1.024947
v 0.231683 0.090386 -1.042473
v 0.176542 0.062808 -1.056177
v 0.119296 0.038430 -1.066005
v 0.060319 0.017442 -1.071917
v 0.637425 0.770514 -0.073890
v 0.659067 0.749461 -0.136680
v 0.677330 0.724926 -0.199223
v 0.691959 0.697196 -0.261271
v 0.702726 0.666582 -0.322580
v 0.709433 0.633415 -0.382907
v 0.711917 0.598047 -0.442014
v 0.710048 0.560843 -0.499669
v 0.703734 0.522182 -0.555644
v 0.692916 0.482451 -0.609717
v 0.677575 0.442043 -0.661675
v 0.657729 0.401354 -0.711314
v 0.633433 0.360776 -0.758437
v 0.604778 0.320701 -0.802859
v 0.571895 0.281507 -0.844403
v 0.534947 0.243564 -0.882907
v 0.494133 0.207228 -0.918218
v 0.449684 0.172834 -0.950197
v 0.401861 0.140698 -0.978717
v 0.350955 0.111114 -1.003667
v 0.297283 0.084347 -1.024947
v 0.241185 0.060635 -1.042473
v 0.183022 0.040186 -1.056177
v 0.123172 0.023176 -1.066005
v 0.062030 0.009745 -1.071917
v 0.728969 0.684548 -0.073890
v 0.747802 0.660948 -0.136680
v 0.762846 0.634318 -0.199223
v 0.773885 0.604973 -0.261271
v 0.780729 0.573251 -0.322580
v 0.783226 0.539505 -0.382907
v 0.781258 0.504105 -0.442014
v 0.774742 0.467428 -0.499669
v 0.763631 0.429863 -0.555644
v 0.747919 0.391801 -0.609717
v 0.727635 0.353635 -0.661675
v 0.702846 0.315754 -0.711314
v 0.673655 0.278542 -0.758437
v 0.640204 0.242373 -0.802859
v 0.602668 0.207610 -0.844403
v 0.561256 0.174597 -0.882907
v 0.516209 0.143663 -0.918218
v 0.467800 0.115111 -0.950197
v 0.416326 0.089222 -0.978717
v 0.362114 0.066252 -1.003666
v 0.305511 0.046423 -1.024947
v 0.246882 0.029929 -1.042473
v 0.186615 0.016931 -1.056177
v 0.125105 0.007555 -1.066005
v 0.062762 0.001893 -1.071917
v 0.809018 0.587786 -0.073890
v 0.824744 0.562012 -0.136680
v 0.836332 0.533706 -0.199223
v 0.843606 0.503210 -0.261271
v 0.846421 0.470880 -0.322580
v 0.844668 0.437087 -0.382907
v 0.838279 0.402212 -0.442014
v 0.827217 0.366642 -0.499669
v 0.811486 0.330765 -0.555644
v 0.791127 0.294973 -0.609717
v 0.766219 0.259649 -0.661675
v 0.736878 0.225174 -0.711314
v 0.703253 0.191914 -0.758437
v 0.665533 0.160223 -0.802859
v 0.623936 0.130438 -0.844403
v 0.578713 0.102876 -0.882907
v 0.530145 0.077832 -0.918218
v 0.478538 0.055572 -0.950197
v 0.424226 0.036339 -0.978717
v 0.367562 0.020344 -1.003667
v 0.308920 0.007766 -1.024947
v 0.248687 -0.001250 -1.042473
v 0.187266 -0.006592 -1.056177
v 0.125066 -0.008184 -1.066005
v 0.062504 -0.005988 -1.071917
v 0.876307 0.481754 -0.073890
v 0.888680 0.454213 -0.136680
v 0.896629 0.424677 -0.199223
v 0.900022 0.393510 -0.261271
v 0.898763 0.361082 -0.322580
v 0.892789 0.327775 -0.382907
v 0.882079 0.293976 -0.442014
v 0.866647 0.260073 -0.499669
v 0.846543 0.226451 -0.555644
v 0.821859 0.193492 -0.609717
v 0.792720 0.161569 -0.661675
v 0.759289 0.131043 -0.711314
v 0.721761 0.102259 -0.758437
v 0.680366 0.075546 -0.802859
v 0.635364 0.051210 -0.844403
v 0.587044 0.029533 -0.882907
v 0.535719 0.010773 -0.918218
v 0.481730 -0.004843 -0.950197
v 0.425435 -0.017117 -0.978717
v 0.367214 -0.025884 -1.003667
v 0.307457 -0.031013 -1.024947
v 0.246569 -0.032409 -1.042473
v 0.184963 -0.030010 -1.056177
v 0.123054 -0.023794 -1.066005
v 0.061261 -0.013774 -1.071917
v 0.929777 0.368125 -0.073890
v 0.938600 0.339250 -0.136680
v 0.942785 0.308951 -0.199223
v 0.942245 0.277604 -0.261271
v 0.936932 0.245590 -0.322580
v 0.926831 0.213294 -0.382907
v 0.911969 0.181105 -0.442014
v 0.892409 0.149403 -0.499669
v 0.868250 0.118565 -0.555644
v 0.839629 0.088960 -0.609717
v 0.806719 0.060941 -0.661675
v 0.769726 0.034846 -0.711314
v 0.728887 0.010992 -0.758437
v 0.684470 -0.010322 -0.802859
v 0.636773 -0.028826 -0.844403
v 0.586116 -0.044276 -0.882907
v 0.532845 -0.056455 -0.918218
v 0.477324 -0.065181 -0.950197
v 0.419935 -0.070303 -0.978717
v 0.361074 -0.071704 -1.003667
v 0.301146 -0.069303 -1.024947
v 0.240563 -0.063056 -1.042473
v 0.179743 -0.052956 -1.056177
v 0.119101 -0.039029 -1.066005
v 0.059052 -0.021344 -1.071917
v 0.968584 0.248690 -0.073890
v 0.973718 0.218937 -0.136680
v 0.974072 0.188353 -0.199223
v 0.969609 0.157320 -0.261271
v 0.960324 0.126225 -0.322580
v 0.946255 0.095450 -0.382907
v 0.927477 0.065377 -0.442014
v 0.904097 0.036376 -0.499669
v 0.876263 0.008810 -0.555644
v 0.844158 -0.016975 -0.609717
v 0.807996 -0.040648 -0.661675
v 0.768024 -0.061901 -0.711314
v 0.724517 -0.080448 -0.758437
v 0.677779 -0.096027 -0.802859
v 0.628139 -0.108408 -0.844403
v 0.575945 -0.117386 -0.882907
v 0.521568 -0.122793 -0.918218
v 0.465391 -0.124492 -0.950197
v 0.407813 -0.122381 -0.978717
v 0.349240 -0.116393 -1.003667
v 0.290085 -0.106500 -1.024947
v 0.230763 -0.092710 -1.042473
v 0.171689 -0.075066 -1.056177
v 0.113270 -0.053649 -1.066005
v 0.055911 -0.028577 -1.071917
v 0.992116 0.125333 -0.073890
v 0.993480 0.095171 -0.136680
v 0.989998 0.064784 -0.199223
v 0.981680 0.034556 -0.261271
v 0.968572 0.004869 -0.322580
v 0.950757 -0.023900 -0.382907
v 0.928357 -0.051383 -0.442014
v 0.901527 -0.077224 -0.499669
v 0.870458 -0.101085 -0.555644
v 0.835375 -0.122642 -0.609717
v 0.796530 -0.141596 -0.661675
v 0.754210 -0.157672 -0.711314
v 0.708721 -0.170619 -0.758437
v 0.660399 -0.180218 -0.802859
v 0.609599 -0.186279 -0.844403
v 0.556691 -0.188646 -0.882907
v 0.502065 -0.187195 -0.918218
v 0.446118 -0.181839 -0.950197
v 0.389259 -0.172528 -0.978717
v 0.331898 -0.159247 -1.003667
v 0.274450 -0.142018 -1.024947
v 0.217324 -0.120901 -1.042473
v 0.160927 -0.095992 -1.056177
v 0.105653 -0.067423 -1.066005
v 0.051889 -0.035359 -1.071917
v 1.000001 -0.000000 -0.073890
v 0.997574 -0.030095 -0.136680
v 0.990312 -0.059807 -0.199223
v 0.978271 -0.088754 -0.261271
v 0.961545 -0.116564 -0.322580
v 0.914597 -0.167331 -0.442014
v 0.884739 -0.189606 -0.499669
v 0.813416 -0.226375 -0.609717
v 0.772503 -0.240312 -0.661675
v 0.728501 -0.250956 -0.711314
v 0.681748 -0.258100 -0.758437
v 0.632605 -0.261567 -0.802859
v 0.581445 -0.261214 -0.844403
v 0.528658 -0.256930 -0.882907
v 0.474644 -0.248644 -0.918218
v 0.419810 -0.236319 -0.950197
v 0.200458 -0.147186 -1.042473
v 0.096370 -0.080133 -1.066005
v 0.047048 -0.041583 -1.071917
v 0.364566 -0.219954 -0.957501
v 0.309322 -0.199589 -0.982450
v 0.254486 -0.175296 -1.003730
v 0.992115 -0.125333 -0.052674
v 0.985935 -0.154887 -0.115464
v 0.975006 -0.183454 -0.178007
v 0.959432 -0.210664 -0.240055
v 0.939352 -0.236158 -0.301363
v 0.914943 -0.259593 -0.361691
v 0.886411 -0.280641 -0.420798
v 0.853998 -0.298999 -0.478453
v 0.817971 -0.314383 -0.534427
v 0.778629 -0.326538 -0.588500
v 0.736291 -0.335237 -0.640459
v 0.691302 -0.340282 -0.690098
v 0.644023 -0.341511 -0.737221
v 0.594832 -0.338791 -0.781642
v 0.544120 -0.332028 -0.823187
v 0.492287 -0.321162 -0.861691
v 0.439737 -0.306172 -0.897002
v 0.386881 -0.287071 -0.928980
v 0.334123 -0.263912 -0.957501
v 0.281868 -0.236783 -0.982450
v 0.230509 -0.205809 -1.003730
v 0.180429 -0.171149 -1.021257
v 0.131998 -0.132997 -1.034961
v 0.085567 -0.091579 -1.044788
v 0.041465 -0.047152 -1.050700
v 0.968583 -0.248690 -0.052674
v 0.958748 -0.277236 -0.115464
v 0.944325 -0.304208 -0.178007
v 0.925463 -0.329251 -0.240055
v 0.902347 -0.352028 -0.301363
v 0.875193 -0.372218 -0.361691
v 0.844248 -0.389525 -0.420798
v 0.809789 -0.403675 -0.478453
v 0.772119 -0.414423 -0.534427
v 0.731563 -0.421551 -0.588500
v 0.688469 -0.424875 -0.640459
v 0.643202 -0.424242 -0.690098
v 0.596142 -0.419535 -0.737221
v 0.547680 -0.410672 -0.781642
v 0.498216 -0.397606 -0.823187
v 0.448153 -0.380330 -0.861691
v 0.397897 -0.358871 -0.897002
v 0.347851 -0.333297 -0.928980
v 0.298412 -0.303708 -0.957501
v 0.249968 -0.270244 -0.982450
v 0.202896 -0.233076 -1.003730
v 0.157556 -0.192413 -1.021257
v 0.114289 -0.148492 -1.034961
v 0.073414 -0.101581 -1.044788
v 0.035228 -0.051977 -1.050700
v 0.929776 -0.368125 -0.052674
v 0.916441 -0.395213 -0.115464
v 0.898751 -0.420164 -0.178007
v 0.876899 -0.442646 -0.240055
v 0.851111 -0.462346 -0.301363
v 0.821640 -0.478974 -0.361691
v 0.788770 -0.492266 -0.420798
v 0.752810 -0.501986 -0.478453
v 0.714089 -0.507927 -0.534427
v 0.672960 -0.509916 -0.588500
v 0.629789 -0.507813 -0.640459
v 0.584959 -0.501512 -0.690098
v 0.538860 -0.490943 -0.737221
v 0.491891 -0.476076 -0.781642
v 0.444454 -0.456914 -0.823187
v 0.396951 -0.433499 -0.861691
v 0.349780 -0.405911 -0.897002
v 0.303334 -0.374266 -0.928980
v 0.257994 -0.338714 -0.957501
v 0.214127 -0.299442 -0.982450
v 0.172084 -0.256668 -1.003730
v 0.132198 -0.210643 -1.021257
v 0.094776 -0.161645 -1.034961
v 0.060104 -0.109982 -1.044788
v 0.028436 -0.055983 -1.050700
v 0.876307 -0.481754 -0.052674
v 0.859681 -0.506957 -0.115464
v 0.839004 -0.529495 -0.178007
v 0.814506 -0.549061 -0.240055
v 0.786452 -0.565373 -0.301363
v 0.755130 -0.578176 -0.361691
v 0.720853 -0.587243 -0.420798
v 0.683958 -0.592379 -0.478453
v 0.644798 -0.593421 -0.534427
v 0.603744 -0.590240 -0.588500
v 0.561178 -0.582742 -0.640459
v 0.517490 -0.570872 -0.690098
v 0.473079 -0.554609 -0.737221
v 0.428344 -0.533972 -0.781642
v 0.383683 -0.509016 -0.823187
v 0.339489 -0.479832 -0.861691
v 0.296148 -0.446550 -0.897002
v 0.254035 -0.409333 -0.928980
v 0.213507 -0.368378 -0.957501
v 0.174908 -0.323918 -0.982450
v 0.138558 -0.276212 -1.003730
v 0.104755 -0.225551 -1.021257
v 0.073769 -0.172249 -1.034961
v 0.045845 -0.116647 -1.044788
v 0.021195 -0.059105 -1.050700
v 0.809017 -0.587785 -0.052674
v 0.789364 -0.610706 -0.115464
v 0.766025 -0.630475 -0.178007
v 0.739268 -0.646816 -0.240055
v 0.709391 -0.659483 -0.301363
v 0.676711 -0.668260 -0.361691
v 0.641568 -0.672960 -0.420798
v 0.604320 -0.673431 -0.478453
v 0.565339 -0.669556 -0.534427
v 0.525007 -0.661255 -0.588500
v 0.483716 -0.648481 -0.640459
v 0.441860 -0.631229 -0.690098
v 0.399838 -0.609529 -0.737221
v 0.358042 -0.583447 -0.781642
v 0.316861 -0.553090 -0.823187
v 0.276673 -0.518598 -0.861691
v 0.237845 -0.480146 -0.897002
v 0.200729 -0.437944 -0.928980
v 0.165654 -0.392233 -0.957501
v 0.132931 -0.343286 -0.982450
v 0.102847 -0.291400 -1.003730
v 0.075660 -0.236901 -1.021257
v 0.051599 -0.180137 -1.034961
v 0.030864 -0.121473 -1.044788
v 0.013620 -0.061295 -1.050700
v 0.728969 -0.684547 -0.052674
v 0.706598 -0.704824 -0.115464
v 0.680965 -0.721511 -0.178007
v 0.652371 -0.734370 -0.240055
v 0.621142 -0.743193 -0.301363
v 0.587620 -0.747805 -0.361691
v 0.552165 -0.748063 -0.420798
v 0.515152 -0.743862 -0.478453
v 0.476963 -0.735132 -0.534427
v 0.437990 -0.721841 -0.588500
v 0.398625 -0.703994 -0.640459
v 0.359262 -0.681632 -0.690098
v 0.320291 -0.654835 -0.737221
v 0.282093 -0.623721 -0.781642
v 0.245041 -0.588442 -0.823187
v 0.209494 -0.549185 -0.861691
v 0.175792 -0.506170 -0.897002
v 0.144257 -0.459648 -0.928980
v 0.115188 -0.409902 -0.957501
v 0.088858 -0.357239 -0.982450
v 0.065514 -0.301992 -1.003730
v 0.045372 -0.244516 -1.021257
v 0.028615 -0.185184 -1.034961
v 0.015396 -0.124384 -1.044788
v 0.005831 -0.062519 -1.050700
v 0.637424 -0.770513 -0.052674
v 0.612688 -0.787827 -0.115464
v 0.585166 -0.801170 -0.178007
v 0.555186 -0.810344 -0.240055
v 0.523097 -0.815183 -0.301363
v 0.489261 -0.815556 -0.361691
v 0.454054 -0.811369 -0.420798
v 0.417859 -0.802562 -0.478453
v 0.381066 -0.789115 -0.534427
v 0.344065 -0.771044 -0.588500
v 0.307248 -0.748403 -0.640459
v 0.270998 -0.721284 -0.690098
v 0.235693 -0.689815 -0.737221
v 0.201696 -0.654159 -0.781642
v 0.169358 -0.614514 -0.823187
v 0.139011 -0.571111 -0.861691
v 0.110966 -0.524211 -0.897002
v 0.085510 -0.474104 -0.928980
v 0.062905 -0.421107 -0.957501
v 0.043383 -0.365559 -0.982450
v 0.027148 -0.307822 -1.003730
v 0.014368 -0.248274 -1.021257
v 0.005180 -0.187310 -1.034961
v -0.000315 -0.125333 -1.044788
v -0.002051 -0.062757 -1.050700
v 0.535827 -0.844328 -0.052674
v 0.509116 -0.858405 -0.115464
v 0.480139 -0.868193 -0.178007
v 0.449246 -0.873537 -0.240055
v 0.416803 -0.874316 -0.301363
v 0.383187 -0.870446 -0.361691
v 0.348782 -0.861879 -0.420798
v 0.313976 -0.848606 -0.478453
v 0.279159 -0.830653 -0.534427
v 0.244715 -0.808087 -0.588500
v 0.211025 -0.781010 -0.640459
v 0.178460 -0.749562 -0.690098
v 0.147377 -0.713916 -0.737221
v 0.118118 -0.674280 -0.781642
v 0.091004 -0.630895 -0.823187
v 0.066336 -0.584030 -0.861691
v 0.044390 -0.533985 -0.897002
v 0.025415 -0.481083 -0.928980
v 0.009630 -0.425670 -0.957501
v -0.002775 -0.368114 -0.982450
v -0.011647 -0.308797 -1.003730
v -0.016863 -0.248117 -1.021257
v -0.018337 -0.186482 -1.034961
v -0.016021 -0.124305 -1.044788
v -0.009900 -0.062005 -1.050700
v 0.425779 -0.904827 -0.052674
v 0.397515 -0.915445 -0.115464
v 0.367539 -0.921524 -0.178007
v 0.336220 -0.922954 -0.240055
v 0.303935 -0.919661 -0.301363
v 0.271070 -0.911608 -0.361691
v 0.238010 -0.898797 -0.420798
v 0.205142 -0.881266 -0.478453
v 0.172849 -0.859091 -0.534427
v 0.141505 -0.832386 -0.588500
v 0.111475 -0.801300 -0.640459
v 0.083108 -0.766018 -0.690098
v 0.056738 -0.726757 -0.737221
v 0.032677 -0.683767 -0.781642
v 0.011214 -0.637326 -0.823187
v -0.007386 -0.587739 -0.861691
v -0.022886 -0.535338 -0.897002
v -0.035081 -0.480475 -0.928980
v -0.043796 -0.423521 -0.957501
v -0.048890 -0.364864 -0.982450
v -0.050257 -0.304903 -1.003730
v -0.047827 -0.244048 -1.021257
v -0.041565 -0.182713 -1.034961
v -0.031474 -0.121317 -1.044788
v -0.017594 -0.060275 -1.050700
v 0.309017 -0.951057 -0.052674
v 0.279645 -0.958048 -0.115464
v 0.249143 -0.960323 -0.178007
v 0.217892 -0.957816 -0.240055
v 0.186275 -0.950503 -0.301363
v 0.154677 -0.938394 -0.361691
v 0.123484 -0.921540 -0.420798
v 0.093073 -0.900028 -0.478453
v 0.063813 -0.873980 -0.534427
v 0.036064 -0.843558 -0.588500
v 0.010166 -0.808953 -0.640459
v -0.013555 -0.770394 -0.690098
v -0.034796 -0.728138 -0.737221
v -0.053280 -0.682471 -0.781642
v -0.068753 -0.633705 -0.823187
v -0.080991 -0.582179 -0.861691
v -0.089801 -0.528248 -0.897002
v -0.095024 -0.472289 -0.928980
v -0.096532 -0.414692 -0.957501
v -0.094234 -0.355859 -0.982450
v -0.088076 -0.296200 -1.003730
v -0.078037 -0.236129 -1.021257
v -0.064137 -0.176063 -1.034961
v -0.046431 -0.116415 -1.044788
v -0.025009 -0.057595 -1.050700
v 0.187381 -0.982287 -0.052674
v 0.157365 -0.985543 -0.115464
v 0.126819 -0.983976 -0.178007
v 0.096128 -0.977572 -0.240055
v 0.065676 -0.966354 -0.301364
v 0.035846 -0.950381 -0.361691
v 0.007010 -0.929750 -0.420798
v -0.020465 -0.904596 -0.478453
v -0.046229 -0.875087 -0.534427
v -0.069946 -0.841426 -0.588500
v -0.091303 -0.803849 -0.640459
v -0.110004 -0.762621 -0.690098
v -0.125782 -0.718035 -0.737221
v -0.138396 -0.670411 -0.781642
v -0.147635 -0.620092 -0.823187
v -0.153319 -0.567437 -0.861691
v -0.155300 -0.512828 -0.897002
v -0.153468 -0.456655 -0.928980
v -0.147746 -0.399323 -0.957501
v -0.138092 -0.341242 -0.982450
v -0.124505 -0.282825 -1.003730
v -0.107017 -0.224486 -1.021257
v -0.085698 -0.166636 -1.034961
v -0.060655 -0.109678 -1.044788
v -0.032031 -0.054006 -1.050700
v 0.062791 -0.998027 -0.052674
v 0.032602 -0.997495 -0.115464
v 0.002494 -0.992112 -0.178007
v -0.027153 -0.981912 -0.240055
v -0.055958 -0.966966 -0.301364
v -0.083551 -0.947380 -0.361691
v -0.109573 -0.923298 -0.420798
v -0.133679 -0.894898 -0.478453
v -0.155542 -0.862392 -0.534427
v -0.174854 -0.826024 -0.588500
v -0.191332 -0.786067 -0.640459
v -0.204718 -0.742820 -0.690098
v -0.214784 -0.696608 -0.737221
v -0.221329 -0.647779 -0.781642
v -0.224189 -0.596698 -0.823187
v -0.223228 -0.543747 -0.861691
v -0.218350 -0.489320 -0.897002
v -0.209492 -0.433820 -0.928980
v -0.196629 -0.377657 -0.957501
v -0.179772 -0.321244 -0.982450
v -0.158970 -0.264990 -1.003730
v -0.134308 -0.209303 -1.021257
v -0.105907 -0.154581 -1.034961
v -0.073923 -0.101211 -1.044788
v -0.038547 -0.049566 -1.050700
v -0.062791 -0.998027 -0.052674
v -0.092674 -0.993715 -0.115464
v -0.121871 -0.984601 -0.178007
v -0.150005 -0.970766 -0.240055
v -0.176710 -0.952327 -0.301364
v -0.201631 -0.929437 -0.361691
v -0.224429 -0.902284 -0.420798
v -0.244786 -0.871087 -0.478453
v -0.262402 -0.836098 -0.534427
v -0.277003 -0.797596 -0.588500
v -0.288343 -0.755888 -0.640459
v -0.296204 -0.711305 -0.690098
v -0.300398 -0.664196 -0.737221
v -0.300773 -0.614931 -0.781642
v -0.297207 -0.563895 -0.823187
v -0.289618 -0.511482 -0.861691
v -0.277956 -0.458095 -0.897002
v -0.262212 -0.404143 -0.928980
v -0.242412 -0.350035 -0.957501
v -0.218617 -0.296179 -0.982450
v -0.190929 -0.242977 -1.003730
v -0.159482 -0.190820 -1.021257
v -0.124446 -0.140089 -1.034961
v -0.086026 -0.091148 -1.044788
v -0.044455 -0.044344 -1.050700
v -0.187381 -0.982288 -0.052674
v -0.216489 -0.974264 -0.115464
v -0.244313 -0.961563 -0.178007
v -0.270491 -0.944311 -0.240055
v -0.294675 -0.922670 -0.301364
v -0.316530 -0.896837 -0.361691
v -0.335746 -0.867041 -0.420798
v -0.352031 -0.833539 -0.478453
v -0.365123 -0.796617 -0.534427
v -0.374784 -0.756589 -0.588500
v -0.380807 -0.713789 -0.640459
v -0.383018 -0.668572 -0.690098
v -0.381275 -0.621309 -0.737221
v -0.375472 -0.572386 -0.781642
v -0.365538 -0.522199 -0.823187
v -0.351440 -0.471150 -0.861691
v -0.333179 -0.419645 -0.897002
v -0.310797 -0.368092 -0.928980
v -0.284371 -0.316893 -0.957501
v -0.254015 -0.266444 -0.982450
v -0.219876 -0.217131 -1.003730
v -0.182140 -0.169327 -1.021257
v -0.141023 -0.123387 -1.034961
v -0.096771 -0.079647 -1.044788
v -0.049662 -0.038422 -1.050700
v -0.309017 -0.951057 -0.052674
v -0.336889 -0.939449 -0.115464
v -0.362902 -0.923360 -0.178007
v -0.386712 -0.902963 -0.240055
v -0.407992 -0.878462 -0.301364
v -0.426438 -0.850094 -0.361691
v -0.441767 -0.818124 -0.420798
v -0.453726 -0.782845 -0.478453
v -0.462087 -0.744573 -0.534427
v -0.466655 -0.703650 -0.588501
v -0.467266 -0.660433 -0.640459
v -0.463792 -0.615295 -0.690098
v -0.456140 -0.568623 -0.737221
v -0.444250 -0.520813 -0.781642
v -0.428105 -0.472267 -0.823187
v -0.407719 -0.423387 -0.861691
v -0.383147 -0.374578 -0.897002
v -0.354481 -0.326236 -0.928980
v -0.321846 -0.278753 -0.957501
v -0.285406 -0.232506 -0.982450
v -0.245356 -0.187861 -1.003730
v -0.201926 -0.145163 -1.021257
v -0.155375 -0.104739 -1.034961
v -0.105991 -0.066891 -1.044788
v -0.054086 -0.031895 -1.050700
v -0.425779 -0.904827 -0.052674
v -0.451977 -0.889818 -0.115464
v -0.475768 -0.870596 -0.178007
v -0.496834 -0.847375 -0.240055
v -0.514876 -0.820401 -0.301364
v -0.529620 -0.789944 -0.361691
v -0.540822 -0.756305 -0.420798
v -0.548264 -0.719805 -0.478453
v -0.551763 -0.680787 -0.534427
v -0.551166 -0.639614 -0.588501
v -0.546356 -0.596661 -0.640459
v -0.537252 -0.552315 -0.690098
v -0.523810 -0.506970 -0.737221
v -0.506023 -0.461027 -0.781642
v -0.483920 -0.414887 -0.823187
v -0.457569 -0.368948 -0.861691
v -0.427073 -0.323603 -0.897002
v -0.392574 -0.279236 -0.928980
v -0.354245 -0.236217 -0.957501
v -0.312296 -0.194902 -0.982450
v -0.266967 -0.155628 -1.003730
v -0.218528 -0.118710 -1.021257
v -0.167277 -0.084439 -1.034961
v -0.113538 -0.053079 -1.044788
v -0.057657 -0.024865 -1.050700
v -0.535827 -0.844328 -0.052674
v -0.559937 -0.826153 -0.115464
v -0.581131 -0.804101 -0.178007
v -0.599121 -0.778424 -0.240055
v -0.613639 -0.749400 -0.301364
v -0.624450 -0.717336 -0.361691
v -0.631348 -0.682558 -0.420798
v -0.634157 -0.645413 -0.478453
v -0.632737 -0.606265 -0.534427
v -0.626984 -0.565491 -0.588501
v -0.616829 -0.523480 -0.640459
v -0.602239 -0.480624 -0.690098
v -0.583220 -0.437322 -0.737221
v -0.559814 -0.393970 -0.781642
v -0.532103 -0.350964 -0.823187
v -0.500202 -0.308690 -0.861691
v -0.464264 -0.267525 -0.897002
v -0.424476 -0.227831 -0.928980
v -0.381058 -0.189955 -0.957501
v -0.334261 -0.154224 -0.982450
v -0.284367 -0.120941 -1.003730
v -0.231683 -0.090385 -1.021257
v -0.176542 -0.062808 -1.034961
v -0.119296 -0.038430 -1.044788
v -0.060319 -0.017442 -1.050700
v -0.637424 -0.770514 -0.052674
v -0.659066 -0.749460 -0.115464
v -0.677330 -0.724926 -0.178007
v -0.691959 -0.697196 -0.240055
v -0.702725 -0.666582 -0.301364
v -0.709432 -0.633415 -0.361691
v -0.711916 -0.598047 -0.420798
v -0.710048 -0.560843 -0.478453
v -0.703733 -0.522181 -0.534427
v -0.692915 -0.482450 -0.588501
v -0.677575 -0.442043 -0.640459
v -0.657728 -0.401354 -0.690098
v -0.633432 -0.360776 -0.737221
v -0.604778 -0.320700 -0.781642
v -0.571895 -0.281507 -0.823187
v -0.534947 -0.243564 -0.861691
v -0.494133 -0.207228 -0.897002
v -0.449683 -0.172834 -0.928980
v -0.401861 -0.140698 -0.957501
v -0.350955 -0.111114 -0.982450
v -0.297283 -0.084347 -1.003730
v -0.241185 -0.060635 -1.021257
v -0.183021 -0.040186 -1.034961
v -0.123172 -0.023176 -1.044788
v -0.062030 -0.009745 -1.050700
v -0.728969 -0.684547 -0.052674
v -0.747801 -0.660948 -0.115464
v -0.762846 -0.634317 -0.178007
v -0.773884 -0.604973 -0.240055
v -0.780729 -0.573251 -0.301364
v -0.783226 -0.539505 -0.361691
v -0.781258 -0.504104 -0.420798
v -0.774741 -0.467428 -0.478453
v -0.763631 -0.429863 -0.534427
v -0.747919 -0.391801 -0.588501
v -0.727634 -0.353634 -0.640459
v -0.702845 -0.315754 -0.690098
v -0.673654 -0.278541 -0.737221
v -0.640203 -0.242373 -0.781642
v -0.602667 -0.207609 -0.823187
v -0.561255 -0.174597 -0.861691
v -0.516209 -0.143662 -0.897002
v -0.467799 -0.115111 -0.928980
v -0.416326 -0.089222 -0.957501
v -0.362114 -0.066251 -0.982450
v -0.305510 -0.046422 -1.003730
v -0.246882 -0.029929 -1.021257
v -0.186615 -0.016931 -1.034961
v -0.125105 -0.007555 -1.044788
v -0.062762 -0.001893 -1.050700
v -0.809017 -0.587786 -0.052674
v -0.824743 -0.562012 -0.115464
v -0.836332 -0.533706 -0.178007
v -0.843605 -0.503209 -0.240055
v -0.846420 -0.470879 -0.301364
v -0.844668 -0.437087 -0.361691
v -0.838278 -0.402212 -0.420798
v -0.827216 -0.366641 -0.478453
v -0.811485 -0.330765 -0.534427
v -0.791127 -0.294972 -0.588501
v -0.766219 -0.259649 -0.640459
v -0.736877 -0.225174 -0.690098
v -0.703253 -0.191914 -0.737221
v -0.665532 -0.160223 -0.781642
v -0.623935 -0.130438 -0.823187
v -0.578713 -0.102876 -0.861691
v -0.530144 -0.077831 -0.897002
v -0.478538 -0.055572 -0.928980
v -0.424226 -0.036339 -0.957501
v -0.367562 -0.020344 -0.982450
v -0.308919 -0.007766 -1.003730
v -0.248687 0.001250 -1.021257
v -0.187265 0.006592 -1.034961
v -0.125066 0.008184 -1.044788
v -0.062504 0.005988 -1.050700
v -0.876307 -0.481754 -0.052674
v -0.888679 -0.454212 -0.115464
v -0.896628 -0.424677 -0.178007
v -0.900022 -0.393510 -0.240055
v -0.898763 -0.361082 -0.301364
v -0.892789 -0.327775 -0.361691
v -0.882079 -0.293976 -0.420798
v -0.866646 -0.260073 -0.478453
v -0.846542 -0.226451 -0.534427
v -0.821858 -0.193492 -0.588501
v -0.792720 -0.161569 -0.640459
v -0.759288 -0.131043 -0.690098
v -0.721761 -0.102259 -0.737221
v -0.680366 -0.075546 -0.781642
v -0.635364 -0.051210 -0.823187
v -0.587043 -0.029533 -0.861691
v -0.535719 -0.010773 -0.897002
v -0.481729 0.004843 -0.928980
v -0.425435 0.017117 -0.957501
v -0.367213 0.025884 -0.982450
v -0.307457 0.031013 -1.003730
v -0.246569 0.032409 -1.021257
v -0.184963 0.030010 -1.034961
v -0.123054 0.023794 -1.044788
v -0.061261 0.013774 -1.050700
v -0.929777 -0.368125 -0.052674
v -0.938599 -0.339250 -0.115464
v -0.942784 -0.308951 -0.178007
v -0.942245 -0.277604 -0.240055
v -0.936931 -0.245590 -0.301364
v -0.926830 -0.213294 -0.361691
v -0.911969 -0.181104 -0.420798
v -0.892408 -0.149402 -0.478453
v -0.868249 -0.118565 -0.534427
v -0.839629 -0.088960 -0.588501
v -0.806719 -0.060941 -0.640459
v -0.769725 -0.034846 -0.690098
v -0.728886 -0.010992 -0.737221
v -0.684469 0.010322 -0.781642
v -0.636772 0.028826 -0.823187
v -0.586115 0.044276 -0.861691
v -0.532845 0.056455 -0.897002
v -0.477324 0.065181 -0.928980
v -0.419935 0.070303 -0.957501
v -0.361074 0.071704 -0.982450
v -0.301145 0.069303 -1.003730
v -0.240563 0.063057 -1.021257
v -0.179743 0.052956 -1.034961
v -0.119101 0.039029 -1.044788
v -0.059052 0.021344 -1.050700
v -0.968584 -0.248690 -0.052674
v -0.973717 -0.218937 -0.115464
v -0.974072 -0.188353 -0.178007
v -0.969608 -0.157320 -0.240055
v -0.960324 -0.126224 -0.301364
v -0.946255 -0.095450 -0.361691
v -0.927476 -0.065376 -0.420798
v -0.904096 -0.036376 -0.478453
v -0.876263 -0.008810 -0.534427
v -0.844158 0.016975 -0.588501
v -0.807995 0.040648 -0.640459
v -0.768023 0.061901 -0.690098
v -0.724516 0.080448 -0.737221
v -0.677779 0.096027 -0.781642
v -0.628138 0.108408 -0.823187
v -0.575945 0.117386 -0.861691
v -0.521567 0.122793 -0.897002
v -0.465391 0.124492 -0.928980
v -0.407812 0.122380 -0.957501
v -0.349240 0.116393 -0.982450
v -0.290085 0.106500 -1.003730
v -0.230763 0.092710 -1.021257
v -0.171688 0.075066 -1.034961
v -0.113270 0.053649 -1.044788
v -0.055911 0.028577 -1.050700
v -0.992115 -0.125333 -0.052674
v -0.993479 -0.095171 -0.115464
v -0.989998 -0.064784 -0.178007
v -0.981680 -0.034556 -0.240055
v -0.968571 -0.004869 -0.301364
v -0.950757 0.023900 -0.361691
v -0.928356 0.051383 -0.420798
v -0.901526 0.077224 -0.478453
v -0.870457 0.101085 -0.534427
v -0.835374 0.122642 -0.588501
v -0.796530 0.141596 -0.640459
v -0.754209 0.157672 -0.690098
v -0.708720 0.170620 -0.737221
v -0.660399 0.180218 -0.781642
v -0.609598 0.186279 -0.823187
v -0.556691 0.188646 -0.861691
v -0.502065 0.187195 -0.897002
v -0.446118 0.181839 -0.928980
v -0.389258 0.172528 -0.957501
v -0.331898 0.159247 -0.982450
v -0.274449 0.142018 -1.003730
v -0.217324 0.120901 -1.021257
v -0.160926 0.095992 -1.034961
v -0.105653 0.067423 -1.044788
v -0.051888 0.035359 -1.050700
v -1.000001 0.000000 -0.052674
v -0.997574 0.030095 -0.115464
v -0.990311 0.059806 -0.178007
v -0.978270 0.088754 -0.240055
v -0.961544 0.116564 -0.301364
v -0.940264 0.142873 -0.361691
v -0.914596 0.167331 -0.420798
v -0.884739 0.189606 -0.478453
v -0.850924 0.209385 -0.534427
v -0.813415 0.226375 -0.588501
v -0.772502 0.240312 -0.640459
v -0.728500 0.250956 -0.690098
v -0.681748 0.258100 -0.737221
v -0.632604 0.261567 -0.781642
v -0.581444 0.261214 -0.823187
v -0.528657 0.256930 -0.861691
v -0.474644 0.248644 -0.897002
v -0.419810 0.236319 -0.928980
v -0.364566 0.219955 -0.957501
v -0.309322 0.199589 -0.982450
v -0.254486 0.175296 -1.003730
v -0.200457 0.147186 -1.021257
v -0.147626 0.115405 -1.034961
v -0.096370 0.080133 -1.044788
v -0.047048 0.041583 -1.050700
v -0.992115 0.125333 -0.052674
v -0.985936 0.154887 -0.115464
v -0.975006 0.183454 -0.178007
v -0.959432 0.210664 -0.240055
v -0.939353 0.236158 -0.301364
v -0.914943 0.259593 -0.361691
v -0.886412 0.280641 -0.420798
v -0.853998 0.298999 -0.478453
v -0.817972 0.314383 -0.534427
v -0.778629 0.326538 -0.588501
v -0.736292 0.335237 -0.640459
v -0.691303 0.340282 -0.690098
v -0.644023 0.341511 -0.737221
v -0.594833 0.338791 -0.781642
v -0.544121 0.332028 -0.823187
v -0.492287 0.321162 -0.861691
v -0.439738 0.306172 -0.897002
v -0.386881 0.287071 -0.928980
v -0.334123 0.263912 -0.957501
v -0.281868 0.236783 -0.982450
v -0.230508 0.205809 -1.003730
v -0.180429 0.171149 -1.021257
v -0.131998 0.132997 -1.034961
v -0.085566 0.091579 -1.044788
v -0.041465 0.047152 -1.050700
v -0.968584 0.248690 -0.052674
v -0.958749 0.277236 -0.115464
v -0.944325 0.304208 -0.178007
v -0.925464 0.329251 -0.240055
v -0.902347 0.352028 -0.301364
v -0.875193 0.372219 -0.361691
v -0.844249 0.389525 -0.420798
v -0.809790 0.403675 -0.478453
v -0.772119 0.414423 -0.534427
v -0.731563 0.421551 -0.588501
v -0.688470 0.424875 -0.640459
v -0.643203 0.424242 -0.690098
v -0.596142 0.419535 -0.737221
v -0.547680 0.410672 -0.781642
v -0.498216 0.397606 -0.823187
v -0.448153 0.380330 -0.861691
v -0.397897 0.358872 -0.897002
v -0.347851 0.333297 -0.928980
v -0.298412 0.303708 -0.957501
v -0.249968 0.270244 -0.982450
v -0.202896 0.233076 -1.003730
v -0.157556 0.192413 -1.021257
v -0.114288 0.148492 -1.034961
v -0.073414 0.101581 -1.044788
v -0.035228 0.051977 -1.050700
v -0.929777 0.368125 -0.052674
v -0.916442 0.395213 -0.115464
v -0.898752 0.420165 -0.178007
v -0.876900 0.442647 -0.240055
v -0.851111 0.462347 -0.301364
v -0.821640 0.478974 -0.361691
v -0.788771 0.492266 -0.420798
v -0.752810 0.501986 -0.478453
v -0.714090 0.507927 -0.534427
v -0.672960 0.509916 -0.588500
v -0.629790 0.507813 -0.640459
v -0.584959 0.501512 -0.690098
v -0.538860 0.490944 -0.737221
v -0.491891 0.476076 -0.781642
v -0.444454 0.456914 -0.823187
v -0.396951 0.433499 -0.861691
v -0.349781 0.405912 -0.897002
v -0.303335 0.374266 -0.928980
v -0.257994 0.338714 -0.957501
v -0.214127 0.299442 -0.982450
v -0.172084 0.256668 -1.003730
v -0.132198 0.210643 -1.021257
v -0.094776 0.161645 -1.034961
v -0.060103 0.109982 -1.044788
v -0.028436 0.055983 -1.050700
v -0.876307 0.481754 -0.052674
v -0.859682 0.506957 -0.115464
v -0.839004 0.529495 -0.178007
v -0.814507 0.549061 -0.240055
v -0.786453 0.565373 -0.301364
v -0.755130 0.578176 -0.361691
v -0.720854 0.587244 -0.420798
v -0.683959 0.592380 -0.478453
v -0.644799 0.593421 -0.534427
v -0.603744 0.590240 -0.588501
v -0.561178 0.582742 -0.640459
v -0.517491 0.570872 -0.690098
v -0.473079 0.554610 -0.737221
v -0.428344 0.533972 -0.781642
v -0.383683 0.509016 -0.823187
v -0.339489 0.479832 -0.861691
v -0.296148 0.446550 -0.897002
v -0.254035 0.409333 -0.928980
v -0.213507 0.368379 -0.957501
v -0.174908 0.323918 -0.982450
v -0.138558 0.276212 -1.003730
v -0.104755 0.225551 -1.021257
v -0.073769 0.172249 -1.034961
v -0.045845 0.116647 -1.044788
v -0.021195 0.059105 -1.050700
v -0.809017 0.587786 -0.052674
v -0.789365 0.610707 -0.115464
v -0.766025 0.630475 -0.178007
v -0.739269 0.646816 -0.240055
v -0.709391 0.659484 -0.301364
v -0.676711 0.668260 -0.361691
v -0.641569 0.672960 -0.420798
v -0.604321 0.673431 -0.478453
v -0.565339 0.669557 -0.534427
v -0.525007 0.661255 -0.588501
v -0.483716 0.648481 -0.640459
v -0.441861 0.631230 -0.690098
v -0.399838 0.609529 -0.737221
v -0.358042 0.583448 -0.781642
v -0.316861 0.553091 -0.823187
v -0.276673 0.518598 -0.861691
v -0.237846 0.480146 -0.897002
v -0.200729 0.437944 -0.928980
v -0.165654 0.392233 -0.957501
v -0.132931 0.343286 -0.982450
v -0.102847 0.291400 -1.003730
v -0.075660 0.236901 -1.021257
v -0.051599 0.180137 -1.034961
v -0.030864 0.121473 -1.044788
v -0.013620 0.061295 -1.050700
v -0.728969 0.684548 -0.052674
v -0.706599 0.704825 -0.115464
v -0.680965 0.721512 -0.178007
v -0.652372 0.734371 -0.240055
v -0.621142 0.743194 -0.301364
v -0.587620 0.747805 -0.361691
v -0.552165 0.748064 -0.420798
v -0.515152 0.743863 -0.478453
v -0.476963 0.735133 -0.534427
v -0.437990 0.721842 -0.588501
v -0.398625 0.703994 -0.640459
v -0.359263 0.681632 -0.690098
v -0.320291 0.654836 -0.737221
v -0.282093 0.623721 -0.781642
v -0.245042 0.588442 -0.823187
v -0.209494 0.549185 -0.861691
v -0.175792 0.506170 -0.897002
v -0.144257 0.459649 -0.928980
v -0.115188 0.409902 -0.957501
v -0.088858 0.357239 -0.982450
v -0.065514 0.301992 -1.003730
v -0.045371 0.244516 -1.021257
v -0.028615 0.185184 -1.034961
v -0.015396 0.124384 -1.044788
v -0.005831 0.062519 -1.050700
v -0.637424 0.770514 -0.052674
v -0.612689 0.787827 -0.115464
v -0.585166 0.801170 -0.178007
v -0.555187 0.810344 -0.240055
v -0.523097 0.815183 -0.301364
v -0.489261 0.815557 -0.361691
v -0.454054 0.811369 -0.420798
v -0.417859 0.802563 -0.478453
v -0.381066 0.789115 -0.534427
v -0.344065 0.771044 -0.588500
v -0.307248 0.748404 -0.640459
v -0.270999 0.721285 -0.690098
v -0.235693 0.689815 -0.737221
v -0.201696 0.654159 -0.781642
v -0.169358 0.614514 -0.823187
v -0.139011 0.571111 -0.861691
v -0.110966 0.524211 -0.897002
v -0.085510 0.474104 -0.928980
v -0.062905 0.421107 -0.957501
v -0.043383 0.365560 -0.982450
v -0.027148 0.307822 -1.003730
v -0.014368 0.248274 -1.021257
v -0.005180 0.187310 -1.034961
v 0.000315 0.125333 -1.044788
v 0.002051 0.062757 -1.050700
v -0.535827 0.844329 -0.052674
v -0.509117 0.858405 -0.115464
v -0.480139 0.868193 -0.178007
v -0.449246 0.873538 -0.240055
v -0.416803 0.874317 -0.301364
v -0.383187 0.870447 -0.361691
v -0.348782 0.861880 -0.420798
v -0.313977 0.848606 -0.478453
v -0.279159 0.830653 -0.534427
v -0.244715 0.808087 -0.588500
v -0.211026 0.781011 -0.640459
v -0.178461 0.749562 -0.690098
v -0.147377 0.713916 -0.737221
v -0.118118 0.674280 -0.781642
v -0.091003 0.630895 -0.823187
v -0.066336 0.584030 -0.861691
v -0.044390 0.533985 -0.897002
v -0.025415 0.481083 -0.928980
v -0.009630 0.425671 -0.957501
v 0.002775 0.368114 -0.982450
v 0.011647 0.308797 -1.003730
v 0.016863 0.248117 -1.021257
v 0.018337 0.186482 -1.034961
v 0.016021 0.124305 -1.044788
v 0.009901 0.062005 -1.050700
v -0.425780 0.904828 -0.052674
v -0.397515 0.915446 -0.115464
v -0.367540 0.921525 -0.178007
v -0.336220 0.922955 -0.240055
v -0.303936 0.919662 -0.301364
v -0.271070 0.911609 -0.361691
v -0.238010 0.898798 -0.420798
v -0.205143 0.881266 -0.478453
v -0.172849 0.859091 -0.534427
v -0.141505 0.832386 -0.588500
v -0.111475 0.801301 -0.640459
v -0.083108 0.766019 -0.690098
v -0.056738 0.726758 -0.737221
v -0.032677 0.683767 -0.781642
v -0.011214 0.637326 -0.823187
v 0.007386 0.587739 -0.861691
v 0.022886 0.535338 -0.897002
v 0.035081 0.480475 -0.928980
v 0.043796 0.423521 -0.957501
v 0.048891 0.364864 -0.982450
v 0.050258 0.304903 -1.003730
v 0.047827 0.244048 -1.021257
v 0.041565 0.182713 -1.034961
v 0.031474 0.121317 -1.044788
v 0.017594 0.060275 -1.050700
v -0.309017 0.951057 -0.052674
v -0.279645 0.958049 -0.115464
v -0.249144 0.960323 -0.178007
v -0.217892 0.957817 -0.240055
v -0.186275 0.950503 -0.301364
v -0.154677 0.938395 -0.361691
v -0.123484 0.921541 -0.420798
v -0.093073 0.900028 -0.478453
v -0.063813 0.873981 -0.534427
v -0.036064 0.843558 -0.588500
v -0.010167 0.808954 -0.640459
v 0.013555 0.770395 -0.690098
v 0.034797 0.728138 -0.737221
v 0.053280 0.682471 -0.781642
v 0.068753 0.633706 -0.823187
v 0.080991 0.582179 -0.861691
v 0.089802 0.528248 -0.897002
v 0.095024 0.472289 -0.928980
v 0.096532 0.414692 -0.957501
v 0.094235 0.355859 -0.982450
v 0.088076 0.296200 -1.003730
v 0.078037 0.236129 -1.021257
v 0.064137 0.176063 -1.034961
v 0.046431 0.116415 -1.044788
v 0.025010 0.057595 -1.050700
v -0.187381 0.982288 -0.052674
v -0.157365 0.985544 -0.115464
v -0.126819 0.983977 -0.178007
v -0.096128 0.977573 -0.240055
v -0.065676 0.966355 -0.301364
v -0.035846 0.950381 -0.361691
v -0.007010 0.929751 -0.420798
v 0.020465 0.904597 -0.478453
v 0.046229 0.875087 -0.534427
v 0.069946 0.841426 -0.588500
v 0.091302 0.803849 -0.640459
v 0.110004 0.762621 -0.690098
v 0.125782 0.718035 -0.737221
v 0.138396 0.670412 -0.781642
v 0.147635 0.620092 -0.823187
v 0.153319 0.567438 -0.861691
v 0.155301 0.512828 -0.897002
v 0.153468 0.456656 -0.928980
v 0.147746 0.399324 -0.957501
v 0.138093 0.341242 -0.982450
v 0.124505 0.282825 -1.003730
v 0.107017 0.224486 -1.021257
v 0.085698 0.166636 -1.034961
v 0.060656 0.109678 -1.044788
v 0.032031 0.054006 -1.050700
v -0.062791 0.998027 -0.052674
v -0.032602 0.997495 -0.115464
v -0.002494 0.992113 -0.178007
v 0.027153 0.981913 -0.240055
v 0.055958 0.966966 -0.301364
v 0.083551 0.947380 -0.361691
v 0.109573 0.923298 -0.420798
v 0.133679 0.894899 -0.478453
v 0.155542 0.862393 -0.534427
v 0.174854 0.826025 -0.588500
v 0.191332 0.786067 -0.640459
v 0.204718 0.742821 -0.690098
v 0.214784 0.696609 -0.737221
v 0.221330 0.647780 -0.781642
v 0.224189 0.596699 -0.823187
v 0.223228 0.543747 -0.861691
v 0.218350 0.489320 -0.897002
v 0.209492 0.433820 -0.928980
v 0.196629 0.377658 -0.957501
v 0.179773 0.321244 -0.982450
v 0.158971 0.264991 -1.003730
v 0.134308 0.209303 -1.021257
v 0.105908 0.154581 -1.034961
v 0.073924 0.101211 -1.044788
v 0.038547 0.049566 -1.050700
v 0.062791 0.998028 -0.052674
v 0.092674 0.993716 -0.115464
v 0.121871 0.984602 -0.178007
v 0.150005 0.970767 -0.240055
v 0.176710 0.952328 -0.301363
v 0.201631 0.929438 -0.361691
v 0.224429 0.902285 -0.420798
v 0.244786 0.871088 -0.478453
v 0.262402 0.836098 -0.534427
v 0.277003 0.797597 -0.588500
v 0.288343 0.755889 -0.640459
v 0.296204 0.711305 -0.690098
v 0.300399 0.664196 -0.737221
v 0.300773 0.614932 -0.781642
v 0.297207 0.563895 -0.823187
v 0.289618 0.511482 -0.861691
v 0.277957 0.458095 -0.897002
v 0.262213 0.404143 -0.928980
v 0.242412 0.350035 -0.957501
v 0.218618 0.296180 -0.982450
v 0.190929 0.242977 -1.003730
v 0.159482 0.190820 -1.021257
v 0.124447 0.140089 -1.034961
v 0.086026 0.091148 -1.044788
v 0.044455 0.044344 -1.050700
v 0.187382 0.982288 -0.052674
v 0.216489 0.974265 -0.115464
v 0.244313 0.961564 -0.178007
v 0.270492 0.944312 -0.240055
v 0.294675 0.922671 -0.301363
v 0.316530 0.896838 -0.361691
v 0.335746 0.867041 -0.420798
v 0.352032 0.833539 -0.478453
v 0.365123 0.796618 -0.534427
v 0.374784 0.756590 -0.588500
v 0.380808 0.713789 -0.640459
v 0.383019 0.668572 -0.690098
v 0.381276 0.621309 -0.737221
v 0.375472 0.572386 -0.781642
v 0.365539 0.522199 -0.823187
v 0.351440 0.471150 -0.861691
v 0.333179 0.419646 -0.897002
v 0.310797 0.368092 -0.928980
v 0.284371 0.316893 -0.957501
v 0.254015 0.266444 -0.982450
v 0.219877 0.217131 -1.003730
v 0.182140 0.169327 -1.021257
v 0.141023 0.123387 -1.034961
v 0.096771 0.079647 -1.044788
v 0.049663 0.038422 -1.050700
v 0.309017 0.951057 -0.052674
v 0.336890 0.939450 -0.115464
v 0.362902 0.923361 -0.178007
v 0.386712 0.902964 -0.240055
v 0.407993 0.878463 -0.301363
v 0.426438 0.850094 -0.361691
v 0.441768 0.818124 -0.420798
v 0.453726 0.782845 -0.478453
v 0.462087 0.744574 -0.534427
v 0.466655 0.703651 -0.588500
v 0.467266 0.660433 -0.640459
v 0.463793 0.615295 -0.690098
v 0.456140 0.568623 -0.737221
v 0.444251 0.520814 -0.781642
v 0.428105 0.472267 -0.823187
v 0.407719 0.423388 -0.861691
v 0.383148 0.374578 -0.897002
v 0.354481 0.326236 -0.928980
v 0.321846 0.278753 -0.957501
v 0.285406 0.232507 -0.982450
v 0.245357 0.187861 -1.003730
v 0.201927 0.145163 -1.021257
v 0.155376 0.104739 -1.034961
v 0.105991 0.066891 -1.044788
v 0.054087 0.031895 -1.050700
v 0.425780 0.904828 -0.052674
v 0.451977 0.889818 -0.115464
v 0.475769 0.870596 -0.178007
v 0.496834 0.847376 -0.240055
v 0.514876 0.820401 -0.301363
v 0.529620 0.789944 -0.361691
v 0.540822 0.756305 -0.420798
v 0.548265 0.719805 -0.478453
v 0.551763 0.680788 -0.534427
v 0.551166 0.639615 -0.588500
v 0.546356 0.596661 -0.640459
v 0.537252 0.552315 -0.690098
v 0.523810 0.506970 -0.737221
v 0.506023 0.461027 -0.781642
v 0.483920 0.414887 -0.823187
v 0.457569 0.368948 -0.861691
v 0.427074 0.323603 -0.897001
v 0.392574 0.279236 -0.928980
v 0.354246 0.236217 -0.957501
v 0.312296 0.194902 -0.982450
v 0.266967 0.155628 -1.003730
v 0.218528 0.118710 -1.021257
v 0.167278 0.084439 -1.034961
v 0.113539 0.053079 -1.044788
v 0.057658 0.024865 -1.050700
v 0.535827 0.844329 -0.052674
v 0.559937 0.826154 -0.115464
v 0.581132 0.804102 -0.178007
v 0.599121 0.778424 -0.240055
v 0.613639 0.749401 -0.301363
v 0.624450 0.717336 -0.361691
v 0.631348 0.682558 -0.420798
v 0.634157 0.645414 -0.478453
v 0.632738 0.606266 -0.534427
v 0.626985 0.565492 -0.588500
v 0.616829 0.523480 -0.640459
v 0.602240 0.480624 -0.690098
v 0.583220 0.437322 -0.737221
v 0.559815 0.393971 -0.781642
v 0.532104 0.350965 -0.823187
v 0.500202 0.308690 -0.861691
v 0.464264 0.267525 -0.897002
v 0.424476 0.227831 -0.928980
v 0.381058 0.189956 -0.957501
v 0.334262 0.154224 -0.982450
v 0.284368 0.120941 -1.003730
v 0.231683 0.090386 -1.021257
v 0.176542 0.062808 -1.034961
v 0.119296 0.038430 -1.044788
v 0.060319 0.017442 -1.050700
v 0.637425 0.770514 -0.052674
v 0.659067 0.749461 -0.115464
v 0.677330 0.724926 -0.178007
v 0.691959 0.697196 -0.240055
v 0.702726 0.666582 -0.301363
v 0.709433 0.633415 -0.361691
v 0.711917 0.598047 -0.420798
v 0.710048 0.560843 -0.478453
v 0.703734 0.522182 -0.534427
v 0.692916 0.482451 -0.588500
v 0.677575 0.442043 -0.640459
v 0.657729 0.401354 -0.690098
v 0.633433 0.360776 -0.737221
v 0.604778 0.320701 -0.781642
v 0.571895 0.281507 -0.823187
v 0.534947 0.243564 -0.861691
v 0.494133 0.207228 -0.897002
v 0.449684 0.172834 -0.928980
v 0.401861 0.140698 -0.957501
v 0.350955 0.111114 -0.982450
v 0.297283 0.084347 -1.003730
v 0.241185 0.060635 -1.021257
v 0.183022 0.040186 -1.034961
v 0.123172 0.023176 -1.044788
v 0.062030 0.009745 -1.050700
v 0.728969 0.684548 -0.052674
v 0.747802 0.660948 -0.115464
v 0.762846 0.634318 -0.178007
v 0.773885 0.604973 -0.240055
v 0.780729 0.573251 -0.301363
v 0.783226 0.539505 -0.361691
v 0.781258 0.504105 -0.420798
v 0.774742 0.467428 -0.478453
v 0.763631 0.429863 -0.534427
v 0.747919 0.391801 -0.588500
v 0.727635 0.353635 -0.640459
v 0.702846 0.315754 -0.690098
v 0.673655 0.278542 -0.737221
v 0.640204 0.242373 -0.781642
v 0.602668 0.207610 -0.823187
v 0.561256 0.174597 -0.861691
v 0.516209 0.143663 -0.897002
v 0.467800 0.115111 -0.928980
v 0.416326 0.089222 -0.957501
v 0.362114 0.066252 -0.982450
v 0.305511 0.046423 -1.003730
v 0.246882 0.029929 -1.021257
v 0.186615 0.016931 -1.034961
v 0.125105 0.007555 -1.044788
v 0.062762 0.001893 -1.050700
v 0.809018 0.587786 -0.052674
v 0.824744 0.562012 -0.115464
v 0.836332 0.533706 -0.178007
v 0.843606 0.503210 -0.240055
v 0.846421 0.470880 -0.301363
v 0.844668 0.437087 -0.361691
v 0.838279 0.402212 -0.420798
v 0.827217 0.366642 -0.478453
v 0.811486 0.330765 -0.534427
v 0.791127 0.294973 -0.588500
v 0.766219 0.259649 -0.640459
v 0.736878 0.225174 -0.690098
v 0.703253 0.191914 -0.737221
v 0.665533 0.160223 -0.781642
v 0.623936 0.130438 -0.823187
v 0.578713 0.102876 -0.861691
v 0.530145 0.077832 -0.897001
v 0.478538 0.055572 -0.928980
v 0.424226 0.036339 -0.957501
v 0.367562 0.020344 -0.982450
v 0.308920 0.007766 -1.003730
v 0.248687 -0.001250 -1.021257
v 0.187266 -0.006592 -1.034961
v 0.125066 -0.008184 -1.044788
v 0.062504 -0.005988 -1.050700
v 0.876307 0.481754 -0.052674
v 0.888680 0.454213 -0.115464
v 0.896629 0.424677 -0.178007
v 0.900022 0.393510 -0.240055
v 0.898763 0.361082 -0.301363
v 0.892789 0.327775 -0.361691
v 0.882079 0.293976 -0.420798
v 0.866647 0.260073 -0.478453
v 0.846543 0.226451 -0.534427
v 0.821859 0.193492 -0.588500
v 0.792720 0.161569 -0.640459
v 0.759289 0.131043 -0.690098
v 0.721761 0.102259 -0.737221
v 0.680366 0.075546 -0.781642
v 0.635364 0.051210 -0.823187
v 0.587044 0.029533 -0.861691
v 0.535719 0.010773 -0.897002
v 0.481730 -0.004843 -0.928980
v 0.425435 -0.017117 -0.957501
v 0.367214 -0.025884 -0.982450
v 0.307457 -0.031013 -1.003730
v 0.246569 -0.032409 -1.021257
v 0.184963 -0.030010 -1.034961
v 0.123054 -0.023794 -1.044788
v 0.061261 -0.013774 -1.050700
v 0.929777 0.368125 -0.052674
v 0.938600 0.339250 -0.115464
v 0.942785 0.308951 -0.178007
v 0.942245 0.277604 -0.240055
v 0.936932 0.245590 -0.301363
v 0.926831 0.213294 -0.361691
v 0.911969 0.181105 -0.420798
v 0.892409 0.149403 -0.478453
v 0.868250 0.118565 -0.534427
v 0.839629 0.088960 -0.588500
v 0.806719 0.060941 -0.640459
v 0.769726 0.034846 -0.690098
v 0.728887 0.010992 -0.737221
v 0.684470 -0.010322 -0.781642
v 0.636773 -0.028826 -0.823187
v 0.586116 -0.044276 -0.861691
v 0.532845 -0.056455 -0.897002
v 0.477324 -0.065181 -0.928980
v 0.419935 -0.070303 -0.957501
v 0.361074 -0.071704 -0.982450
v 0.301146 -0.069303 -1.003730
v 0.240563 -0.063056 -1.021257
v 0.179743 -0.052956 -1.034961
v 0.119101 -0.039029 -1.044788
v 0.059052 -0.021344 -1.050700
v 0.968584 0.248690 -0.052674
v 0.973718 0.218937 -0.115464
v 0.974072 0.188353 -0.178007
v 0.969609 0.157320 -0.240055
v 0.960324 0.126225 -0.301363
v 0.946255 0.095450 -0.361691
v 0.927477 0.065377 -0.420798
v 0.904097 0.036376 -0.478453
v 0.876263 0.008810 -0.534427
v 0.844158 -0.016975 -0.588500
v 0.807996 -0.040648 -0.640459
v 0.768024 -0.061901 -0.690098
v 0.724517 -0.080448 -0.737221
v 0.677779 -0.096027 -0.781642
v 0.628139 -0.108408 -0.823187
v 0.575945 -0.117386 -0.861691
v 0.521568 -0.122793 -0.897002
v 0.465391 -0.124492 -0.928980
v 0.407813 -0.122381 -0.957501
v 0.349240 -0.116393 -0.982450
v 0.290085 -0.106500 -1.003730
v 0.230763 -0.092710 -1.021257
v 0.171689 -0.075066 -1.034961
v 0.113270 -0.053649 -1.044788
v 0.055911 -0.028577 -1.050700
v 0.992116 0.125333 -0.052674
v 0.993480 0.095171 -0.115464
v 0.989998 0.064784 -0.178007
v 0.981680 0.034556 -0.240055
v 0.968572 0.004869 -0.301363
v 0.950757 -0.023900 -0.361691
v 0.928357 -0.051383 -0.420798
v 0.901527 -0.077224 -0.478453
v 0.870458 -0.101085 -0.534427
v 0.835375 -0.122642 -0.588500
v 0.796530 -0.141596 -0.640459
v 0.754210 -0.157672 -0.690098
v 0.708721 -0.170619 -0.737221
v 0.660399 -0.180218 -0.781642
v 0.609599 -0.186279 -0.823187
v 0.556691 -0.188646 -0.861691
v 0.502065 -0.187195 -0.897002
v 0.446118 -0.181839 -0.928980
v 0.389259 -0.172528 -0.957501
v 0.331898 -0.159247 -0.982450
v 0.274450 -0.142018 -1.003730
v 0.217324 -0.120901 -1.021257
v 0.160927 -0.095992 -1.034961
v 0.105653 -0.067423 -1.044788
v 0.051889 -0.035359 -1.050700
v 1.000001 -0.000000 -0.052674
v 0.997574 -0.030095 -0.115464
v 0.990312 -0.059807 -0.178007
v 0.978271 -0.088754 -0.240055
v 0.961545 -0.116564 -0.301363
v 0.914597 -0.167331 -0.420798
v 0.884739 -0.189606 -0.478453
v 0.813416 -0.226375 -0.588500
v 0.772503 -0.240312 -0.640459
v 0.728501 -0.250956 -0.690098
v 0.681748 -0.258100 -0.737221
v 0.632605 -0.261567 -0.781642
v 0.581445 -0.261214 -0.823187
v 0.528658 -0.256930 -0.861691
v 0.474644 -0.248644 -0.897002
v 0.419810 -0.236319 -0.928980
v 0.096370 -0.080133 -1.044788
v 0.047048 -0.041583 -1.050700
v 0.200458 -0.147186 -1.021257
v 0.940264 -0.142873 -0.361691
v 0.850924 -0.209385 -0.534427
v 0.147627 -0.115405 -1.034961
v 0.000000 0.000000 -1.052674
vn -0.4359 0.3461 0.8308
vn -0.9460 0.2710 0.1782
vn -0.3854 0.3254 0.8634
vn -0.9250 0.2954 0.2390
vn -0.3351 0.3007 0.8929
vn -0.8999 0.3176 0.2988
vn -0.2854 0.2721 0.9190
vn -0.8710 0.3373 0.3572
vn -0.2365 0.2395 0.9416
vn -0.8385 0.3541 0.4142
vn -0.1890 0.2033 0.9607
vn -0.8026 0.3679 0.4695
vn -0.1431 0.1636 0.9761
vn -0.7638 0.3783 0.5230
vn -0.0992 0.1205 0.9877
vn -0.7222 0.3853 0.5744
vn -0.0575 0.0744 0.9956
vn -0.6783 0.3886 0.6236
vn -0.0193 0.0249 0.9995
vn -0.6324 0.3881 0.6704
vn -0.5849 0.3837 0.7146
vn -0.5360 0.3752 0.7562
vn -0.9748 0.2166 0.0542
vn -0.4863 0.3627 0.7950
vn -0.9626 0.2446 0.1165
vn -0.3808 0.4722 0.7950
vn -0.8715 0.4763 0.1165
vn -0.3362 0.4436 0.8308
vn -0.8488 0.4977 0.1782
vn -0.2924 0.4111 0.8634
vn -0.8225 0.5162 0.2390
vn -0.2498 0.3746 0.8929
vn -0.7927 0.5314 0.2988
vn -0.2087 0.3345 0.9190
vn -0.7598 0.5433 0.3572
vn -0.1695 0.2908 0.9416
vn -0.7241 0.5515 0.4142
vn -0.1325 0.2439 0.9607
vn -0.6859 0.5559 0.4695
vn -0.0979 0.1940 0.9761
vn -0.6457 0.5564 0.5230
vn -0.0661 0.1414 0.9877
vn -0.6037 0.5528 0.5744
vn -0.0372 0.0863 0.9956
vn -0.5604 0.5451 0.6236
vn -0.0125 0.0289 0.9995
vn -0.5161 0.5332 0.6704
vn -0.4711 0.5171 0.7146
vn -0.4259 0.4967 0.7562
vn -0.8903 0.4522 0.0542
vn -0.2890 0.5870 0.7562
vn -0.7498 0.6594 0.0542
vn -0.2514 0.5521 0.7950
vn -0.7257 0.6781 0.1165
vn -0.2153 0.5133 0.8308
vn -0.6984 0.6932 0.1782
vn -0.1810 0.4709 0.8634
vn -0.6683 0.7045 0.2390
vn -0.1488 0.4250 0.8929
vn -0.6356 0.7119 0.2988
vn -0.1190 0.3759 0.9190
vn -0.6008 0.7152 0.3572
vn -0.0919 0.3239 0.9416
vn -0.5642 0.7142 0.4142
vn -0.0677 0.2692 0.9607
vn -0.5261 0.7090 0.4695
vn -0.0466 0.2123 0.9761
vn -0.4870 0.6995 0.5230
vn -0.0289 0.1534 0.9877
vn -0.4473 0.6856 0.5744
vn -0.0146 0.0929 0.9956
vn -0.4072 0.6673 0.6236
vn -0.0049 0.0311 0.9995
vn -0.3672 0.6448 0.6704
vn -0.3277 0.6180 0.7146
vn -0.1637 0.6801 0.7146
vn -0.1339 0.6405 0.7562
vn -0.5623 0.8252 0.0542
vn -0.1062 0.5973 0.7950
vn -0.5343 0.8372 0.1165
vn -0.0809 0.5507 0.8308
vn -0.5041 0.8451 0.1782
vn -0.0582 0.5011 0.8634
vn -0.4721 0.8485 0.2390
vn -0.0384 0.4486 0.8929
vn -0.4386 0.8476 0.2988
vn -0.0218 0.3937 0.9190
vn -0.4040 0.8421 0.3572
vn -0.0085 0.3365 0.9416
vn -0.3688 0.8321 0.4142
vn 0.0014 0.2776 0.9607
vn -0.3333 0.8176 0.4695
vn 0.0076 0.2172 0.9761
vn -0.2978 0.7986 0.5230
vn 0.0102 0.1557 0.9877
vn -0.2627 0.7753 0.5744
vn 0.0090 0.0936 0.9956
vn -0.2285 0.7477 0.6236
vn 0.0030 0.0313 0.9995
vn -0.1954 0.7159 0.6704
vn -0.0112 0.7419 0.6704
vn 0.0105 0.6994 0.7146
vn 0.0296 0.6536 0.7562
vn -0.3394 0.9391 0.0542
vn 0.0457 0.6049 0.7950
vn -0.3093 0.9438 0.1165
vn 0.0586 0.5535 0.8308
vn -0.2781 0.9439 0.1782
vn 0.0683 0.4998 0.8634
vn -0.2462 0.9393 0.2390
vn 0.0743 0.4441 0.8929
vn -0.2140 0.9300 0.2988
vn 0.0768 0.3867 0.9190
vn -0.1819 0.9161 0.3572
vn 0.0755 0.3281 0.9416
vn -0.1503 0.8977 0.4142
vn 0.0704 0.2685 0.9607
vn -0.1195 0.8748 0.4695
vn 0.0614 0.2085 0.9761
vn -0.0898 0.8476 0.5230
vn 0.0486 0.1483 0.9877
vn -0.0617 0.8163 0.5744
vn 0.0320 0.0884 0.9956
vn -0.0354 0.7810 0.6236
vn 0.0107 0.0296 0.9995
vn 0.1600 0.7652 0.6236
vn 0.0177 0.0260 0.9995
vn 0.1737 0.7214 0.6704
vn 0.1842 0.6748 0.7146
vn 0.1912 0.6257 0.7562
vn -0.0952 0.9940 0.0542
vn 0.1947 0.5745 0.7950
vn -0.0649 0.9911 0.1165
vn 0.1945 0.5215 0.8308
vn -0.0346 0.9834 0.1782
vn 0.1904 0.4671 0.8634
vn -0.0049 0.9710 0.2390
vn 0.1824 0.4116 0.8929
vn 0.0240 0.9540 0.2988
vn 0.1706 0.3555 0.9190
vn 0.0516 0.9326 0.3572
vn 0.1547 0.2990 0.9416
vn 0.0777 0.9069 0.4142
vn 0.1350 0.2426 0.9607
vn 0.1018 0.8770 0.4695
vn 0.1113 0.1867 0.9761
vn 0.1238 0.8433 0.5230
vn 0.0840 0.1316 0.9877
vn 0.1433 0.8060 0.5744
vn 0.0529 0.0777 0.9956
vn 0.3392 0.7450 0.5744
vn 0.0706 0.0621 0.9956
vn 0.3453 0.7014 0.6236
vn 0.0236 0.0208 0.9995
vn 0.3476 0.6556 0.6704
vn 0.3462 0.6078 0.7146
vn 0.3408 0.5585 0.7562
vn 0.1550 0.9864 0.0542
vn 0.3315 0.5081 0.7950
vn 0.1837 0.9761 0.1165
vn 0.3181 0.4568 0.8308
vn 0.2110 0.9611 0.1782
vn 0.3006 0.4051 0.8634
vn 0.2367 0.9417 0.2390
vn 0.2791 0.3533 0.8929
vn 0.2605 0.9181 0.2988
vn 0.2536 0.3019 0.9190
vn 0.2819 0.8905 0.3572
vn 0.2242 0.2511 0.9416
vn 0.3008 0.8590 0.4142
vn 0.1911 0.2014 0.9607
vn 0.3168 0.8241 0.4695
vn 0.1543 0.1531 0.9761
vn 0.3296 0.7860 0.5230
vn 0.1140 0.1066 0.9877
vn 0.5148 0.6794 0.5230
vn 0.1370 0.0748 0.9877
vn 0.5138 0.6372 0.5744
vn 0.0838 0.0426 0.9956
vn 0.5088 0.5935 0.6236
vn 0.0281 0.0143 0.9995
vn 0.4997 0.5485 0.6704
vn 0.4865 0.5026 0.7146
vn 0.4690 0.4562 0.7562
vn 0.3954 0.9169 0.0542
vn 0.4474 0.4097 0.7950
vn 0.4206 0.8997 0.1165
vn 0.4217 0.3634 0.8308
vn 0.4434 0.8784 0.1782
vn 0.3919 0.3176 0.8634
vn 0.4635 0.8532 0.2390
vn 0.3582 0.2728 0.8929
vn 0.4806 0.8245 0.2988
vn 0.3207 0.2293 0.9190
vn 0.4945 0.7924 0.3572
vn 0.2796 0.1875 0.9416
vn 0.5050 0.7573 0.4142
vn 0.2351 0.1476 0.9607
vn 0.5118 0.7195 0.4695
vn 0.1875 0.1099 0.9761
vn 0.6562 0.4894 0.5744
vn 0.0918 0.0204 0.9956
vn 0.6405 0.4483 0.6236
vn 0.0307 0.0068 0.9995
vn 0.6205 0.4070 0.6704
vn 0.5962 0.3659 0.7146
vn 0.5677 0.3253 0.7562
vn 0.6110 0.7898 0.0542
vn 0.5352 0.2855 0.7950
vn 0.6312 0.7669 0.1165
vn 0.4988 0.2471 0.8308
vn 0.6479 0.7406 0.1782
vn 0.4586 0.2102 0.8634
vn 0.6611 0.7112 0.2390
vn 0.4148 0.1752 0.8929
vn 0.6706 0.6790 0.2988
vn 0.3677 0.1424 0.9190
vn 0.6760 0.6445 0.3572
vn 0.3175 0.1120 0.9416
vn 0.6774 0.6079 0.4142
vn 0.2644 0.0845 0.9607
vn 0.6746 0.5696 0.4695
vn 0.2089 0.0599 0.9761
vn 0.6675 0.5300 0.5230
vn 0.1513 0.0384 0.9877
vn 0.7784 0.3473 0.5230
vn 0.1561 -0.0004 0.9877
vn 0.7573 0.3109 0.5744
vn 0.0940 -0.0031 0.9956
vn 0.7318 0.2750 0.6236
vn 0.0315 -0.0010 0.9995
vn 0.7022 0.2399 0.6704
vn 0.6684 0.2061 0.7146
vn 0.6308 0.1738 0.7562
vn 0.7882 0.6130 0.0542
vn 0.5894 0.1435 0.7950
vn 0.8020 0.5858 0.1165
vn 0.5446 0.1153 0.8308
vn 0.8118 0.5562 0.1782
vn 0.4964 0.0895 0.8634
vn 0.8172 0.5244 0.2390
vn 0.4453 0.0665 0.8929
vn 0.8184 0.4909 0.2988
vn 0.3915 0.0465 0.9190
vn 0.8151 0.4561 0.3572
vn 0.3354 0.0296 0.9416
vn 0.8073 0.4203 0.4142
vn 0.2771 0.0160 0.9607
vn 0.7951 0.3839 0.4695
vn 0.2173 0.0060 0.9761
vn 0.8656 0.1742 0.4695
vn 0.2119 -0.0482 0.9761
vn 0.8403 0.1429 0.5230
vn 0.1511 -0.0392 0.9877
vn 0.8108 0.1128 0.5744
vn 0.0903 -0.0264 0.9956
vn 0.7772 0.0843 0.6236
vn 0.0302 -0.0088 0.9995
vn 0.7398 0.0578 0.6704
vn 0.6987 0.0334 0.7146
vn 0.6542 0.0115 0.7562
vn 0.9159 0.3977 0.0542
vn 0.6066 -0.0076 0.7950
vn 0.9225 0.3679 0.1165
vn 0.5561 -0.0238 0.8308
vn 0.9246 0.3368 0.1782
vn 0.5031 -0.0367 0.8634
vn 0.9220 0.3047 0.2390
vn 0.4479 -0.0463 0.8929
vn 0.9147 0.2720 0.2988
vn 0.3908 -0.0524 0.9190
vn 0.9029 0.2391 0.3572
vn 0.3322 -0.0548 0.9416
vn 0.8865 0.2064 0.4142
vn 0.2724 -0.0534 0.9607
vn 0.9099 -0.0206 0.4142
vn 0.2506 -0.1195 0.9607
vn 0.8817 -0.0466 0.4695
vn 0.1933 -0.0994 0.9761
vn 0.8494 -0.0706 0.5230
vn 0.1366 -0.0755 0.9877
vn 0.8134 -0.0924 0.5744
vn 0.0809 -0.0480 0.9956
vn 0.7738 -0.1116 0.6236
vn 0.0271 -0.0161 0.9995
vn 0.7309 -0.1280 0.6704
vn 0.6850 -0.1414 0.7146
vn 0.6365 -0.1515 0.7562
vn 0.9860 0.1574 0.0542
vn 0.5856 -0.1582 0.7950
vn 0.9850 0.1270 0.1165
vn 0.5327 -0.1613 0.8308
vn 0.9793 0.0963 0.1782
vn 0.4782 -0.1607 0.8634
vn 0.9688 0.0658 0.2390
vn 0.4223 -0.1562 0.8929
vn 0.9536 0.0360 0.2988
vn 0.3655 -0.1479 0.9190
vn 0.9340 0.0070 0.3572
vn 0.3081 -0.1356 0.9416
vn 0.9064 -0.2255 0.3572
vn 0.2647 -0.2080 0.9416
vn 0.8762 -0.2462 0.4142
vn 0.2130 -0.1780 0.9607
vn 0.8424 -0.2644 0.4695
vn 0.1625 -0.1443 0.9761
vn 0.8052 -0.2796 0.5230
vn 0.1135 -0.1071 0.9877
vn 0.7648 -0.2918 0.5744
vn 0.0664 -0.0666 0.9956
vn 0.7217 -0.3005 0.6236
vn 0.0222 -0.0223 0.9995
vn 0.6761 -0.3058 0.6704
vn 0.6284 -0.3073 0.7146
vn 0.5788 -0.3051 0.7562
vn 0.9942 -0.0927 0.0542
vn 0.5279 -0.2989 0.7950
vn 0.9857 -0.1220 0.1165
vn 0.4759 -0.2887 0.8308
vn 0.9725 -0.1503 0.1782
vn 0.4232 -0.2746 0.8634
vn 0.9547 -0.1772 0.2390
vn 0.3702 -0.2564 0.8929
vn 0.9326 -0.2023 0.2988
vn 0.3172 -0.2341 0.9190
vn 0.8530 -0.4279 0.2988
vn 0.2490 -0.3057 0.9190
vn 0.8219 -0.4438 0.3572
vn 0.2047 -0.2673 0.9416
vn 0.7875 -0.4564 0.4142
vn 0.1620 -0.2254 0.9607
vn 0.7502 -0.4656 0.4695
vn 0.1215 -0.1802 0.9761
vn 0.7103 -0.4711 0.5230
vn 0.0833 -0.1320 0.9877
vn 0.6683 -0.4728 0.5744
vn 0.0478 -0.0810 0.9956
vn 0.6243 -0.4706 0.6236
vn 0.0160 -0.0271 0.9995
vn 0.5788 -0.4643 0.6704
vn 0.5322 -0.4540 0.7146
vn 0.4848 -0.4394 0.7562
vn 0.9399 -0.3371 0.0542
vn 0.4370 -0.4208 0.7950
vn 0.9244 -0.3633 0.1165
vn 0.3891 -0.3980 0.8308
vn 0.9045 -0.3874 0.1782
vn 0.3416 -0.3712 0.8634
vn 0.8807 -0.4090 0.2390
vn 0.2948 -0.3404 0.8929
vn 0.7513 -0.6152 0.2390
vn 0.2009 -0.4030 0.8929
vn 0.7198 -0.6266 0.2988
vn 0.1652 -0.3580 0.9190
vn 0.6857 -0.6342 0.3572
vn 0.1318 -0.3098 0.9416
vn 0.6492 -0.6379 0.4142
vn 0.1009 -0.2586 0.9607
vn 0.6108 -0.6375 0.4695
vn 0.0729 -0.2048 0.9761
vn 0.5709 -0.6329 0.5230
vn 0.0479 -0.1486 0.9877
vn 0.5297 -0.6241 0.5744
vn 0.0261 -0.0903 0.9956
vn 0.4877 -0.6110 0.6236
vn 0.0087 -0.0302 0.9995
vn 0.4452 -0.5937 0.6704
vn 0.4026 -0.5720 0.7146
vn 0.3603 -0.5462 0.7562
vn 0.8266 -0.5602 0.0542
vn 0.3186 -0.5162 0.7950
vn 0.8050 -0.5818 0.1165
vn 0.2779 -0.4823 0.8308
vn 0.7798 -0.6002 0.1782
vn 0.2386 -0.4445 0.8634
vn 0.6060 -0.7752 0.1782
vn 0.1205 -0.4898 0.8634
vn 0.5747 -0.7827 0.2390
vn 0.0944 -0.4403 0.8929
vn 0.5414 -0.7859 0.2988
vn 0.0710 -0.3878 0.9190
vn 0.5064 -0.7848 0.3572
vn 0.0506 -0.3328 0.9416
vn 0.4702 -0.7793 0.4142
vn 0.0334 -0.2756 0.9607
vn 0.4331 -0.7694 0.4695
vn 0.0196 -0.2165 0.9761
vn 0.3955 -0.7550 0.5230
vn 0.0094 -0.1558 0.9877
vn 0.3578 -0.7362 0.5744
vn 0.0028 -0.0940 0.9956
vn 0.3204 -0.7131 0.6236
vn 0.0009 -0.0315 0.9995
vn 0.2835 -0.6857 0.6704
vn 0.2477 -0.6542 0.7146
vn 0.2131 -0.6186 0.7562
vn 0.6613 -0.7482 0.0542
vn 0.1802 -0.5793 0.7950
vn 0.6350 -0.7637 0.1165
vn 0.1492 -0.5362 0.8308
vn -0.0296 -0.1532 0.9877
vn 0.1635 -0.8021 0.5744
vn -0.0206 -0.0917 0.9956
vn 0.1330 -0.7704 0.6236
vn -0.0069 -0.0307 0.9995
vn 0.1041 -0.7347 0.6704
vn 0.0772 -0.6952 0.7146
vn 0.0526 -0.6522 0.7562
vn 0.4544 -0.8891 0.0542
vn 0.0305 -0.6059 0.7950
vn 0.4251 -0.8976 0.1165
vn 0.0112 -0.5565 0.8308
vn 0.3942 -0.9016 0.1782
vn -0.0051 -0.5044 0.8634
vn 0.3620 -0.9010 0.2390
vn -0.0181 -0.4499 0.8929
vn 0.3289 -0.8959 0.2988
vn -0.0277 -0.3933 0.9190
vn 0.2953 -0.8861 0.3572
vn -0.0338 -0.3350 0.9416
vn 0.2616 -0.8718 0.4142
vn -0.0362 -0.2752 0.9607
vn 0.2282 -0.8529 0.4695
vn -0.0348 -0.2145 0.9761
vn 0.1953 -0.8297 0.5230
vn -0.0871 -0.1991 0.9761
vn -0.0171 -0.8522 0.5230
vn -0.0668 -0.1411 0.9877
vn -0.0411 -0.8176 0.5744
vn -0.0428 -0.0837 0.9956
vn -0.0628 -0.7793 0.6236
vn -0.0143 -0.0280 0.9995
vn -0.0819 -0.7375 0.6704
vn -0.0981 -0.6926 0.7146
vn -0.1113 -0.6448 0.7562
vn 0.2190 -0.9742 0.0542
vn -0.1211 -0.5944 0.7950
vn 0.1886 -0.9751 0.1165
vn -0.1276 -0.5418 0.8308
vn 0.1576 -0.9713 0.1782
vn -0.1304 -0.4873 0.8634
vn 0.1265 -0.9627 0.2390
vn -0.1294 -0.4313 0.8929
vn 0.0958 -0.9495 0.2988
vn -0.1247 -0.3740 0.9190
vn 0.0657 -0.9317 0.3572
vn -0.1160 -0.3160 0.9416
vn 0.0366 -0.9094 0.4142
vn -0.1035 -0.2576 0.9607
vn 0.0089 -0.8829 0.4695
vn -0.1643 -0.2238 0.9607
vn -0.2110 -0.8573 0.4695
vn -0.1339 -0.1712 0.9761
vn -0.2285 -0.8211 0.5230
vn -0.0998 -0.1200 0.9877
vn -0.2432 -0.7816 0.5744
vn -0.0623 -0.0704 0.9956
vn -0.2546 -0.7392 0.6236
vn -0.0208 -0.0236 0.9995
vn -0.2627 -0.6940 0.6704
vn -0.2673 -0.6464 0.7146
vn -0.2681 -0.5968 0.7562
vn -0.0301 -0.9981 0.0542
vn -0.2652 -0.5456 0.7950
vn -0.0599 -0.9914 0.1165
vn -0.2583 -0.4931 0.8308
vn -0.0889 -0.9800 0.1782
vn -0.2474 -0.4396 0.8634
vn -0.1169 -0.9640 0.2390
vn -0.2326 -0.3855 0.8929
vn -0.1434 -0.9435 0.2988
vn -0.2138 -0.3313 0.9190
vn -0.1681 -0.9188 0.3572
vn -0.1910 -0.2772 0.9416
vn -0.1907 -0.8900 0.4142
vn -0.2539 -0.2210 0.9416
vn -0.4061 -0.8146 0.4142
vn -0.2148 -0.1759 0.9607
vn -0.4175 -0.7779 0.4695
vn -0.1722 -0.1326 0.9761
vn -0.4256 -0.7385 0.5230
vn -0.1265 -0.0914 0.9877
vn -0.4299 -0.6966 0.5744
vn -0.0778 -0.0527 0.9956
vn -0.4304 -0.6526 0.6236
vn -0.0261 -0.0177 0.9995
vn -0.4271 -0.6068 0.6704
vn -0.4196 -0.5596 0.7146
vn -0.4081 -0.5114 0.7562
vn -0.2774 -0.9592 0.0542
vn -0.3925 -0.4625 0.7950
vn -0.3045 -0.9453 0.1165
vn -0.3728 -0.4133 0.8308
vn -0.3298 -0.9271 0.1782
vn -0.3490 -0.3642 0.8634
vn -0.3529 -0.9046 0.2390
vn -0.3212 -0.3156 0.8929
vn -0.3735 -0.8782 0.2988
vn -0.2894 -0.2677 0.9190
vn -0.3913 -0.8481 0.3572
vn -0.3469 -0.1873 0.9190
vn -0.5899 -0.7241 0.3572
vn -0.3009 -0.1510 0.9416
vn -0.5959 -0.6880 0.4142
vn -0.2518 -0.1169 0.9607
vn -0.5979 -0.6497 0.4695
vn -0.1998 -0.0856 0.9761
vn -0.5958 -0.6095 0.5230
vn -0.1453 -0.0571 0.9877
vn -0.5896 -0.5678 0.5744
vn -0.0885 -0.0317 0.9956
vn -0.5792 -0.5251 0.6236
vn -0.0296 -0.0106 0.9995
vn -0.5645 -0.4816 0.6704
vn -0.5456 -0.4377 0.7146
vn -0.5225 -0.3938 0.7562
vn -0.5072 -0.8601 0.0542
vn -0.4952 -0.3504 0.7950
vn -0.5301 -0.8399 0.1165
vn -0.4639 -0.3076 0.8308
vn -0.5500 -0.8159 0.1782
vn -0.4286 -0.2660 0.8634
vn -0.5668 -0.7884 0.2390
vn -0.3896 -0.2258 0.8929
vn -0.5802 -0.7577 0.2988
vn -0.4335 -0.1218 0.8929
vn -0.7504 -0.5896 0.2988
vn -0.3826 -0.0952 0.9190
vn -0.7515 -0.5547 0.3572
vn -0.3290 -0.0714 0.9416
vn -0.7483 -0.5182 0.4142
vn -0.2729 -0.0506 0.9607
vn -0.7407 -0.4806 0.4695
vn -0.2148 -0.0332 0.9761
vn -0.7287 -0.4422 0.5230
vn -0.1549 -0.0192 0.9877
vn -0.7123 -0.4033 0.5744
vn -0.0936 -0.0087 0.9956
vn -0.6916 -0.3645 0.6236
vn -0.0313 -0.0029 0.9995
vn -0.6666 -0.3260 0.6704
vn -0.6373 -0.2883 0.7146
vn -0.6040 -0.2515 0.7562
vn -0.7052 -0.7070 0.0542
vn -0.5668 -0.2162 0.7950
vn -0.7223 -0.6817 0.1165
vn -0.5258 -0.1826 0.8308
vn -0.7356 -0.6535 0.1782
vn -0.4813 -0.1510 0.8634
vn -0.7451 -0.6227 0.2390
vn -0.5037 -0.0266 0.8634
vn -0.8765 -0.4178 0.2390
vn -0.4501 -0.0102 0.8929
vn -0.8734 -0.3845 0.2988
vn -0.3943 0.0030 0.9190
vn -0.8658 -0.3504 0.3572
vn -0.3364 0.0127 0.9416
vn -0.8536 -0.3158 0.4142
vn -0.2770 0.0188 0.9607
vn -0.8369 -0.2813 0.4695
vn -0.2163 0.0213 0.9761
vn -0.8158 -0.2470 0.5230
vn -0.1548 0.0199 0.9877
vn -0.7903 -0.2135 0.5744
vn -0.0928 0.0148 0.9956
vn -0.7605 -0.1811 0.6236
vn -0.0311 0.0050 0.9995
vn -0.7267 -0.1500 0.6704
vn -0.6890 -0.1207 0.7146
vn -0.6476 -0.0934 0.7562
vn -0.8588 -0.5094 0.0542
vn -0.6028 -0.0685 0.7950
vn -0.8691 -0.4807 0.1165
vn -0.5547 -0.0461 0.8308
vn -0.8751 -0.4500 0.1782
vn -0.5487 0.0933 0.8308
vn -0.9595 -0.2183 0.1782
vn -0.4945 0.0995 0.8634
vn -0.9529 -0.1867 0.2390
vn -0.4385 0.1021 0.8929
vn -0.9416 -0.1552 0.2988
vn -0.3811 0.1009 0.9190
vn -0.9257 -0.1240 0.3572
vn -0.3227 0.0960 0.9416
vn -0.9053 -0.0936 0.4142
vn -0.2636 0.0871 0.9607
vn -0.8806 -0.0643 0.4695
vn -0.2042 0.0744 0.9761
vn -0.8516 -0.0364 0.5230
vn -0.1450 0.0578 0.9877
vn -0.8185 -0.0103 0.5744
vn -0.0862 0.0374 0.9956
vn -0.7817 0.0138 0.6236
vn -0.0289 0.0125 0.9995
vn -0.7412 0.0354 0.6704
vn -0.6974 0.0544 0.7146
vn -0.6505 0.0706 0.7562
vn -0.9585 -0.2798 0.0542
vn -0.6008 0.0836 0.7950
vn -0.9614 -0.2494 0.1165
vn -0.3994 0.2079 0.8929
vn -0.9506 0.0838 0.2988
vn -0.3441 0.1925 0.9190
vn -0.9275 0.1101 0.3572
vn -0.2887 0.1732 0.9416
vn -0.9002 0.1345 0.4142
vn -0.2336 0.1499 0.9607
vn -0.8689 0.1567 0.4695
vn -0.1793 0.1228 0.9761
vn -0.8339 0.1765 0.5230
vn -0.1260 0.0921 0.9877
vn -0.7954 0.1936 0.5744
vn -0.0742 0.0577 0.9956
vn -0.7537 0.2077 0.6236
vn -0.0248 0.0193 0.9995
vn -0.7091 0.2186 0.6704
vn -0.6619 0.2262 0.7146
vn -0.6125 0.2301 0.7562
vn -0.9980 -0.0326 0.0542
vn -0.5612 0.2304 0.7950
vn -0.9932 -0.0025 0.1165
vn -0.5083 0.2268 0.8308
vn -0.9836 0.0272 0.1782
vn -0.4542 0.2194 0.8634
vn -0.9694 0.0561 0.2390
vn -0.4558 0.3400 0.8226
vn -0.9605 0.2440 0.1341
vn -0.4031 0.3200 0.8574
vn -0.9426 0.2700 0.1964
vn -0.3505 0.2959 0.8886
vn -0.9203 0.2939 0.2582
vn -0.2984 0.2678 0.9161
vn -0.8937 0.3154 0.3191
vn -0.2473 0.2357 0.9398
vn -0.8630 0.3342 0.3788
vn -0.1975 0.2000 0.9597
vn -0.8286 0.3499 0.4371
vn -0.1494 0.1607 0.9756
vn -0.7905 0.3623 0.4937
vn -0.1035 0.1183 0.9876
vn -0.7493 0.3712 0.5484
vn -0.0600 0.0729 0.9955
vn -0.7052 0.3762 0.6009
vn -0.6587 0.3773 0.6510
vn -0.6100 0.3743 0.6984
vn -0.5597 0.3671 0.7429
vn -0.9823 0.1874 0.0085
vn -0.5081 0.3557 0.7844
vn -0.9737 0.2164 0.0713
vn -0.4037 0.4709 0.7844
vn -0.8893 0.4517 0.0713
vn -0.3569 0.4426 0.8226
vn -0.8696 0.4752 0.1341
vn -0.3108 0.4102 0.8574
vn -0.8458 0.4959 0.1964
vn -0.2659 0.3738 0.8886
vn -0.8183 0.5136 0.2582
vn -0.2224 0.3336 0.9161
vn -0.7872 0.5278 0.3191
vn -0.1809 0.2898 0.9398
vn -0.7528 0.5383 0.3788
vn -0.1415 0.2428 0.9597
vn -0.7155 0.5450 0.4371
vn -0.1048 0.1929 0.9756
vn -0.6756 0.5476 0.4937
vn -0.0708 0.1403 0.9876
vn -0.6335 0.5459 0.5484
vn -0.0400 0.0855 0.9955
vn -0.5895 0.5398 0.6009
vn -0.5441 0.5293 0.6510
vn -0.4977 0.5143 0.6984
vn -0.4508 0.4948 0.7429
vn -0.9048 0.4258 0.0085
vn -0.3136 0.5914 0.7429
vn -0.7705 0.6374 0.0085
vn -0.2739 0.5565 0.7844
vn -0.7490 0.6587 0.0713
vn -0.2356 0.5175 0.8226
vn -0.7241 0.6765 0.1341
vn -0.1990 0.4746 0.8574
vn -0.6959 0.6907 0.1964
vn -0.1646 0.4282 0.8886
vn -0.6649 0.7009 0.2582
vn -0.1325 0.3784 0.9161
vn -0.6312 0.7070 0.3191
vn -0.1031 0.3257 0.9398
vn -0.5953 0.7086 0.3788
vn -0.0767 0.2704 0.9597
vn -0.5575 0.7058 0.4371
vn -0.0535 0.2129 0.9756
vn -0.5182 0.6984 0.4937
vn -0.0337 0.1535 0.9876
vn -0.4778 0.6862 0.5484
vn -0.0175 0.0928 0.9955
vn -0.4367 0.6694 0.6009
vn -0.3954 0.6480 0.6510
vn -0.3542 0.6219 0.6984
vn -0.1884 0.6905 0.6984
vn -0.1567 0.6508 0.7429
vn -0.5878 0.8090 0.0085
vn -0.1269 0.6071 0.7844
vn -0.5617 0.8243 0.0713
vn -0.0995 0.5598 0.8226
vn -0.5331 0.8354 0.1341
vn -0.0748 0.5092 0.8574
vn -0.5023 0.8421 0.1964
vn -0.0529 0.4556 0.8886
vn -0.4697 0.8442 0.2582
vn -0.0342 0.3995 0.9161
vn -0.4356 0.8417 0.3191
vn -0.0189 0.3411 0.9398
vn -0.4004 0.8344 0.3788
vn -0.0071 0.2809 0.9597
vn -0.3644 0.8223 0.4371
vn 0.0011 0.2195 0.9756
vn -0.3282 0.8053 0.4937
vn 0.0055 0.1571 0.9876
vn -0.2921 0.7835 0.5484
vn 0.0062 0.0942 0.9955
vn -0.2565 0.7570 0.6009
vn -0.2218 0.7259 0.6510
vn -0.0343 0.7583 0.6510
vn -0.0108 0.7156 0.6984
vn 0.0101 0.6693 0.7429
vn -0.3681 0.9297 0.0085
vn 0.0280 0.6196 0.7844
vn -0.3391 0.9381 0.0713
vn 0.0428 0.5670 0.8226
vn -0.3086 0.9417 0.1341
vn 0.0542 0.5118 0.8574
vn -0.2771 0.9405 0.1964
vn 0.0621 0.4545 0.8886
vn -0.2450 0.9345 0.2582
vn 0.0662 0.3954 0.9161
vn -0.2125 0.9236 0.3191
vn 0.0665 0.3351 0.9398
vn -0.1803 0.9078 0.3788
vn 0.0630 0.2739 0.9597
vn -0.1485 0.8871 0.4371
vn 0.0556 0.2123 0.9756
vn -0.1177 0.8616 0.4937
vn 0.0444 0.1508 0.9876
vn -0.0881 0.8315 0.5484
vn 0.0294 0.0897 0.9955
vn -0.0602 0.7970 0.6009
vn 0.1399 0.7870 0.6009
vn 0.1553 0.7430 0.6510
vn 0.1675 0.6958 0.6984
vn 0.1762 0.6457 0.7429
vn -0.1253 0.9921 0.0085
vn 0.1813 0.5932 0.7844
vn -0.0951 0.9929 0.0713
vn 0.1825 0.5385 0.8226
vn -0.0647 0.9889 0.1341
vn 0.1798 0.4822 0.8574
vn -0.0345 0.9799 0.1964
vn 0.1731 0.4248 0.8886
vn -0.0049 0.9661 0.2582
vn 0.1625 0.3665 0.9161
vn 0.0238 0.9474 0.3191
vn 0.1478 0.3080 0.9398
vn 0.0511 0.9241 0.3788
vn 0.1292 0.2496 0.9597
vn 0.0768 0.8961 0.4371
vn 0.1067 0.1918 0.9756
vn 0.1003 0.8638 0.4937
vn 0.0805 0.1350 0.9876
vn 0.1215 0.8273 0.5484
vn 0.0508 0.0796 0.9955
vn 0.3234 0.7711 0.5484
vn 0.0690 0.0645 0.9955
vn 0.3312 0.7275 0.6009
vn 0.3352 0.6810 0.6510
vn 0.3353 0.6323 0.6984
vn 0.3313 0.5816 0.7429
vn 0.1253 0.9921 0.0085
vn 0.3231 0.5295 0.7844
vn 0.1548 0.9854 0.0713
vn 0.3107 0.4762 0.8226
vn 0.1832 0.9739 0.1341
vn 0.2941 0.4224 0.8574
vn 0.2103 0.9577 0.1964
vn 0.2733 0.3684 0.8886
vn 0.2356 0.9369 0.2582
vn 0.2485 0.3146 0.9161
vn 0.2587 0.9117 0.3191
vn 0.2197 0.2616 0.9398
vn 0.2793 0.8823 0.3788
vn 0.1872 0.2096 0.9597
vn 0.2972 0.8489 0.4371
vn 0.1510 0.1592 0.9756
vn 0.3120 0.8117 0.4937
vn 0.1116 0.1107 0.9876
vn 0.5040 0.7086 0.4937
vn 0.1356 0.0795 0.9876
vn 0.5050 0.6665 0.5484
vn 0.0829 0.0453 0.9955
vn 0.5017 0.6222 0.6009
vn 0.4941 0.5763 0.6510
vn 0.4820 0.5290 0.6984
vn 0.4655 0.4810 0.7429
vn 0.3681 0.9297 0.0085
vn 0.4446 0.4325 0.7844
vn 0.3950 0.9159 0.0713
vn 0.4194 0.3840 0.8226
vn 0.4197 0.8977 0.1341
vn 0.3899 0.3360 0.8574
vn 0.4418 0.8753 0.1964
vn 0.3563 0.2888 0.8886
vn 0.4612 0.8489 0.2582
vn 0.3189 0.2429 0.9161
vn 0.4773 0.8188 0.3191
vn 0.2779 0.1987 0.9398
vn 0.4900 0.7851 0.3788
vn 0.2334 0.1565 0.9597
vn 0.4990 0.7483 0.4371
vn 0.1859 0.1167 0.9756
vn 0.6549 0.5200 0.5484
vn 0.0915 0.0233 0.9955
vn 0.6407 0.4779 0.6009
vn 0.6219 0.4353 0.6510
vn 0.5984 0.3926 0.6984
vn 0.5705 0.3501 0.7429
vn 0.5878 0.8090 0.0085
vn 0.5382 0.3083 0.7844
vn 0.6104 0.7889 0.0713
vn 0.5017 0.2676 0.8226
vn 0.6297 0.7651 0.1341
vn 0.4612 0.2285 0.8574
vn 0.6456 0.7379 0.1964
vn 0.4170 0.1911 0.8886
vn 0.6578 0.7076 0.2582
vn 0.3693 0.1560 0.9161
vn 0.6659 0.6743 0.3191
vn 0.3186 0.1234 0.9398
vn 0.6699 0.6386 0.3788
vn 0.2650 0.0935 0.9597
vn 0.6694 0.6007 0.4371
vn 0.2091 0.0668 0.9756
vn 0.6644 0.5610 0.4937
vn 0.1511 0.0433 0.9876
vn 0.7831 0.3782 0.4937
vn 0.1571 0.0043 0.9876
vn 0.7636 0.3408 0.5484
vn 0.0944 -0.0002 0.9955
vn 0.7394 0.3036 0.6009
vn 0.7106 0.2670 0.6510
vn 0.6773 0.2314 0.6984
vn 0.6396 0.1972 0.7429
vn 0.7705 0.6374 0.0085
vn 0.5980 0.1648 0.7844
vn 0.7874 0.6123 0.0713
vn 0.5525 0.1345 0.8226
vn 0.8002 0.5845 0.1341
vn 0.5035 0.1066 0.8574
vn 0.8089 0.5542 0.1964
vn 0.4514 0.0814 0.8886
vn 0.8131 0.5218 0.2582
vn 0.3965 0.0592 0.9161
vn 0.8127 0.4876 0.3191
vn 0.3392 0.0403 0.9398
vn 0.8076 0.4520 0.3788
vn 0.2800 0.0247 0.9597
vn 0.7978 0.4154 0.4371
vn 0.2191 0.0127 0.9756
vn 0.8760 0.2039 0.4371
vn 0.2154 -0.0422 0.9756
vn 0.8525 0.1715 0.4937
vn 0.1533 -0.0349 0.9876
vn 0.8244 0.1401 0.5484
vn 0.0914 -0.0237 0.9955
vn 0.7917 0.1101 0.6009
vn 0.7547 0.0819 0.6510
vn 0.7135 0.0557 0.6984
vn 0.6686 0.0320 0.7429
vn 0.9048 0.4258 0.0085
vn 0.6201 0.0109 0.7844
vn 0.9149 0.3973 0.0713
vn 0.5686 -0.0071 0.8226
vn 0.9205 0.3671 0.1341
vn 0.5142 -0.0220 0.8574
vn 0.9213 0.3356 0.1964
vn 0.4575 -0.0334 0.8886
vn 0.9173 0.3032 0.2582
vn 0.3988 -0.0412 0.9161
vn 0.9084 0.2701 0.3191
vn 0.3386 -0.0454 0.9398
vn 0.8946 0.2369 0.3788
vn 0.2773 -0.0457 0.9597
vn 0.9255 0.0070 0.3788
vn 0.2572 -0.1132 0.9597
vn 0.8992 -0.0203 0.4371
vn 0.1981 -0.0944 0.9756
vn 0.8684 -0.0459 0.4937
vn 0.1398 -0.0719 0.9876
vn 0.8333 -0.0693 0.5484
vn 0.0826 -0.0457 0.9955
vn 0.7942 -0.0902 0.6009
vn 0.7513 -0.1084 0.6510
vn 0.7050 -0.1235 0.6984
vn 0.6555 -0.1353 0.7429
vn 0.9823 0.1874 0.0085
vn 0.6034 -0.1437 0.7844
vn 0.9850 0.1573 0.0713
vn 0.5489 -0.1483 0.8226
vn 0.9828 0.1267 0.1341
vn 0.4926 -0.1492 0.8574
vn 0.9758 0.0960 0.1964
vn 0.4348 -0.1461 0.8886
vn 0.9639 0.0655 0.2582
vn 0.3760 -0.1391 0.9161
vn 0.9471 0.0357 0.3191
vn 0.3167 -0.1281 0.9398
vn 0.9262 -0.2009 0.3191
vn 0.2748 -0.2029 0.9398
vn 0.8981 -0.2234 0.3788
vn 0.2210 -0.1736 0.9597
vn 0.8659 -0.2433 0.4371
vn 0.1684 -0.1407 0.9756
vn 0.8297 -0.2604 0.4937
vn 0.1175 -0.1044 0.9876
vn 0.7899 -0.2743 0.5484
vn 0.0687 -0.0648 0.9955
vn 0.7468 -0.2849 0.6009
vn 0.7007 -0.2918 0.6510
vn 0.6521 -0.2949 0.6984
vn 0.6013 -0.2941 0.7429
vn 0.9980 -0.0628 0.0085
vn 0.5487 -0.2892 0.7844
vn 0.9931 -0.0926 0.0713
vn 0.4948 -0.2802 0.8226
vn 0.9835 -0.1217 0.1341
vn 0.4400 -0.2670 0.8574
vn 0.9690 -0.1497 0.1964
vn 0.3848 -0.2497 0.8886
vn 0.9499 -0.1763 0.2582
vn 0.3296 -0.2283 0.9161
vn 0.8762 -0.4069 0.2582
vn 0.2625 -0.3031 0.9161
vn 0.8471 -0.4249 0.3191
vn 0.2158 -0.2648 0.9398
vn 0.8143 -0.4397 0.3788
vn 0.1709 -0.2231 0.9597
vn 0.7782 -0.4510 0.4371
vn 0.1281 -0.1782 0.9756
vn 0.7389 -0.4586 0.4937
vn 0.0879 -0.1303 0.9876
vn 0.6969 -0.4622 0.5484
vn 0.0504 -0.0799 0.9955
vn 0.6525 -0.4617 0.6009
vn 0.6062 -0.4569 0.6510
vn 0.5583 -0.4478 0.6984
vn 0.5093 -0.4344 0.7429
vn 0.9510 -0.3090 0.0085
vn 0.4595 -0.4166 0.7844
vn 0.9389 -0.3367 0.0713
vn 0.4096 -0.3944 0.8226
vn 0.9223 -0.3625 0.1341
vn 0.3598 -0.3680 0.8574
vn 0.9013 -0.3860 0.1964
vn 0.3106 -0.3375 0.8886
vn 0.7770 -0.5980 0.1964
vn 0.2169 -0.4042 0.8886
vn 0.7475 -0.6121 0.2582
vn 0.1789 -0.3588 0.9161
vn 0.7148 -0.6223 0.3191
vn 0.1431 -0.3102 0.9398
vn 0.6794 -0.6284 0.3788
vn 0.1100 -0.2586 0.9597
vn 0.6416 -0.6304 0.4371
vn 0.0798 -0.2045 0.9756
vn 0.6016 -0.6279 0.4937
vn 0.0527 -0.1481 0.9876
vn 0.5600 -0.6210 0.5484
vn 0.0290 -0.0899 0.9955
vn 0.5172 -0.6094 0.6009
vn 0.4735 -0.5933 0.6510
vn 0.4294 -0.5726 0.6984
vn 0.3852 -0.5474 0.7429
vn 0.8443 -0.5358 0.0085
vn 0.3415 -0.5178 0.7844
vn 0.8257 -0.5596 0.0713
vn 0.2986 -0.4839 0.8226
vn 0.8032 -0.5805 0.1341
vn 0.2570 -0.4459 0.8574
vn 0.6336 -0.7620 0.1341
vn 0.1380 -0.4958 0.8574
vn 0.6039 -0.7725 0.1964
vn 0.1096 -0.4454 0.8886
vn 0.5718 -0.7787 0.2582
vn 0.0840 -0.3920 0.9161
vn 0.5376 -0.7805 0.3191
vn 0.0615 -0.3360 0.9398
vn 0.5018 -0.7776 0.3788
vn 0.0422 -0.2779 0.9597
vn 0.4646 -0.7701 0.4371
vn 0.0264 -0.2179 0.9756
vn 0.4266 -0.7578 0.4937
vn 0.0142 -0.1565 0.9876
vn 0.3880 -0.7407 0.5484
vn 0.0057 -0.0943 0.9955
vn 0.3494 -0.7189 0.6009
vn 0.3111 -0.6924 0.6510
vn 0.2735 -0.6614 0.6984
vn 0.2370 -0.6260 0.7429
vn 0.6845 -0.7289 0.0085
vn 0.2020 -0.5864 0.7844
vn 0.6606 -0.7474 0.0713
vn 0.1689 -0.5429 0.8226
vn -0.0252 -0.1552 0.9876
vn 0.1916 -0.8140 0.5484
vn -0.0179 -0.0927 0.9955
vn 0.1596 -0.7832 0.6009
vn 0.1291 -0.7480 0.6510
vn 0.1004 -0.7086 0.6984
vn 0.0739 -0.6653 0.7429
vn 0.4817 -0.8763 0.0085
vn 0.0498 -0.6182 0.7844
vn 0.4539 -0.8882 0.0713
vn 0.0286 -0.5679 0.8226
vn 0.4242 -0.8956 0.1341
vn 0.0103 -0.5146 0.8574
vn 0.3928 -0.8984 0.1964
vn -0.0046 -0.4587 0.8886
vn 0.3602 -0.8964 0.2582
vn -0.0161 -0.4006 0.9161
vn 0.3266 -0.8897 0.3191
vn -0.0240 -0.3408 0.9398
vn 0.2926 -0.8780 0.3788
vn -0.0282 -0.2796 0.9597
vn 0.2585 -0.8615 0.4371
vn -0.0286 -0.2176 0.9756
vn 0.2247 -0.8401 0.4937
vn -0.0818 -0.2037 0.9756
vn 0.0087 -0.8696 0.4937
vn -0.0630 -0.1440 0.9876
vn -0.0168 -0.8360 0.5484
vn -0.0404 -0.0853 0.9955
vn -0.0402 -0.7983 0.6009
vn -0.0610 -0.7566 0.6510
vn -0.0790 -0.7113 0.6984
vn -0.0939 -0.6627 0.7429
vn 0.2487 -0.9685 0.0085
vn -0.1055 -0.6112 0.7844
vn 0.2188 -0.9732 0.0713
vn -0.1136 -0.5572 0.8226
vn 0.1881 -0.9730 0.1341
vn -0.1179 -0.5010 0.8574
vn 0.1570 -0.9679 0.1964
vn -0.1185 -0.4431 0.8886
vn 0.1259 -0.9579 0.2582
vn -0.1152 -0.3840 0.9161
vn 0.0951 -0.9429 0.3191
vn -0.1080 -0.3241 0.9398
vn 0.0651 -0.9232 0.3788
vn -0.0969 -0.2638 0.9597
vn 0.0362 -0.8987 0.4371
vn -0.1594 -0.2314 0.9597
vn -0.1885 -0.8794 0.4371
vn -0.1299 -0.1769 0.9756
vn -0.2078 -0.8444 0.4937
vn -0.0968 -0.1238 0.9876
vn -0.2242 -0.8056 0.5484
vn -0.0604 -0.0726 0.9955
vn -0.2374 -0.7632 0.6009
vn -0.2472 -0.7177 0.6510
vn -0.2534 -0.6693 0.6984
vn -0.2558 -0.6186 0.7429
vn -0.0000 -1.0000 0.0085
vn -0.2542 -0.5658 0.7844
vn -0.0301 -0.9970 0.0713
vn -0.2485 -0.5114 0.8226
vn -0.0597 -0.9892 0.1341
vn -0.2388 -0.4559 0.8574
vn -0.0886 -0.9765 0.1964
vn -0.2250 -0.3997 0.8886
vn -0.1163 -0.9591 0.2582
vn -0.2071 -0.3433 0.9161
vn -0.1424 -0.9370 0.3191
vn -0.1852 -0.2870 0.9398
vn -0.1666 -0.9104 0.3788
vn -0.2508 -0.2320 0.9398
vn -0.3877 -0.8403 0.3788
vn -0.2120 -0.1845 0.9597
vn -0.4013 -0.8049 0.4371
vn -0.1698 -0.1390 0.9756
vn -0.4113 -0.7662 0.4937
vn -0.1246 -0.0959 0.9876
vn -0.4175 -0.7245 0.5484
vn -0.0765 -0.0553 0.9955
vn -0.4198 -0.6802 0.6009
vn -0.4179 -0.6337 0.6510
vn -0.4119 -0.5853 0.6984
vn -0.4016 -0.5355 0.7429
vn -0.2487 -0.9685 0.0085
vn -0.3869 -0.4848 0.7844
vn -0.2771 -0.9582 0.0713
vn -0.3679 -0.4335 0.8226
vn -0.3039 -0.9432 0.1341
vn -0.3447 -0.3822 0.8574
vn -0.3287 -0.9238 0.1964
vn -0.3173 -0.3312 0.8886
vn -0.3511 -0.9000 0.2582
vn -0.2860 -0.2810 0.9161
vn -0.3709 -0.8721 0.3191
vn -0.3469 -0.2010 0.9161
vn -0.5762 -0.7525 0.3191
vn -0.3006 -0.1623 0.9398
vn -0.5845 -0.7175 0.3788
vn -0.2512 -0.1260 0.9597
vn -0.5888 -0.6799 0.4371
vn -0.1991 -0.0924 0.9756
vn -0.5889 -0.6399 0.4937
vn -0.1445 -0.0619 0.9876
vn -0.5846 -0.5979 0.5484
vn -0.0879 -0.0345 0.9955
vn -0.5758 -0.5544 0.6009
vn -0.5624 -0.5098 0.6510
vn -0.5445 -0.4645 0.6984
vn -0.5221 -0.4188 0.7429
vn -0.4817 -0.8763 0.0085
vn -0.4953 -0.3733 0.7844
vn -0.5067 -0.8592 0.0713
vn -0.4642 -0.3284 0.8226
vn -0.5289 -0.8380 0.1341
vn -0.4289 -0.2845 0.8574
vn -0.5481 -0.8130 0.1964
vn -0.3897 -0.2419 0.8886
vn -0.5639 -0.7844 0.2582
vn -0.4376 -0.1374 0.8886
vn -0.7413 -0.6195 0.2582
vn -0.3860 -0.1085 0.9161
vn -0.7452 -0.5856 0.3191
vn -0.3315 -0.0825 0.9398
vn -0.7446 -0.5496 0.3788
vn -0.2746 -0.0596 0.9597
vn -0.7394 -0.5121 0.4371
vn -0.2158 -0.0400 0.9756
vn -0.7295 -0.4733 0.4937
vn -0.1553 -0.0240 0.9876
vn -0.7149 -0.4338 0.5484
vn -0.0937 -0.0116 0.9955
vn -0.6955 -0.3938 0.6009
vn -0.6715 -0.3539 0.6510
vn -0.6429 -0.3145 0.6984
vn -0.6099 -0.2758 0.7429
vn -0.6845 -0.7289 0.0085
vn -0.5726 -0.2384 0.7844
vn -0.7044 -0.7062 0.0713
vn -0.5313 -0.2027 0.8226
vn -0.7207 -0.6802 0.1341
vn -0.4862 -0.1689 0.8574
vn -0.7330 -0.6512 0.1964
vn -0.5129 -0.0426 0.8574
vn -0.8720 -0.4484 0.1964
vn -0.4581 -0.0242 0.8886
vn -0.8721 -0.4157 0.2582
vn -0.4008 -0.0091 0.9161
vn -0.8674 -0.3818 0.3191
vn -0.3416 0.0026 0.9398
vn -0.8579 -0.3472 0.3788
vn -0.2808 0.0106 0.9597
vn -0.8435 -0.3121 0.4371
vn -0.2190 0.0149 0.9756
vn -0.8243 -0.2770 0.4937
vn -0.1564 0.0154 0.9876
vn -0.8003 -0.2424 0.5484
vn -0.0937 0.0121 0.9955
vn -0.7716 -0.2085 0.6009
vn -0.7384 -0.1758 0.6510
vn -0.7009 -0.1447 0.6984
vn -0.6593 -0.1155 0.7429
vn -0.8443 -0.5358 0.0085
vn -0.6139 -0.0886 0.7844
vn -0.8579 -0.5088 0.0713
vn -0.5650 -0.0642 0.8226
vn -0.8672 -0.4796 0.1341
vn -0.5632 0.0783 0.8226
vn -0.9592 -0.2489 0.1341
vn -0.5074 0.0863 0.8574
vn -0.9561 -0.2175 0.1964
vn -0.4497 0.0905 0.8886
vn -0.9481 -0.1858 0.2582
vn -0.3905 0.0909 0.9161
vn -0.9351 -0.1541 0.3191
vn -0.3302 0.0874 0.9398
vn -0.9173 -0.1229 0.3788
vn -0.2694 0.0801 0.9597
vn -0.8946 -0.0925 0.4371
vn -0.2084 0.0689 0.9756
vn -0.8673 -0.0633 0.4937
vn -0.1477 0.0538 0.9876
vn -0.8354 -0.0357 0.5484
vn -0.0877 0.0350 0.9955
vn -0.7992 -0.0100 0.6009
vn -0.7590 0.0134 0.6510
vn -0.7149 0.0342 0.6984
vn -0.6673 0.0521 0.7429
vn -0.9510 -0.3090 0.0085
vn -0.6166 0.0669 0.7844
vn -0.9575 -0.2795 0.0713
vn -0.4131 0.1995 0.8886
vn -0.9645 0.0558 0.2582
vn -0.3556 0.1851 0.9161
vn -0.9441 0.0833 0.3191
vn -0.2981 0.1668 0.9398
vn -0.9190 0.1091 0.3788
vn -0.2410 0.1446 0.9597
vn -0.8895 0.1329 0.4371
vn -0.1847 0.1185 0.9756
vn -0.8558 0.1544 0.4937
vn -0.1297 0.0888 0.9876
vn -0.8181 0.1732 0.5484
vn -0.0763 0.0557 0.9955
vn -0.7766 0.1890 0.6009
vn -0.7318 0.2017 0.6510
vn -0.6839 0.2109 0.6984
vn -0.6334 0.2164 0.7429
vn -0.9980 -0.0628 0.0085
vn -0.5806 0.2181 0.7844
vn -0.9969 -0.0326 0.0713
vn -0.5260 0.2159 0.8226
vn -0.9910 -0.0025 0.1341
vn -0.4700 0.2097 0.8574
vn -0.9801 0.0271 0.1964
vn 0.4359 -0.3461 -0.8308
vn 0.9460 -0.2710 -0.1782
vn 0.3854 -0.3254 -0.8634
vn 0.9250 -0.2954 -0.2390
vn 0.3351 -0.3007 -0.8929
vn 0.8999 -0.3176 -0.2988
vn 0.2854 -0.2721 -0.9190
vn 0.8710 -0.3373 -0.3572
vn 0.2365 -0.2395 -0.9416
vn 0.8385 -0.3541 -0.4142
vn 0.1890 -0.2033 -0.9607
vn 0.8026 -0.3679 -0.4695
vn 0.1431 -0.1636 -0.9761
vn 0.7638 -0.3783 -0.5230
vn 0.0992 -0.1205 -0.9877
vn 0.7222 -0.3853 -0.5744
vn 0.0575 -0.0744 -0.9956
vn 0.6783 -0.3886 -0.6236
vn 0.0193 -0.0249 -0.9995
vn 0.6324 -0.3881 -0.6704
vn 0.5849 -0.3837 -0.7146
vn 0.5360 -0.3752 -0.7562
vn 0.9748 -0.2166 -0.0542
vn 0.4863 -0.3627 -0.7950
vn 0.9626 -0.2446 -0.1165
vn 0.3808 -0.4722 -0.7950
vn 0.8715 -0.4763 -0.1165
vn 0.3362 -0.4436 -0.8308
vn 0.8488 -0.4977 -0.1782
vn 0.2924 -0.4111 -0.8634
vn 0.8225 -0.5162 -0.2390
vn 0.2498 -0.3746 -0.8929
vn 0.7927 -0.5314 -0.2988
vn 0.2087 -0.3345 -0.9190
vn 0.7598 -0.5433 -0.3572
vn 0.1695 -0.2908 -0.9416
vn 0.7241 -0.5515 -0.4142
vn 0.1325 -0.2439 -0.9607
vn 0.6859 -0.5559 -0.4695
vn 0.0979 -0.1940 -0.9761
vn 0.6457 -0.5564 -0.5230
vn 0.0661 -0.1414 -0.9877
vn 0.6037 -0.5528 -0.5744
vn 0.0372 -0.0863 -0.9956
vn 0.5604 -0.5451 -0.6236
vn 0.0125 -0.0289 -0.9995
vn 0.5161 -0.5332 -0.6704
vn 0.4711 -0.5171 -0.7146
vn 0.4259 -0.4967 -0.7562
vn 0.8903 -0.4522 -0.0542
vn 0.2890 -0.5870 -0.7562
vn 0.7498 -0.6594 -0.0542
vn 0.2514 -0.5521 -0.7950
vn 0.7257 -0.6781 -0.1165
vn 0.2153 -0.5133 -0.8308
vn 0.6984 -0.6932 -0.1782
vn 0.1810 -0.4709 -0.8634
vn 0.6683 -0.7045 -0.2390
vn 0.1488 -0.4250 -0.8929
vn 0.6356 -0.7119 -0.2988
vn 0.1190 -0.3759 -0.9190
vn 0.6008 -0.7152 -0.3572
vn 0.0919 -0.3239 -0.9416
vn 0.5642 -0.7142 -0.4142
vn 0.0677 -0.2692 -0.9607
vn 0.5261 -0.7090 -0.4695
vn 0.0466 -0.2123 -0.9761
vn 0.4870 -0.6995 -0.5230
vn 0.0289 -0.1534 -0.9877
vn 0.4473 -0.6856 -0.5744
vn 0.0146 -0.0929 -0.9956
vn 0.4072 -0.6673 -0.6236
vn 0.0049 -0.0311 -0.9995
vn 0.3672 -0.6448 -0.6704
vn 0.3277 -0.6180 -0.7146
vn 0.1637 -0.6801 -0.7146
vn 0.1339 -0.6405 -0.7562
vn 0.5623 -0.8252 -0.0542
vn 0.1062 -0.5973 -0.7950
vn 0.5343 -0.8372 -0.1165
vn 0.0809 -0.5507 -0.8308
vn 0.5041 -0.8451 -0.1782
vn 0.0582 -0.5011 -0.8634
vn 0.4721 -0.8485 -0.2390
vn 0.0384 -0.4486 -0.8929
vn 0.4386 -0.8476 -0.2988
vn 0.0218 -0.3937 -0.9190
vn 0.4040 -0.8421 -0.3572
vn 0.0085 -0.3365 -0.9416
vn 0.3688 -0.8321 -0.4142
vn -0.0014 -0.2776 -0.9607
vn 0.3333 -0.8176 -0.4695
vn -0.0076 -0.2172 -0.9761
vn 0.2978 -0.7986 -0.5230
vn -0.0102 -0.1557 -0.9877
vn 0.2627 -0.7753 -0.5744
vn -0.0090 -0.0936 -0.9956
vn 0.2285 -0.7477 -0.6236
vn -0.0030 -0.0313 -0.9995
vn 0.1954 -0.7159 -0.6704
vn 0.0112 -0.7419 -0.6704
vn -0.0105 -0.6994 -0.7146
vn -0.0296 -0.6536 -0.7562
vn 0.3394 -0.9391 -0.0542
vn -0.0457 -0.6049 -0.7950
vn 0.3093 -0.9438 -0.1165
vn -0.0586 -0.5535 -0.8308
vn 0.2781 -0.9439 -0.1782
vn -0.0683 -0.4998 -0.8634
vn 0.2462 -0.9393 -0.2390
vn -0.0743 -0.4441 -0.8929
vn 0.2140 -0.9300 -0.2988
vn -0.0768 -0.3867 -0.9190
vn 0.1819 -0.9161 -0.3572
vn -0.0755 -0.3281 -0.9416
vn 0.1503 -0.8977 -0.4142
vn -0.0704 -0.2685 -0.9607
vn 0.1195 -0.8748 -0.4695
vn -0.0614 -0.2085 -0.9761
vn 0.0898 -0.8476 -0.5230
vn -0.0486 -0.1483 -0.9877
vn 0.0617 -0.8163 -0.5744
vn -0.0320 -0.0884 -0.9956
vn 0.0354 -0.7810 -0.6236
vn -0.0107 -0.0296 -0.9995
vn -0.1600 -0.7652 -0.6236
vn -0.0177 -0.0260 -0.9995
vn -0.1737 -0.7214 -0.6704
vn -0.1842 -0.6748 -0.7146
vn -0.1912 -0.6257 -0.7562
vn 0.0952 -0.9940 -0.0542
vn -0.1947 -0.5745 -0.7950
vn 0.0649 -0.9911 -0.1165
vn -0.1945 -0.5215 -0.8308
vn 0.0346 -0.9834 -0.1782
vn -0.1904 -0.4671 -0.8634
vn 0.0049 -0.9710 -0.2390
vn -0.1824 -0.4116 -0.8929
vn -0.0240 -0.9540 -0.2988
vn -0.1706 -0.3555 -0.9190
vn -0.0516 -0.9326 -0.3572
vn -0.1547 -0.2990 -0.9416
vn -0.0777 -0.9069 -0.4142
vn -0.1350 -0.2426 -0.9607
vn -0.1018 -0.8770 -0.4695
vn -0.1113 -0.1867 -0.9761
vn -0.1238 -0.8433 -0.5230
vn -0.0840 -0.1316 -0.9877
vn -0.1433 -0.8060 -0.5744
vn -0.0529 -0.0777 -0.9956
vn -0.3392 -0.7450 -0.5744
vn -0.0706 -0.0621 -0.9956
vn -0.3453 -0.7014 -0.6236
vn -0.0236 -0.0208 -0.9995
vn -0.3476 -0.6556 -0.6704
vn -0.3462 -0.6078 -0.7146
vn -0.3408 -0.5585 -0.7562
vn -0.1550 -0.9864 -0.0542
vn -0.3315 -0.5081 -0.7950
vn -0.1837 -0.9761 -0.1165
vn -0.3181 -0.4568 -0.8308
vn -0.2110 -0.9611 -0.1782
vn -0.3006 -0.4051 -0.8634
vn -0.2367 -0.9417 -0.2390
vn -0.2791 -0.3533 -0.8929
vn -0.2605 -0.9181 -0.2988
vn -0.2536 -0.3019 -0.9190
vn -0.2819 -0.8905 -0.3572
vn -0.2242 -0.2511 -0.9416
vn -0.3008 -0.8590 -0.4142
vn -0.1911 -0.2014 -0.9607
vn -0.3168 -0.8241 -0.4695
vn -0.1543 -0.1531 -0.9761
vn -0.3296 -0.7860 -0.5230
vn -0.1140 -0.1066 -0.9877
vn -0.5148 -0.6794 -0.5230
vn -0.1370 -0.0748 -0.9877
vn -0.5138 -0.6372 -0.5744
vn -0.0838 -0.0426 -0.9956
vn -0.5088 -0.5935 -0.6236
vn -0.0281 -0.0142 -0.9995
vn -0.4997 -0.5485 -0.6704
vn -0.4865 -0.5026 -0.7146
vn -0.4690 -0.4562 -0.7562
vn -0.3954 -0.9169 -0.0542
vn -0.4474 -0.4097 -0.7950
vn -0.4206 -0.8997 -0.1165
vn -0.4217 -0.3634 -0.8308
vn -0.4434 -0.8784 -0.1782
vn -0.3919 -0.3176 -0.8634
vn -0.4635 -0.8532 -0.2390
vn -0.3582 -0.2728 -0.8929
vn -0.4806 -0.8245 -0.2988
vn -0.3207 -0.2293 -0.9190
vn -0.4945 -0.7924 -0.3572
vn -0.2796 -0.1875 -0.9416
vn -0.5050 -0.7573 -0.4142
vn -0.2351 -0.1476 -0.9607
vn -0.5118 -0.7195 -0.4695
vn -0.1875 -0.1099 -0.9761
vn -0.6562 -0.4894 -0.5744
vn -0.0918 -0.0204 -0.9956
vn -0.6405 -0.4483 -0.6236
vn -0.0307 -0.0068 -0.9995
vn -0.6205 -0.4070 -0.6704
vn -0.5962 -0.3659 -0.7146
vn -0.5677 -0.3253 -0.7562
vn -0.6110 -0.7898 -0.0542
vn -0.5352 -0.2855 -0.7950
vn -0.6312 -0.7669 -0.1165
vn -0.4988 -0.2471 -0.8308
vn -0.6479 -0.7406 -0.1782
vn -0.4586 -0.2102 -0.8634
vn -0.6611 -0.7112 -0.2390
vn -0.4148 -0.1752 -0.8929
vn -0.6706 -0.6790 -0.2988
vn -0.3677 -0.1424 -0.9190
vn -0.6760 -0.6445 -0.3572
vn -0.3175 -0.1120 -0.9416
vn -0.6774 -0.6079 -0.4142
vn -0.2644 -0.0845 -0.9607
vn -0.6746 -0.5696 -0.4695
vn -0.2089 -0.0599 -0.9761
vn -0.6675 -0.5300 -0.5230
vn -0.1513 -0.0384 -0.9877
vn -0.7784 -0.3473 -0.5230
vn -0.1561 0.0004 -0.9877
vn -0.7573 -0.3109 -0.5744
vn -0.0940 0.0031 -0.9956
vn -0.7318 -0.2750 -0.6236
vn -0.0315 0.0010 -0.9995
vn -0.7022 -0.2399 -0.6704
vn -0.6684 -0.2061 -0.7146
vn -0.6308 -0.1738 -0.7562
vn -0.7882 -0.6130 -0.0542
vn -0.5894 -0.1435 -0.7950
vn -0.8020 -0.5858 -0.1165
vn -0.5446 -0.1153 -0.8308
vn -0.8118 -0.5562 -0.1782
vn -0.4964 -0.0895 -0.8634
vn -0.8172 -0.5244 -0.2390
vn -0.4453 -0.0665 -0.8929
vn -0.8184 -0.4909 -0.2988
vn -0.3915 -0.0465 -0.9190
vn -0.8151 -0.4561 -0.3572
vn -0.3354 -0.0296 -0.9416
vn -0.8073 -0.4203 -0.4142
vn -0.2771 -0.0160 -0.9607
vn -0.7951 -0.3839 -0.4695
vn -0.2173 -0.0060 -0.9761
vn -0.8656 -0.1742 -0.4695
vn -0.2119 0.0482 -0.9761
vn -0.8403 -0.1429 -0.5230
vn -0.1511 0.0392 -0.9877
vn -0.8108 -0.1128 -0.5744
vn -0.0903 0.0263 -0.9956
vn -0.7772 -0.0843 -0.6236
vn -0.0302 0.0088 -0.9995
vn -0.7398 -0.0578 -0.6704
vn -0.6987 -0.0334 -0.7146
vn -0.6542 -0.0115 -0.7562
vn -0.9159 -0.3977 -0.0542
vn -0.6066 0.0076 -0.7950
vn -0.9225 -0.3679 -0.1165
vn -0.5561 0.0238 -0.8308
vn -0.9246 -0.3368 -0.1782
vn -0.5031 0.0367 -0.8634
vn -0.9220 -0.3047 -0.2390
vn -0.4479 0.0463 -0.8929
vn -0.9147 -0.2720 -0.2988
vn -0.3908 0.0524 -0.9190
vn -0.9029 -0.2391 -0.3572
vn -0.3322 0.0548 -0.9416
vn -0.8865 -0.2064 -0.4142
vn -0.2724 0.0534 -0.9607
vn -0.9099 0.0206 -0.4142
vn -0.2506 0.1195 -0.9607
vn -0.8817 0.0466 -0.4695
vn -0.1933 0.0994 -0.9761
vn -0.8494 0.0706 -0.5230
vn -0.1366 0.0755 -0.9877
vn -0.8134 0.0924 -0.5744
vn -0.0809 0.0480 -0.9956
vn -0.7738 0.1116 -0.6236
vn -0.0271 0.0160 -0.9995
vn -0.7309 0.1280 -0.6704
vn -0.6850 0.1414 -0.7146
vn -0.6365 0.1515 -0.7562
vn -0.9860 -0.1574 -0.0542
vn -0.5856 0.1582 -0.7950
vn -0.9850 -0.1270 -0.1165
vn -0.5327 0.1613 -0.8308
vn -0.9793 -0.0963 -0.1782
vn -0.4782 0.1607 -0.8634
vn -0.9688 -0.0658 -0.2390
vn -0.4223 0.1562 -0.8929
vn -0.9536 -0.0360 -0.2988
vn -0.3655 0.1479 -0.9190
vn -0.9340 -0.0070 -0.3572
vn -0.3081 0.1356 -0.9416
vn -0.9064 0.2255 -0.3572
vn -0.2647 0.2080 -0.9416
vn -0.8762 0.2462 -0.4142
vn -0.2130 0.1780 -0.9607
vn -0.8424 0.2644 -0.4695
vn -0.1625 0.1443 -0.9761
vn -0.8052 0.2796 -0.5230
vn -0.1135 0.1071 -0.9877
vn -0.7648 0.2918 -0.5744
vn -0.0664 0.0666 -0.9956
vn -0.7217 0.3005 -0.6236
vn -0.0222 0.0223 -0.9995
vn -0.6761 0.3058 -0.6704
vn -0.6284 0.3073 -0.7146
vn -0.5788 0.3051 -0.7562
vn -0.9942 0.0927 -0.0542
vn -0.5279 0.2989 -0.7950
vn -0.9857 0.1220 -0.1165
vn -0.4759 0.2887 -0.8308
vn -0.9725 0.1503 -0.1782
vn -0.4232 0.2746 -0.8634
vn -0.9547 0.1772 -0.2390
vn -0.3702 0.2564 -0.8929
vn -0.9326 0.2023 -0.2988
vn -0.3172 0.2341 -0.9190
vn -0.8530 0.4279 -0.2988
vn -0.2490 0.3057 -0.9190
vn -0.8219 0.4438 -0.3572
vn -0.2047 0.2673 -0.9416
vn -0.7875 0.4564 -0.4142
vn -0.1620 0.2254 -0.9607
vn -0.7502 0.4656 -0.4695
vn -0.1215 0.1802 -0.9761
vn -0.7103 0.4711 -0.5230
vn -0.0833 0.1320 -0.9877
vn -0.6683 0.4728 -0.5744
vn -0.0478 0.0810 -0.9956
vn -0.6243 0.4706 -0.6236
vn -0.0160 0.0271 -0.9995
vn -0.5788 0.4643 -0.6704
vn -0.5322 0.4540 -0.7146
vn -0.4848 0.4394 -0.7562
vn -0.9399 0.3371 -0.0542
vn -0.4370 0.4208 -0.7950
vn -0.9244 0.3633 -0.1165
vn -0.3891 0.3980 -0.8308
vn -0.9045 0.3874 -0.1782
vn -0.3416 0.3712 -0.8634
vn -0.8807 0.4090 -0.2390
vn -0.2948 0.3404 -0.8929
vn -0.7513 0.6152 -0.2390
vn -0.2009 0.4030 -0.8929
vn -0.7198 0.6266 -0.2988
vn -0.1652 0.3580 -0.9190
vn -0.6857 0.6342 -0.3572
vn -0.1318 0.3098 -0.9416
vn -0.6492 0.6379 -0.4142
vn -0.1009 0.2586 -0.9607
vn -0.6108 0.6375 -0.4695
vn -0.0729 0.2048 -0.9761
vn -0.5709 0.6329 -0.5230
vn -0.0479 0.1486 -0.9877
vn -0.5297 0.6241 -0.5744
vn -0.0261 0.0903 -0.9956
vn -0.4877 0.6110 -0.6236
vn -0.0087 0.0302 -0.9995
vn -0.4452 0.5937 -0.6704
vn -0.4026 0.5720 -0.7146
vn -0.3603 0.5462 -0.7562
vn -0.8266 0.5602 -0.0542
vn -0.3186 0.5162 -0.7950
vn -0.8050 0.5818 -0.1165
vn -0.2779 0.4823 -0.8308
vn -0.7798 0.6002 -0.1782
vn -0.2386 0.4445 -0.8634
vn -0.6060 0.7752 -0.1782
vn -0.1205 0.4898 -0.8634
vn -0.5747 0.7827 -0.2390
vn -0.0944 0.4403 -0.8929
vn -0.5414 0.7859 -0.2988
vn -0.0710 0.3878 -0.9190
vn -0.5064 0.7848 -0.3572
vn -0.0506 0.3328 -0.9416
vn -0.4702 0.7793 -0.4142
vn -0.0334 0.2756 -0.9607
vn -0.4331 0.7694 -0.4695
vn -0.0196 0.2165 -0.9761
vn -0.3955 0.7550 -0.5230
vn -0.0094 0.1558 -0.9877
vn -0.3578 0.7362 -0.5744
vn -0.0028 0.0940 -0.9956
vn -0.3204 0.7131 -0.6236
vn -0.0009 0.0315 -0.9995
vn -0.2835 0.6857 -0.6704
vn -0.2477 0.6542 -0.7146
vn -0.2131 0.6186 -0.7562
vn -0.6613 0.7482 -0.0542
vn -0.1802 0.5793 -0.7950
vn -0.6350 0.7637 -0.1165
vn -0.1492 0.5362 -0.8308
vn 0.0296 0.1532 -0.9877
vn -0.1635 0.8021 -0.5744
vn 0.0206 0.0917 -0.9956
vn -0.1330 0.7704 -0.6236
vn 0.0069 0.0307 -0.9995
vn -0.1041 0.7347 -0.6704
vn -0.0772 0.6952 -0.7146
vn -0.0526 0.6522 -0.7562
vn -0.4544 0.8891 -0.0542
vn -0.0305 0.6059 -0.7950
vn -0.4251 0.8976 -0.1165
vn -0.0112 0.5565 -0.8308
vn -0.3942 0.9016 -0.1782
vn 0.0051 0.5044 -0.8634
vn -0.3620 0.9010 -0.2390
vn 0.0181 0.4499 -0.8929
vn -0.3289 0.8959 -0.2988
vn 0.0277 0.3933 -0.9190
vn -0.2953 0.8861 -0.3572
vn 0.0338 0.3350 -0.9416
vn -0.2616 0.8718 -0.4142
vn 0.0362 0.2752 -0.9607
vn -0.2282 0.8529 -0.4695
vn 0.0348 0.2145 -0.9761
vn -0.1953 0.8297 -0.5230
vn 0.0871 0.1991 -0.9761
vn 0.0171 0.8522 -0.5230
vn 0.0668 0.1411 -0.9877
vn 0.0411 0.8176 -0.5744
vn 0.0428 0.0837 -0.9956
vn 0.0628 0.7793 -0.6236
vn 0.0143 0.0280 -0.9995
vn 0.0819 0.7375 -0.6704
vn 0.0981 0.6926 -0.7146
vn 0.1113 0.6448 -0.7562
vn -0.2190 0.9742 -0.0542
vn 0.1211 0.5944 -0.7950
vn -0.1886 0.9751 -0.1165
vn 0.1276 0.5418 -0.8308
vn -0.1576 0.9713 -0.1782
vn 0.1304 0.4873 -0.8634
vn -0.1265 0.9627 -0.2390
vn 0.1294 0.4313 -0.8929
vn -0.0958 0.9495 -0.2988
vn 0.1247 0.3740 -0.9190
vn -0.0657 0.9317 -0.3572
vn 0.1160 0.3160 -0.9416
vn -0.0366 0.9094 -0.4142
vn 0.1035 0.2576 -0.9607
vn -0.0089 0.8829 -0.4695
vn 0.1643 0.2238 -0.9607
vn 0.2110 0.8573 -0.4695
vn 0.1339 0.1712 -0.9761
vn 0.2285 0.8211 -0.5230
vn 0.0998 0.1200 -0.9877
vn 0.2432 0.7816 -0.5744
vn 0.0623 0.0704 -0.9956
vn 0.2546 0.7392 -0.6236
vn 0.0208 0.0236 -0.9995
vn 0.2627 0.6940 -0.6704
vn 0.2673 0.6464 -0.7146
vn 0.2681 0.5968 -0.7562
vn 0.0301 0.9981 -0.0542
vn 0.2652 0.5456 -0.7950
vn 0.0599 0.9914 -0.1165
vn 0.2583 0.4931 -0.8308
vn 0.0889 0.9800 -0.1782
vn 0.2474 0.4396 -0.8634
vn 0.1169 0.9640 -0.2390
vn 0.2326 0.3855 -0.8929
vn 0.1434 0.9435 -0.2988
vn 0.2138 0.3313 -0.9190
vn 0.1681 0.9188 -0.3572
vn 0.1910 0.2772 -0.9416
vn 0.1907 0.8900 -0.4142
vn 0.2539 0.2210 -0.9416
vn 0.4061 0.8146 -0.4142
vn 0.2148 0.1759 -0.9607
vn 0.4175 0.7779 -0.4695
vn 0.1722 0.1326 -0.9761
vn 0.4256 0.7385 -0.5230
vn 0.1265 0.0914 -0.9877
vn 0.4299 0.6966 -0.5744
vn 0.0778 0.0527 -0.9956
vn 0.4304 0.6526 -0.6236
vn 0.0261 0.0176 -0.9995
vn 0.4271 0.6068 -0.6704
vn 0.4196 0.5596 -0.7146
vn 0.4081 0.5114 -0.7562
vn 0.2774 0.9592 -0.0542
vn 0.3925 0.4625 -0.7950
vn 0.3045 0.9453 -0.1165
vn 0.3728 0.4133 -0.8308
vn 0.3298 0.9271 -0.1782
vn 0.3490 0.3642 -0.8634
vn 0.3529 0.9046 -0.2390
vn 0.3212 0.3156 -0.8929
vn 0.3735 0.8782 -0.2988
vn 0.2894 0.2677 -0.9190
vn 0.3913 0.8481 -0.3572
vn 0.3469 0.1873 -0.9190
vn 0.5899 0.7241 -0.3572
vn 0.3009 0.1509 -0.9416
vn 0.5959 0.6880 -0.4142
vn 0.2518 0.1169 -0.9607
vn 0.5979 0.6497 -0.4695
vn 0.1998 0.0856 -0.9761
vn 0.5958 0.6095 -0.5230
vn 0.1453 0.0571 -0.9877
vn 0.5896 0.5678 -0.5744
vn 0.0885 0.0317 -0.9956
vn 0.5792 0.5251 -0.6236
vn 0.0296 0.0106 -0.9995
vn 0.5645 0.4816 -0.6704
vn 0.5456 0.4377 -0.7146
vn 0.5225 0.3938 -0.7562
vn 0.5072 0.8601 -0.0542
vn 0.4952 0.3504 -0.7950
vn 0.5301 0.8399 -0.1165
vn 0.4639 0.3076 -0.8308
vn 0.5500 0.8159 -0.1782
vn 0.4286 0.2660 -0.8634
vn 0.5668 0.7884 -0.2390
vn 0.3896 0.2258 -0.8929
vn 0.5802 0.7577 -0.2988
vn 0.4335 0.1218 -0.8929
vn 0.7504 0.5896 -0.2988
vn 0.3826 0.0952 -0.9190
vn 0.7515 0.5547 -0.3572
vn 0.3290 0.0714 -0.9416
vn 0.7483 0.5182 -0.4142
vn 0.2729 0.0506 -0.9607
vn 0.7407 0.4806 -0.4695
vn 0.2148 0.0332 -0.9761
vn 0.7287 0.4422 -0.5230
vn 0.1549 0.0192 -0.9877
vn 0.7123 0.4033 -0.5744
vn 0.0936 0.0087 -0.9956
vn 0.6916 0.3645 -0.6236
vn 0.0313 0.0029 -0.9995
vn 0.6666 0.3260 -0.6704
vn 0.6373 0.2883 -0.7146
vn 0.6040 0.2515 -0.7562
vn 0.7052 0.7070 -0.0542
vn 0.5668 0.2162 -0.7950
vn 0.7223 0.6817 -0.1165
vn 0.5258 0.1826 -0.8308
vn 0.7356 0.6535 -0.1782
vn 0.4813 0.1511 -0.8634
vn 0.7451 0.6227 -0.2390
vn 0.5037 0.0266 -0.8634
vn 0.8765 0.4178 -0.2390
vn 0.4501 0.0102 -0.8929
vn 0.8734 0.3845 -0.2988
vn 0.3943 -0.0030 -0.9190
vn 0.8658 0.3504 -0.3572
vn 0.3364 -0.0127 -0.9416
vn 0.8536 0.3158 -0.4142
vn 0.2770 -0.0188 -0.9607
vn 0.8369 0.2813 -0.4695
vn 0.2163 -0.0213 -0.9761
vn 0.8158 0.2470 -0.5230
vn 0.1548 -0.0199 -0.9877
vn 0.7903 0.2135 -0.5744
vn 0.0928 -0.0148 -0.9956
vn 0.7605 0.1811 -0.6236
vn 0.0311 -0.0050 -0.9995
vn 0.7267 0.1500 -0.6704
vn 0.6890 0.1207 -0.7146
vn 0.6476 0.0934 -0.7562
vn 0.8588 0.5094 -0.0542
vn 0.6028 0.0685 -0.7950
vn 0.8691 0.4807 -0.1165
vn 0.5547 0.0461 -0.8308
vn 0.8751 0.4500 -0.1782
vn 0.5487 -0.0933 -0.8308
vn 0.9595 0.2183 -0.1782
vn 0.4945 -0.0995 -0.8634
vn 0.9529 0.1867 -0.2390
vn 0.4385 -0.1021 -0.8929
vn 0.9416 0.1552 -0.2988
vn 0.3811 -0.1009 -0.9190
vn 0.9257 0.1240 -0.3572
vn 0.3227 -0.0960 -0.9416
vn 0.9053 0.0936 -0.4142
vn 0.2636 -0.0871 -0.9607
vn 0.8806 0.0643 -0.4695
vn 0.2042 -0.0744 -0.9761
vn 0.8516 0.0364 -0.5230
vn 0.1450 -0.0578 -0.9877
vn 0.8185 0.0103 -0.5744
vn 0.0862 -0.0374 -0.9956
vn 0.7817 -0.0138 -0.6236
vn 0.0289 -0.0125 -0.9995
vn 0.7412 -0.0354 -0.6704
vn 0.6974 -0.0544 -0.7146
vn 0.6505 -0.0706 -0.7562
vn 0.9585 0.2798 -0.0542
vn 0.6008 -0.0836 -0.7950
vn 0.9614 0.2494 -0.1165
vn 0.3994 -0.2079 -0.8929
vn 0.9506 -0.0838 -0.2988
vn 0.3441 -0.1925 -0.9190
vn 0.9275 -0.1101 -0.3572
vn 0.2887 -0.1732 -0.9416
vn 0.9002 -0.1345 -0.4142
vn 0.2336 -0.1499 -0.9607
vn 0.8689 -0.1567 -0.4695
vn 0.1793 -0.1228 -0.9761
vn 0.8339 -0.1765 -0.5230
vn 0.1260 -0.0921 -0.9877
vn 0.7954 -0.1936 -0.5744
vn 0.0742 -0.0577 -0.9956
vn 0.7537 -0.2077 -0.6236
vn 0.0248 -0.0193 -0.9995
vn 0.7091 -0.2186 -0.6704
vn 0.6619 -0.2262 -0.7146
vn 0.6125 -0.2301 -0.7562
vn 0.9980 0.0326 -0.0542
vn 0.5612 -0.2304 -0.7950
vn 0.9932 0.0025 -0.1165
vn 0.5083 -0.2268 -0.8308
vn 0.9836 -0.0272 -0.1782
vn 0.4542 -0.2194 -0.8634
vn 0.9694 -0.0561 -0.2390
vn 0.4558 -0.3400 -0.8226
vn 0.9605 -0.2440 -0.1341
vn 0.4031 -0.3200 -0.8574
vn 0.9426 -0.2700 -0.1964
vn 0.3505 -0.2959 -0.8886
vn 0.9203 -0.2939 -0.2582
vn 0.2984 -0.2678 -0.9161
vn 0.8937 -0.3154 -0.3191
vn 0.2473 -0.2357 -0.9398
vn 0.8630 -0.3342 -0.3788
vn 0.1975 -0.2000 -0.9597
vn 0.8286 -0.3499 -0.4371
vn 0.1494 -0.1607 -0.9756
vn 0.7905 -0.3623 -0.4937
vn 0.1035 -0.1183 -0.9876
vn 0.7493 -0.3712 -0.5484
vn 0.0600 -0.0729 -0.9955
vn 0.7052 -0.3762 -0.6009
vn 0.6587 -0.3773 -0.6510
vn 0.6100 -0.3743 -0.6984
vn 0.5597 -0.3671 -0.7429
vn 0.9823 -0.1874 -0.0085
vn 0.5081 -0.3557 -0.7844
vn 0.9737 -0.2164 -0.0713
vn 0.4037 -0.4709 -0.7844
vn 0.8893 -0.4517 -0.0713
vn 0.3569 -0.4426 -0.8226
vn 0.8696 -0.4752 -0.1341
vn 0.3108 -0.4102 -0.8574
vn 0.8458 -0.4959 -0.1964
vn 0.2659 -0.3738 -0.8886
vn 0.8183 -0.5136 -0.2582
vn 0.2224 -0.3336 -0.9161
vn 0.7872 -0.5278 -0.3191
vn 0.1809 -0.2898 -0.9398
vn 0.7528 -0.5383 -0.3788
vn 0.1415 -0.2428 -0.9597
vn 0.7155 -0.5450 -0.4371
vn 0.1048 -0.1929 -0.9756
vn 0.6756 -0.5476 -0.4937
vn 0.0708 -0.1403 -0.9876
vn 0.6335 -0.5459 -0.5484
vn 0.0400 -0.0855 -0.9955
vn 0.5895 -0.5398 -0.6009
vn 0.5441 -0.5293 -0.6510
vn 0.4977 -0.5143 -0.6984
vn 0.4508 -0.4948 -0.7429
vn 0.9048 -0.4258 -0.0085
vn 0.3136 -0.5914 -0.7429
vn 0.7705 -0.6374 -0.0085
vn 0.2739 -0.5565 -0.7844
vn 0.7490 -0.6587 -0.0713
vn 0.2356 -0.5175 -0.8226
vn 0.7241 -0.6765 -0.1341
vn 0.1990 -0.4746 -0.8574
vn 0.6959 -0.6907 -0.1964
vn 0.1646 -0.4282 -0.8886
vn 0.6649 -0.7009 -0.2582
vn 0.1325 -0.3784 -0.9161
vn 0.6312 -0.7070 -0.3191
vn 0.1031 -0.3257 -0.9398
vn 0.5953 -0.7086 -0.3788
vn 0.0767 -0.2704 -0.9597
vn 0.5575 -0.7058 -0.4371
vn 0.0535 -0.2129 -0.9756
vn 0.5182 -0.6984 -0.4937
vn 0.0337 -0.1535 -0.9876
vn 0.4778 -0.6862 -0.5484
vn 0.0175 -0.0928 -0.9955
vn 0.4367 -0.6694 -0.6009
vn 0.3954 -0.6480 -0.6510
vn 0.3542 -0.6219 -0.6984
vn 0.1884 -0.6905 -0.6984
vn 0.1567 -0.6508 -0.7429
vn 0.5878 -0.8090 -0.0085
vn 0.1269 -0.6071 -0.7844
vn 0.5617 -0.8243 -0.0713
vn 0.0995 -0.5598 -0.8226
vn 0.5331 -0.8354 -0.1341
vn 0.0748 -0.5092 -0.8574
vn 0.5023 -0.8421 -0.1964
vn 0.0529 -0.4556 -0.8886
vn 0.4697 -0.8442 -0.2582
vn 0.0342 -0.3995 -0.9161
vn 0.4356 -0.8417 -0.3191
vn 0.0189 -0.3411 -0.9398
vn 0.4004 -0.8344 -0.3788
vn 0.0071 -0.2809 -0.9597
vn 0.3644 -0.8223 -0.4371
vn -0.0011 -0.2195 -0.9756
vn 0.3282 -0.8053 -0.4937
vn -0.0055 -0.1571 -0.9876
vn 0.2921 -0.7835 -0.5484
vn -0.0062 -0.0942 -0.9955
vn 0.2565 -0.7570 -0.6009
vn 0.2218 -0.7259 -0.6510
vn 0.0343 -0.7583 -0.6510
vn 0.0108 -0.7156 -0.6984
vn -0.0101 -0.6693 -0.7429
vn 0.3681 -0.9297 -0.0085
vn -0.0280 -0.6196 -0.7844
vn 0.3391 -0.9381 -0.0713
vn -0.0428 -0.5670 -0.8226
vn 0.3086 -0.9417 -0.1341
vn -0.0542 -0.5118 -0.8574
vn 0.2771 -0.9405 -0.1964
vn -0.0621 -0.4545 -0.8886
vn 0.2450 -0.9345 -0.2582
vn -0.0662 -0.3954 -0.9161
vn 0.2125 -0.9236 -0.3191
vn -0.0665 -0.3351 -0.9398
vn 0.1803 -0.9078 -0.3788
vn -0.0630 -0.2739 -0.9597
vn 0.1485 -0.8871 -0.4371
vn -0.0556 -0.2123 -0.9756
vn 0.1177 -0.8616 -0.4937
vn -0.0444 -0.1508 -0.9876
vn 0.0881 -0.8315 -0.5484
vn -0.0294 -0.0897 -0.9955
vn 0.0602 -0.7970 -0.6009
vn -0.1399 -0.7870 -0.6009
vn -0.1553 -0.7430 -0.6510
vn -0.1675 -0.6958 -0.6984
vn -0.1762 -0.6457 -0.7429
vn 0.1253 -0.9921 -0.0085
vn -0.1813 -0.5932 -0.7844
vn 0.0951 -0.9929 -0.0713
vn -0.1825 -0.5385 -0.8226
vn 0.0647 -0.9889 -0.1341
vn -0.1798 -0.4822 -0.8574
vn 0.0345 -0.9799 -0.1964
vn -0.1731 -0.4248 -0.8886
vn 0.0049 -0.9661 -0.2582
vn -0.1625 -0.3665 -0.9161
vn -0.0238 -0.9474 -0.3191
vn -0.1478 -0.3080 -0.9398
vn -0.0511 -0.9241 -0.3788
vn -0.1292 -0.2496 -0.9597
vn -0.0768 -0.8961 -0.4371
vn -0.1067 -0.1918 -0.9756
vn -0.1003 -0.8638 -0.4937
vn -0.0805 -0.1350 -0.9876
vn -0.1215 -0.8273 -0.5484
vn -0.0508 -0.0796 -0.9955
vn -0.3234 -0.7711 -0.5484
vn -0.0690 -0.0645 -0.9955
vn -0.3312 -0.7275 -0.6009
vn -0.3352 -0.6810 -0.6510
vn -0.3353 -0.6323 -0.6984
vn -0.3313 -0.5816 -0.7429
vn -0.1253 -0.9921 -0.0085
vn -0.3231 -0.5295 -0.7844
vn -0.1548 -0.9854 -0.0713
vn -0.3107 -0.4762 -0.8226
vn -0.1832 -0.9739 -0.1341
vn -0.2941 -0.4224 -0.8574
vn -0.2103 -0.9577 -0.1964
vn -0.2733 -0.3684 -0.8886
vn -0.2356 -0.9369 -0.2582
vn -0.2485 -0.3146 -0.9161
vn -0.2587 -0.9117 -0.3191
vn -0.2197 -0.2616 -0.9398
vn -0.2793 -0.8823 -0.3788
vn -0.1872 -0.2096 -0.9597
vn -0.2972 -0.8489 -0.4371
vn -0.1510 -0.1592 -0.9756
vn -0.3120 -0.8117 -0.4937
vn -0.1116 -0.1107 -0.9876
vn -0.5040 -0.7086 -0.4937
vn -0.1356 -0.0795 -0.9876
vn -0.5050 -0.6665 -0.5484
vn -0.0829 -0.0453 -0.9955
vn -0.5017 -0.6222 -0.6009
vn -0.4941 -0.5763 -0.6510
vn -0.4820 -0.5290 -0.6984
vn -0.4655 -0.4810 -0.7429
vn -0.3681 -0.9297 -0.0085
vn -0.4446 -0.4325 -0.7844
vn -0.3950 -0.9159 -0.0713
vn -0.4194 -0.3840 -0.8226
vn -0.4197 -0.8977 -0.1341
vn -0.3899 -0.3360 -0.8574
vn -0.4418 -0.8753 -0.1964
vn -0.3563 -0.2888 -0.8886
vn -0.4612 -0.8489 -0.2582
vn -0.3189 -0.2429 -0.9161
vn -0.4773 -0.8188 -0.3191
vn -0.2779 -0.1987 -0.9398
vn -0.4900 -0.7851 -0.3788
vn -0.2334 -0.1565 -0.9597
vn -0.4990 -0.7483 -0.4371
vn -0.1859 -0.1167 -0.9756
vn -0.6549 -0.5200 -0.5484
vn -0.0915 -0.0232 -0.9955
vn -0.6407 -0.4779 -0.6009
vn -0.6219 -0.4353 -0.6510
vn -0.5984 -0.3926 -0.6984
vn -0.5705 -0.3501 -0.7429
vn -0.5878 -0.8090 -0.0085
vn -0.5382 -0.3083 -0.7844
vn -0.6104 -0.7889 -0.0713
vn -0.5017 -0.2676 -0.8226
vn -0.6297 -0.7651 -0.1341
vn -0.4612 -0.2285 -0.8574
vn -0.6456 -0.7379 -0.1964
vn -0.4170 -0.1911 -0.8886
vn -0.6578 -0.7076 -0.2582
vn -0.3693 -0.1560 -0.9161
vn -0.6659 -0.6743 -0.3191
vn -0.3186 -0.1234 -0.9398
vn -0.6699 -0.6386 -0.3788
vn -0.2650 -0.0935 -0.9597
vn -0.6694 -0.6007 -0.4371
vn -0.2091 -0.0668 -0.9756
vn -0.6644 -0.5610 -0.4937
vn -0.1511 -0.0433 -0.9876
vn -0.7831 -0.3782 -0.4937
vn -0.1571 -0.0043 -0.9876
vn -0.7636 -0.3408 -0.5484
vn -0.0944 0.0002 -0.9955
vn -0.7394 -0.3036 -0.6009
vn -0.7106 -0.2670 -0.6510
vn -0.6773 -0.2314 -0.6984
vn -0.6396 -0.1972 -0.7429
vn -0.7705 -0.6374 -0.0085
vn -0.5980 -0.1648 -0.7844
vn -0.7874 -0.6123 -0.0713
vn -0.5525 -0.1345 -0.8226
vn -0.8002 -0.5845 -0.1341
vn -0.5035 -0.1066 -0.8574
vn -0.8089 -0.5542 -0.1964
vn -0.4514 -0.0814 -0.8886
vn -0.8131 -0.5218 -0.2582
vn -0.3965 -0.0592 -0.9161
vn -0.8127 -0.4876 -0.3191
vn -0.3392 -0.0403 -0.9398
vn -0.8076 -0.4520 -0.3788
vn -0.2800 -0.0247 -0.9597
vn -0.7978 -0.4154 -0.4371
vn -0.2191 -0.0127 -0.9756
vn -0.8760 -0.2039 -0.4371
vn -0.2154 0.0422 -0.9756
vn -0.8525 -0.1715 -0.4937
vn -0.1533 0.0349 -0.9876
vn -0.8244 -0.1401 -0.5484
vn -0.0914 0.0237 -0.9955
vn -0.7917 -0.1101 -0.6009
vn -0.7547 -0.0819 -0.6510
vn -0.7135 -0.0557 -0.6984
vn -0.6686 -0.0320 -0.7429
vn -0.9048 -0.4258 -0.0085
vn -0.6201 -0.0109 -0.7844
vn -0.9149 -0.3973 -0.0713
vn -0.5686 0.0071 -0.8226
vn -0.9205 -0.3671 -0.1341
vn -0.5142 0.0220 -0.8574
vn -0.9213 -0.3356 -0.1964
vn -0.4575 0.0334 -0.8886
vn -0.9173 -0.3032 -0.2582
vn -0.3988 0.0412 -0.9161
vn -0.9084 -0.2701 -0.3191
vn -0.3386 0.0454 -0.9398
vn -0.8946 -0.2369 -0.3788
vn -0.2773 0.0457 -0.9597
vn -0.9255 -0.0070 -0.3788
vn -0.2572 0.1132 -0.9597
vn -0.8992 0.0203 -0.4371
vn -0.1981 0.0944 -0.9756
vn -0.8684 0.0459 -0.4937
vn -0.1398 0.0719 -0.9876
vn -0.8333 0.0693 -0.5484
vn -0.0826 0.0457 -0.9955
vn -0.7942 0.0902 -0.6009
vn -0.7513 0.1084 -0.6510
vn -0.7050 0.1235 -0.6984
vn -0.6555 0.1353 -0.7429
vn -0.9823 -0.1874 -0.0085
vn -0.6034 0.1437 -0.7844
vn -0.9850 -0.1573 -0.0713
vn -0.5489 0.1483 -0.8226
vn -0.9828 -0.1267 -0.1341
vn -0.4926 0.1492 -0.8574
vn -0.9758 -0.0960 -0.1964
vn -0.4348 0.1461 -0.8886
vn -0.9639 -0.0655 -0.2582
vn -0.3760 0.1391 -0.9161
vn -0.9471 -0.0357 -0.3191
vn -0.3167 0.1281 -0.9398
vn -0.9262 0.2009 -0.3191
vn -0.2748 0.2029 -0.9398
vn -0.8981 0.2234 -0.3788
vn -0.2210 0.1736 -0.9597
vn -0.8659 0.2433 -0.4371
vn -0.1684 0.1407 -0.9756
vn -0.8297 0.2604 -0.4937
vn -0.1175 0.1044 -0.9876
vn -0.7899 0.2743 -0.5484
vn -0.0687 0.0648 -0.9955
vn -0.7468 0.2849 -0.6009
vn -0.7008 0.2918 -0.6510
vn -0.6521 0.2949 -0.6984
vn -0.6013 0.2941 -0.7429
vn -0.9980 0.0628 -0.0085
vn -0.5487 0.2892 -0.7844
vn -0.9931 0.0926 -0.0713
vn -0.4948 0.2802 -0.8226
vn -0.9835 0.1217 -0.1341
vn -0.4400 0.2670 -0.8574
vn -0.9690 0.1497 -0.1964
vn -0.3848 0.2497 -0.8886
vn -0.9499 0.1763 -0.2582
vn -0.3296 0.2283 -0.9161
vn -0.8762 0.4069 -0.2582
vn -0.2625 0.3031 -0.9161
vn -0.8471 0.4249 -0.3191
vn -0.2158 0.2648 -0.9398
vn -0.8143 0.4397 -0.3788
vn -0.1709 0.2231 -0.9597
vn -0.7782 0.4510 -0.4371
vn -0.1281 0.1782 -0.9756
vn -0.7389 0.4586 -0.4937
vn -0.0879 0.1303 -0.9876
vn -0.6969 0.4622 -0.5484
vn -0.0504 0.0799 -0.9955
vn -0.6525 0.4617 -0.6009
vn -0.6062 0.4569 -0.6510
vn -0.5583 0.4478 -0.6984
vn -0.5093 0.4344 -0.7429
vn -0.9510 0.3090 -0.0085
vn -0.4595 0.4166 -0.7844
vn -0.9389 0.3367 -0.0713
vn -0.4096 0.3944 -0.8226
vn -0.9223 0.3625 -0.1341
vn -0.3598 0.3680 -0.8574
vn -0.9013 0.3860 -0.1964
vn -0.3106 0.3375 -0.8886
vn -0.7770 0.5980 -0.1964
vn -0.2169 0.4042 -0.8886
vn -0.7475 0.6121 -0.2582
vn -0.1789 0.3588 -0.9161
vn -0.7148 0.6223 -0.3191
vn -0.1431 0.3102 -0.9398
vn -0.6794 0.6284 -0.3788
vn -0.1100 0.2586 -0.9597
vn -0.6416 0.6304 -0.4371
vn -0.0798 0.2045 -0.9756
vn -0.6016 0.6279 -0.4937
vn -0.0527 0.1481 -0.9876
vn -0.5600 0.6210 -0.5484
vn -0.0290 0.0899 -0.9955
vn -0.5172 0.6094 -0.6009
vn -0.4735 0.5933 -0.6510
vn -0.4294 0.5726 -0.6984
vn -0.3852 0.5474 -0.7429
vn -0.8443 0.5358 -0.0085
vn -0.3415 0.5178 -0.7844
vn -0.8257 0.5596 -0.0713
vn -0.2986 0.4839 -0.8226
vn -0.8032 0.5805 -0.1341
vn -0.2570 0.4459 -0.8574
vn -0.6336 0.7620 -0.1341
vn -0.1380 0.4958 -0.8574
vn -0.6039 0.7725 -0.1964
vn -0.1096 0.4454 -0.8886
vn -0.5718 0.7787 -0.2582
vn -0.0840 0.3920 -0.9161
vn -0.5376 0.7805 -0.3191
vn -0.0615 0.3360 -0.9398
vn -0.5018 0.7776 -0.3788
vn -0.0422 0.2778 -0.9597
vn -0.4646 0.7701 -0.4371
vn -0.0264 0.2179 -0.9756
vn -0.4266 0.7578 -0.4937
vn -0.0142 0.1565 -0.9876
vn -0.3880 0.7407 -0.5484
vn -0.0057 0.0943 -0.9955
vn -0.3494 0.7189 -0.6009
vn -0.3111 0.6924 -0.6510
vn -0.2735 0.6614 -0.6984
vn -0.2370 0.6260 -0.7429
vn -0.6845 0.7289 -0.0085
vn -0.2020 0.5864 -0.7844
vn -0.6606 0.7474 -0.0713
vn -0.1689 0.5429 -0.8226
vn 0.0252 0.1552 -0.9876
vn -0.1916 0.8139 -0.5484
vn 0.0179 0.0927 -0.9955
vn -0.1596 0.7832 -0.6009
vn -0.1291 0.7480 -0.6510
vn -0.1004 0.7086 -0.6984
vn -0.0739 0.6653 -0.7429
vn -0.4817 0.8763 -0.0085
vn -0.0498 0.6182 -0.7844
vn -0.4540 0.8882 -0.0713
vn -0.0286 0.5679 -0.8226
vn -0.4242 0.8956 -0.1341
vn -0.0103 0.5146 -0.8574
vn -0.3928 0.8984 -0.1964
vn 0.0046 0.4587 -0.8886
vn -0.3602 0.8964 -0.2582
vn 0.0161 0.4006 -0.9161
vn -0.3266 0.8897 -0.3191
vn 0.0240 0.3408 -0.9398
vn -0.2926 0.8780 -0.3788
vn 0.0282 0.2796 -0.9597
vn -0.2585 0.8615 -0.4371
vn 0.0286 0.2176 -0.9756
vn -0.2247 0.8401 -0.4937
vn 0.0818 0.2037 -0.9756
vn -0.0087 0.8696 -0.4937
vn 0.0630 0.1440 -0.9876
vn 0.0168 0.8360 -0.5484
vn 0.0404 0.0853 -0.9955
vn 0.0402 0.7983 -0.6009
vn 0.0610 0.7566 -0.6510
vn 0.0790 0.7113 -0.6984
vn 0.0939 0.6627 -0.7429
vn -0.2487 0.9685 -0.0085
vn 0.1055 0.6112 -0.7844
vn -0.2188 0.9732 -0.0713
vn 0.1136 0.5572 -0.8226
vn -0.1881 0.9730 -0.1341
vn 0.1179 0.5010 -0.8574
vn -0.1570 0.9679 -0.1964
vn 0.1185 0.4431 -0.8886
vn -0.1259 0.9579 -0.2582
vn 0.1152 0.3840 -0.9161
vn -0.0951 0.9429 -0.3191
vn 0.1080 0.3241 -0.9398
vn -0.0651 0.9232 -0.3788
vn 0.0969 0.2638 -0.9597
vn -0.0362 0.8987 -0.4371
vn 0.1594 0.2314 -0.9597
vn 0.1885 0.8794 -0.4371
vn 0.1299 0.1769 -0.9756
vn 0.2078 0.8444 -0.4937
vn 0.0968 0.1238 -0.9876
vn 0.2242 0.8056 -0.5484
vn 0.0604 0.0726 -0.9955
vn 0.2374 0.7632 -0.6009
vn 0.2472 0.7177 -0.6510
vn 0.2534 0.6693 -0.6984
vn 0.2558 0.6186 -0.7429
vn -0.0000 1.0000 -0.0085
vn 0.2542 0.5658 -0.7844
vn 0.0301 0.9970 -0.0713
vn 0.2485 0.5114 -0.8226
vn 0.0597 0.9892 -0.1341
vn 0.2388 0.4559 -0.8574
vn 0.0886 0.9765 -0.1964
vn 0.2250 0.3997 -0.8886
vn 0.1163 0.9591 -0.2582
vn 0.2071 0.3433 -0.9161
vn 0.1424 0.9370 -0.3191
vn 0.1852 0.2870 -0.9398
vn 0.1666 0.9104 -0.3788
vn 0.2508 0.2320 -0.9398
vn 0.3877 0.8403 -0.3788
vn 0.2120 0.1845 -0.9597
vn 0.4013 0.8049 -0.4371
vn 0.1698 0.1390 -0.9756
vn 0.4113 0.7662 -0.4937
vn 0.1246 0.0959 -0.9876
vn 0.4175 0.7245 -0.5484
vn 0.0765 0.0553 -0.9955
vn 0.4198 0.6802 -0.6009
vn 0.4179 0.6337 -0.6510
vn 0.4119 0.5853 -0.6984
vn 0.4016 0.5355 -0.7429
vn 0.2487 0.9685 -0.0085
vn 0.3869 0.4848 -0.7844
vn 0.2771 0.9582 -0.0713
vn 0.3679 0.4335 -0.8226
vn 0.3039 0.9432 -0.1341
vn 0.3447 0.3822 -0.8574
vn 0.3287 0.9238 -0.1964
vn 0.3173 0.3312 -0.8886
vn 0.3511 0.9000 -0.2582
vn 0.2860 0.2810 -0.9161
vn 0.3709 0.8721 -0.3191
vn 0.3469 0.2010 -0.9161
vn 0.5762 0.7525 -0.3191
vn 0.3006 0.1623 -0.9398
vn 0.5845 0.7175 -0.3788
vn 0.2512 0.1260 -0.9597
vn 0.5888 0.6799 -0.4371
vn 0.1991 0.0924 -0.9756
vn 0.5889 0.6399 -0.4937
vn 0.1445 0.0619 -0.9876
vn 0.5846 0.5979 -0.5484
vn 0.0879 0.0345 -0.9955
vn 0.5757 0.5544 -0.6009
vn 0.5624 0.5098 -0.6510
vn 0.5445 0.4645 -0.6984
vn 0.5221 0.4188 -0.7429
vn 0.4817 0.8763 -0.0085
vn 0.4953 0.3733 -0.7844
vn 0.5067 0.8592 -0.0713
vn 0.4642 0.3284 -0.8226
vn 0.5289 0.8380 -0.1341
vn 0.4289 0.2845 -0.8574
vn 0.5481 0.8130 -0.1964
vn 0.3897 0.2419 -0.8886
vn 0.5639 0.7844 -0.2582
vn 0.4376 0.1373 -0.8886
vn 0.7413 0.6195 -0.2582
vn 0.3860 0.1085 -0.9161
vn 0.7452 0.5856 -0.3191
vn 0.3315 0.0825 -0.9398
vn 0.7446 0.5496 -0.3788
vn 0.2746 0.0596 -0.9597
vn 0.7394 0.5121 -0.4371
vn 0.2158 0.0400 -0.9756
vn 0.7295 0.4733 -0.4937
vn 0.1553 0.0240 -0.9876
vn 0.7149 0.4338 -0.5484
vn 0.0937 0.0116 -0.9955
vn 0.6955 0.3938 -0.6009
vn 0.6715 0.3539 -0.6510
vn 0.6429 0.3145 -0.6984
vn 0.6099 0.2758 -0.7429
vn 0.6845 0.7289 -0.0085
vn 0.5726 0.2384 -0.7844
vn 0.7044 0.7062 -0.0713
vn 0.5313 0.2027 -0.8226
vn 0.7207 0.6802 -0.1341
vn 0.4862 0.1689 -0.8574
vn 0.7330 0.6512 -0.1964
vn 0.5129 0.0426 -0.8574
vn 0.8720 0.4484 -0.1964
vn 0.4581 0.0242 -0.8886
vn 0.8721 0.4157 -0.2582
vn 0.4008 0.0091 -0.9161
vn 0.8674 0.3818 -0.3191
vn 0.3416 -0.0026 -0.9398
vn 0.8579 0.3472 -0.3788
vn 0.2808 -0.0106 -0.9597
vn 0.8435 0.3121 -0.4371
vn 0.2190 -0.0149 -0.9756
vn 0.8243 0.2770 -0.4937
vn 0.1564 -0.0154 -0.9876
vn 0.8003 0.2424 -0.5484
vn 0.0937 -0.0121 -0.9955
vn 0.7716 0.2085 -0.6009
vn 0.7384 0.1758 -0.6510
vn 0.7009 0.1447 -0.6984
vn 0.6593 0.1155 -0.7429
vn 0.8443 0.5358 -0.0085
vn 0.6139 0.0886 -0.7844
vn 0.8579 0.5088 -0.0713
vn 0.5650 0.0642 -0.8226
vn 0.8672 0.4796 -0.1341
vn 0.5632 -0.0783 -0.8226
vn 0.9592 0.2489 -0.1341
vn 0.5074 -0.0863 -0.8574
vn 0.9561 0.2175 -0.1964
vn 0.4497 -0.0905 -0.8886
vn 0.9481 0.1858 -0.2582
vn 0.3905 -0.0909 -0.9161
vn 0.9351 0.1541 -0.3191
vn 0.3302 -0.0874 -0.9398
vn 0.9173 0.1229 -0.3788
vn 0.2694 -0.0801 -0.9597
vn 0.8946 0.0925 -0.4371
vn 0.2084 -0.0689 -0.9756
vn 0.8673 0.0633 -0.4937
vn 0.1477 -0.0538 -0.9876
vn 0.8354 0.0357 -0.5484
vn 0.0877 -0.0350 -0.9955
vn 0.7992 0.0100 -0.6009
vn 0.7590 -0.0134 -0.6510
vn 0.7149 -0.0342 -0.6984
vn 0.6673 -0.0521 -0.7429
vn 0.9510 0.3090 -0.0085
vn 0.6166 -0.0669 -0.7844
vn 0.9575 0.2795 -0.0713
vn 0.4131 -0.1995 -0.8886
vn 0.9645 -0.0558 -0.2582
vn 0.3556 -0.1851 -0.9161
vn 0.9441 -0.0833 -0.3191
vn 0.2981 -0.1668 -0.9398
vn 0.9190 -0.1091 -0.3788
vn 0.2410 -0.1446 -0.9597
vn 0.8895 -0.1329 -0.4371
vn 0.1847 -0.1185 -0.9756
vn 0.8558 -0.1544 -0.4937
vn 0.1297 -0.0888 -0.9876
vn 0.8181 -0.1732 -0.5484
vn 0.0763 -0.0557 -0.9955
vn 0.7766 -0.1890 -0.6009
vn 0.7318 -0.2017 -0.6510
vn 0.6839 -0.2109 -0.6984
vn 0.6334 -0.2164 -0.7429
vn 0.9980 0.0628 -0.0085
vn 0.5806 -0.2181 -0.7844
vn 0.9969 0.0326 -0.0713
vn 0.5260 -0.2159 -0.8226
vn 0.9910 0.0025 -0.1341
vn 0.4700 -0.2097 -0.8574
vn 0.9801 -0.0271 -0.1964
vn -0.9704 0.2413 -0.0000
vn 0.6622 0.7493 -0.0000
vn -0.8932 -0.4497 -0.0000
vn -0.9489 0.3156 -0.0000
vn 0.7108 0.7034 -0.0000
vn -0.9350 -0.3546 -0.0000
vn -0.9229 0.3849 -0.0000
vn 0.9990 0.0452 -0.0000
vn 0.7551 0.6556 -0.0000
vn -0.9650 -0.2624 -0.0000
vn -0.8932 0.4497 -0.0000
vn 0.9935 -0.1138 -0.0000
vn 0.7954 0.6061 -0.0000
vn -0.9848 -0.1736 -0.0000
vn -0.8601 0.5101 -0.0000
vn 0.9642 -0.2653 -0.0000
vn 0.8318 0.5550 -0.0000
vn -0.9961 -0.0887 -0.0000
vn -0.8241 0.5664 -0.0000
vn 0.9148 -0.4039 -0.0000
vn 0.9980 -0.0628 -0.0000
vn 0.8645 0.5026 -0.0000
vn -1.0000 -0.0076 -0.0000
vn -0.7855 0.6189 -0.0000
vn 0.8502 -0.5265 -0.0000
vn 0.8936 0.4488 -0.0000
vn -0.9976 0.0697 -0.0000
vn -0.7444 0.6678 -0.0000
vn 0.7751 -0.6318 -0.0000
vn 0.9192 0.3938 -0.0000
vn -0.9897 0.1433 -0.0000
vn -0.7011 0.7131 -0.0000
vn 0.6937 -0.7203 -0.0000
vn -0.9770 0.2134 -0.0000
vn -0.6557 0.7550 -0.0000
vn 0.6091 -0.7931 -0.0000
vn -0.9600 0.2801 -0.0000
vn -0.6083 0.7937 -0.0000
vn 0.5235 -0.8520 -0.0000
vn -0.9391 0.3437 -0.0000
vn -0.5590 0.8291 -0.0000
vn 0.4385 -0.8987 -0.0000
vn -0.9147 0.4041 -0.0000
vn 0.4971 0.8677 -0.0000
vn 0.3551 -0.9348 -0.0000
vn -0.8871 0.4617 -0.0000
vn 0.6285 0.7778 -0.0000
vn 0.2738 -0.9618 -0.0000
vn -0.8564 0.5163 -0.0000
vn 0.7406 0.6719 -0.0000
vn 0.1948 -0.9808 -0.0000
vn -0.8228 0.5683 -0.0000
vn 0.8312 0.5560 -0.0000
vn 0.1185 -0.9930 -0.0000
vn -0.9455 0.3257 -0.0000
vn -0.7866 0.6175 -0.0000
vn 0.9001 0.4357 -0.0000
vn 0.0447 -0.9990 -0.0000
vn -0.8818 0.4716 -0.0000
vn -0.7477 0.6641 -0.0000
vn 0.9488 0.3159 -0.0000
vn -0.0266 -0.9996 -0.0000
vn -0.7988 0.6016 -0.0000
vn 0.9798 0.1998 -0.0000
vn -0.0953 -0.9954 -0.0000
vn -0.7019 0.7123 -0.0000
vn 0.9960 0.0893 -0.0000
vn -0.1616 -0.9869 -0.0000
vn -0.5967 0.8025 -0.0000
vn 0.9999 -0.0145 -0.0000
vn -0.2256 -0.9742 -0.0000
vn -0.4881 0.8728 -0.0000
vn 0.9938 -0.1113 -0.0000
vn -0.2873 -0.9579 -0.0000
vn -0.3799 0.9250 -0.0000
vn 0.9796 -0.2011 -0.0000
vn -0.3467 -0.9380 -0.0000
vn -0.2744 0.9616 -0.0000
vn 0.9588 -0.2842 -0.0000
vn -0.4040 -0.9148 -0.0000
vn -0.1731 0.9849 -0.0000
vn 0.9325 -0.3611 -0.0000
vn -0.4592 -0.8883 -0.0000
vn -0.0769 0.9970 -0.0000
vn 0.9019 -0.4320 -0.0000
vn -0.5122 -0.8589 -0.0000
vn 0.0140 0.9999 -0.0000
vn 0.8674 -0.4976 -0.0000
vn -0.9968 0.0804 -0.0000
vn 0.0995 0.9950 -0.0000
vn 0.8298 -0.5581 -0.0000
vn -0.9714 0.2375 -0.0000
vn 0.1799 0.9837 -0.0000
vn 0.7894 -0.6138 -0.0000
vn -0.9233 0.3841 -0.0000
vn 0.2554 0.9668 -0.0000
vn 0.7466 -0.6652 -0.0000
vn -0.8569 0.5154 -0.0000
vn 0.3262 0.9453 -0.0000
vn -0.0000 -1.0000 -0.0000
vn 0.7017 -0.7125 -0.0000
vn -0.5980 0.8015 -0.0000
vn 0.3927 0.9197 -0.0000
vn 0.6548 -0.7558 -0.0000
vn -0.3224 0.9466 -0.0000
vn 0.4550 0.8905 -0.0000
vn 0.6062 -0.7953 -0.0000
vn -0.2351 0.9720 -0.0000
vn 0.5135 0.8581 -0.0000
vn -0.9048 0.4258 -0.0000
vn 0.5559 -0.8313 -0.0000
vn -0.1511 0.9885 -0.0000
vn 0.5684 0.8228 -0.0000
vn 0.7592 -0.6509 -0.0000
vn 0.5040 -0.8637 -0.0000
vn -0.0704 0.9975 -0.0000
vn 0.6197 0.7848 -0.0000
vn 0.6463 -0.7631 -0.0000
vn 0.4507 -0.8927 -0.0000
vn 0.0069 1.0000 -0.0000
vn 0.6677 0.7445 -0.0000
vn 0.5212 -0.8534 -0.0000
vn 0.0809 0.9967 -0.0000
vn 0.7124 0.7018 -0.0000
vn 0.3903 -0.9207 -0.0000
vn 0.1516 0.9884 -0.0000
vn 0.7539 0.6569 -0.0000
vn 0.2594 -0.9658 -0.0000
vn 0.2193 0.9757 -0.0000
vn 0.7924 0.6100 -0.0000
vn 0.1326 -0.9912 -0.0000
vn 0.6158 0.7879 -0.0000
vn 0.8972 -0.4417 -0.0000
vn 0.0127 -0.9999 -0.0000
vn 0.8158 -0.5784 -0.0000
vn -0.0989 -0.9951 -0.0000
vn 0.7171 -0.6970 -0.0000
vn -0.2016 -0.9795 -0.0000
vn 0.6070 -0.7947 -0.0000
vn -0.2955 -0.9553 -0.0000
vn 0.2657 0.9641 -0.0000
vn 0.4914 -0.8709 -0.0000
vn -0.3811 -0.9245 -0.0000
vn 0.4153 0.9097 -0.0000
vn 0.3749 -0.9271 -0.0000
vn -0.4588 -0.8885 -0.0000
vn 0.5503 0.8350 -0.0000
vn 0.3681 0.9298 -0.0000
vn 0.2609 -0.9654 -0.0000
vn -0.5294 -0.8484 -0.0000
vn 0.6668 0.7452 -0.0000
vn 0.1517 -0.9884 -0.0000
vn -0.5934 -0.8049 -0.0000
vn 0.7634 0.6459 -0.0000
vn 0.0483 -0.9988 -0.0000
vn -0.6513 -0.7588 -0.0000
vn 0.8404 0.5420 -0.0000
vn -0.0487 -0.9988 -0.0000
vn -0.7037 -0.7105 -0.0000
vn 0.8994 0.4372 -0.0000
vn -0.1392 -0.9903 -0.0000
vn -0.7509 -0.6604 -0.0000
vn 0.9425 0.3342 -0.0000
vn -0.2235 -0.9747 -0.0000
vn -0.7934 -0.6088 -0.0000
vn 0.9721 0.2346 -0.0000
vn -0.3018 -0.9534 -0.0000
vn -0.8313 -0.5558 -0.0000
vn 0.9902 0.1394 -0.0000
vn -0.9980 -0.0628 -0.0000
vn -0.3745 -0.9272 -0.0000
vn -0.8651 -0.5016 -0.0000
vn 0.9988 0.0488 -0.0000
vn -0.4421 -0.8970 -0.0000
vn -0.8948 -0.4464 -0.0000
vn 0.9993 -0.0369 -0.0000
vn -0.5049 -0.8632 -0.0000
vn -0.9207 -0.3903 -0.0000
vn 0.9930 -0.1178 -0.0000
vn -0.5631 -0.8264 -0.0000
vn -0.9428 -0.3333 -0.0000
vn 0.9810 -0.1942 -0.0000
vn -0.6170 -0.7869 -0.0000
vn -0.9613 -0.2755 -0.0000
vn 0.9639 -0.2662 -0.0000
vn -0.6670 -0.7450 -0.0000
vn -0.6716 0.7409 -0.0000
vn 0.9425 -0.3342 -0.0000
vn -0.7132 -0.7010 -0.0000
vn -0.5456 0.8381 -0.0000
vn 0.9173 -0.3982 -0.0000
vn -0.7775 0.6289 -0.0000
vn -0.7557 -0.6549 -0.0000
vn -0.4102 0.9120 -0.0000
vn 0.8886 -0.4587 -0.0000
vn -0.6899 0.7239 -0.0000
vn -0.7947 -0.6070 -0.0000
vn -0.2719 0.9623 -0.0000
vn 0.8568 -0.5156 -0.0000
vn -0.6020 -0.7985 -0.0000
vn -0.5049 0.8632 -0.0000
vn -0.8303 -0.5573 -0.0000
vn -0.1363 0.9907 -0.0000
vn 0.8222 -0.5692 -0.0000
vn -0.7210 -0.6930 -0.0000
vn -0.4126 0.9109 -0.0000
vn -0.8626 -0.5059 -0.0000
vn -0.0073 1.0000 -0.0000
vn 0.7849 -0.6196 -0.0000
vn -0.8190 -0.5738 -0.0000
vn 0.2840 0.9588 -0.0000
vn 0.1128 0.9936 -0.0000
vn 0.7451 -0.6669 -0.0000
vn -0.8943 -0.4474 -0.0000
vn 0.4616 0.8871 -0.0000
vn 0.2228 0.9749 -0.0000
vn 0.7030 -0.7112 -0.0000
vn -0.9476 -0.3195 -0.0000
vn 0.5155 0.8569 -0.0000
vn 0.3228 0.9465 -0.0000
vn 0.6585 -0.7525 -0.0000
vn -0.9809 -0.1945 -0.0000
vn 0.5669 0.8238 -0.0000
vn 0.4129 0.9108 -0.0000
vn -0.3845 -0.9231 -0.0000
vn -0.9972 -0.0754 -0.0000
vn 0.6623 0.7493 -0.0000
vn 0.4940 0.8695 -0.0000
vn -0.5260 -0.8505 -0.0000
vn -0.9993 0.0362 -0.0000
vn 0.5666 0.8240 -0.0000
vn -0.6506 -0.7594 -0.0000
vn -0.9902 0.1397 -0.0000
vn 0.8278 0.5610 -0.0000
vn 0.6316 0.7753 -0.0000
vn -0.7550 -0.6557 -0.0000
vn -0.9720 0.2350 -0.0000
vn -0.8916 -0.4529 -0.0000
vn 0.6896 0.7242 -0.0000
vn -0.8384 -0.5451 -0.0000
vn -0.9466 0.3223 -0.0000
vn 0.9413 0.3376 -0.0000
vn 0.7413 0.6712 -0.0000
vn -0.9017 -0.4324 -0.0000
vn -0.9156 0.4021 -0.0000
vn -0.9762 -0.2169 -0.0000
vn 0.7872 0.6167 -0.0000
vn -0.9471 -0.3210 -0.0000
vn -0.8799 0.4751 -0.0000
vn 0.9957 0.0929 -0.0000
vn 0.8277 0.5611 -0.0000
vn -0.9770 -0.2134 -0.0000
vn -0.8406 0.5417 -0.0000
vn -0.9995 0.0327 -0.0000
vn 0.8634 0.5045 -0.0000
vn -0.9938 -0.1109 -0.0000
vn -0.7982 0.6024 -0.0000
vn 0.9875 -0.1577 -0.0000
vn 0.8944 0.4472 -0.0000
vn -0.9999 -0.0142 -0.0000
vn -0.7533 0.6577 -0.0000
vn -0.9599 0.2802 -0.0000
vn 0.9211 0.3892 -0.0000
vn -0.9971 0.0767 -0.0000
vn -0.7063 0.7079 -0.0000
vn 0.9173 -0.3983 -0.0000
vn 0.9437 0.3307 -0.0000
vn -0.9868 0.1618 -0.0000
vn -0.6574 0.7536 -0.0000
vn 0.9624 0.2718 -0.0000
vn -0.6069 0.7948 -0.0000
vn 0.7894 -0.6139 -0.0000
vn 0.9772 0.2125 -0.0000
vn -0.5549 0.8319 -0.0000
vn -0.7062 0.7080 -0.0000
vn 0.9511 -0.3090 -0.0000
vn 0.9883 0.1528 -0.0000
vn -0.5017 0.8650 -0.0000
vn 0.6119 -0.7909 -0.0000
vn -0.4473 0.8944 -0.0000
vn -0.5080 0.8614 -0.0000
vn -0.3918 0.9201 -0.0000
vn 0.3960 -0.9183 -0.0000
vn -0.3353 0.9421 -0.0000
vn -0.2778 0.9606 -0.0000
vn -0.7705 0.6374 -0.0000
vn 0.6973 0.7168 -0.0000
vn 0.1552 -0.9879 -0.0000
vn 0.8022 0.5971 -0.0000
vn -0.0302 0.9995 -0.0000
vn 0.8845 0.4666 -0.0000
vn -0.0954 -0.9954 -0.0000
vn 0.9434 0.3318 -0.0000
vn 0.2194 0.9756 -0.0000
vn -0.8347 0.5506 -0.0000
vn 0.9802 0.1982 -0.0000
vn -0.3399 -0.9405 -0.0000
vn -0.7369 0.6761 -0.0000
vn 0.9975 0.0701 -0.0000
vn 0.4551 0.8904 -0.0000
vn -0.6241 0.7814 -0.0000
vn 0.9987 -0.0502 -0.0000
vn -0.5027 0.8645 -0.0000
vn 0.9869 -0.1612 -0.0000
vn -0.3784 0.9257 -0.0000
vn 0.9649 -0.2627 -0.0000
vn -0.2557 0.9667 -0.0000
vn 0.9349 -0.3549 -0.0000
vn -0.1379 0.9905 -0.0000
vn 0.8988 -0.4384 -0.0000
vn -0.0266 0.9996 -0.0000
vn 0.8580 -0.5137 -0.0000
vn 0.0773 0.9970 -0.0000
vn 0.8135 -0.5816 -0.0000
vn 0.1735 0.9848 -0.0000
vn 0.7661 -0.6427 -0.0000
vn 0.2622 0.9650 -0.0000
vn 0.7164 -0.6977 -0.0000
vn 0.3438 0.9390 -0.0000
vn 0.6649 -0.7469 -0.0000
vn 0.4189 0.9080 -0.0000
vn 0.6120 -0.7909 -0.0000
vn 0.4878 0.8730 -0.0000
vn 0.5577 -0.8300 -0.0000
vn 0.5511 0.8345 -0.0000
vn 0.5025 -0.8646 -0.0000
vn 0.6091 0.7931 -0.0000
vn 0.4463 -0.8949 -0.0000
vn -0.2487 -0.9686 -0.0000
vn 0.3893 -0.9211 -0.0000
vn 0.3317 -0.9434 -0.0000
vn 0.5734 -0.8193 -0.0000
vn 0.2734 -0.9619 -0.0000
vn 0.4362 -0.8998 -0.0000
vn 0.2146 -0.9767 -0.0000
vn 0.2926 -0.9562 -0.0000
vn 0.1491 -0.9888 -0.0000
vn 0.0110 -0.9999 -0.0000
vn -0.1181 -0.9930 -0.0000
vn -0.2364 -0.9717 -0.0000
vn -0.3433 -0.9392 -0.0000
vn -0.4389 -0.8986 -0.0000
vn -0.5238 -0.8518 -0.0000
vn 0.5878 0.8090 -0.0000
vn -0.5990 -0.8007 -0.0000
vn 0.6284 0.7779 -0.0000
vn -0.6654 -0.7465 -0.0000
vn -0.7237 -0.6901 -0.0000
vn 0.8312 0.5559 -0.0000
vn -0.7749 -0.6321 -0.0000
vn -0.8195 -0.5730 -0.0000
vn 0.9488 0.3160 -0.0000
vn -0.8583 -0.5132 -0.0000
vn -0.8915 -0.4529 -0.0000
vn -0.9198 -0.3923 -0.0000
vn -0.9434 -0.3316 -0.0000
vn -0.9627 -0.2707 -0.0000
vn -0.9777 -0.2098 -0.0000
vn -0.9888 -0.1490 -0.0000
vn -0.9961 -0.0883 -0.0000
vn -0.9996 -0.0277 -0.0000
vn -0.4662 0.8847 -0.0000
vn -0.3200 0.9474 -0.0000
vn -0.1705 0.9854 -0.0000
vn -0.0240 0.9997 -0.0000
vn -0.7816 -0.6237 -0.0000
vn 0.1144 0.9934 -0.0000
vn -0.8707 -0.4919 -0.0000
vn 0.2416 0.9704 -0.0000
vn -0.9360 -0.3521 -0.0000
vn 0.3563 0.9344 -0.0000
vn -0.9775 -0.2109 -0.0000
vn 0.4583 0.8888 -0.0000
vn -0.9973 -0.0738 -0.0000
vn 0.5480 0.8365 -0.0000
vn -0.9985 0.0555 -0.0000
vn 0.6265 0.7795 -0.0000
vn -0.9846 0.1749 -0.0000
vn 0.6947 0.7193 -0.0000
vn -0.7210 -0.6929 -0.0000
vn -0.9589 0.2836 -0.0000
vn 0.7537 0.6572 -0.0000
vn -0.9243 0.3816 -0.0000
vn 0.8045 0.5939 -0.0000
vn -0.8830 0.4693 -0.0000
vn 0.8480 0.5300 -0.0000
vn -0.8368 0.5476 -0.0000
vn 0.8849 0.4658 -0.0000
vn -0.7868 0.6172 -0.0000
vn 0.9158 0.4016 -0.0000
vn -0.7341 0.6790 -0.0000
vn -0.6795 0.7337 -0.0000
vn 0.9617 0.2740 -0.0000
vn -0.6233 0.7819 -0.0000
vn 0.9776 0.2107 -0.0000
vn -0.5661 0.8243 -0.0000
vn 0.9890 0.1479 -0.0000
vn -0.5080 0.8613 -0.0000
vn 0.9963 0.0856 -0.0000
vn -0.4493 0.8934 -0.0000
vn 0.9997 0.0239 -0.0000
vn -0.3901 0.9208 -0.0000
vn 0.9993 -0.0372 -0.0000
vn -0.8406 0.5416 -0.0000
vn -0.3306 0.9438 -0.0000
vn 0.9952 -0.0978 -0.0000
vn -0.2708 0.9626 -0.0000
vn -0.2108 0.9775 -0.0000
vn 0.8443 -0.5358 -0.0000
vn -0.1507 0.9886 -0.0000
vn -0.5878 0.8090 -0.0000
vn -0.0904 0.9959 -0.0000
vn 0.8536 0.5209 -0.0000
vn 0.9254 0.3789 -0.0000
vn 0.9727 0.2320 -0.0000
vn 0.9962 0.0867 -0.0000
vn 0.9987 -0.0518 -0.0000
vn 0.9836 -0.1802 -0.0000
vn 0.9549 -0.2970 -0.0000
vn 0.9158 -0.4016 -0.0000
vn 0.8692 -0.4944 -0.0000
vn 0.8173 -0.5763 -0.0000
vn 0.7615 -0.6481 -0.0000
vn 0.2229 0.9749 -0.0000
vn 0.7033 -0.7109 -0.0000
vn 0.6433 -0.7657 -0.0000
vn 0.5822 -0.8131 -0.0000
vn 0.5204 -0.8539 -0.0000
vn 0.4583 -0.8888 -0.0000
vn 0.3961 -0.9182 -0.0000
vn 0.3338 -0.9426 -0.0000
vn 0.2717 -0.9624 -0.0000
vn 0.2097 -0.9778 -0.0000
vn 0.1480 -0.9890 -0.0000
vn 0.0866 -0.9962 -0.0000
vn 0.3517 -0.9361 -0.0000
vn -0.4818 -0.8763 -0.0000
vn 0.0256 -0.9997 -0.0000
vn 0.1988 -0.9800 -0.0000
vn -0.0351 -0.9994 -0.0000
vn 0.0456 -0.9990 -0.0000
vn -0.1015 -0.9948 -0.0000
vn -0.2380 -0.9713 -0.0000
vn -0.3613 -0.9324 -0.0000
vn -0.4706 -0.8823 -0.0000
vn -0.5661 -0.8244 -0.0000
vn -0.6485 -0.7612 -0.0000
vn -0.7192 -0.6948 -0.0000
vn -0.7793 -0.6266 -0.0000
vn -0.8301 -0.5576 -0.0000
vn 0.7705 0.6374 -0.0000
vn -0.8726 -0.4884 -0.0000
vn -0.9077 -0.4195 -0.0000
vn -0.9363 -0.3512 -0.0000
vn -0.9589 -0.2837 -0.0000
vn -0.9762 -0.2170 -0.0000
vn -0.9885 -0.1513 -0.0000
vn -0.9963 -0.0865 -0.0000
vn -0.9997 -0.0228 -0.0000
vn -0.9992 0.0399 -0.0000
vn -0.9948 0.1016 -0.0000
vn -0.9868 0.1622 -0.0000
vn -0.9751 0.2217 -0.0000
vn -0.2316 0.9728 -0.0000
vn 0.6650 -0.7469 -0.0000
vn -0.0743 0.9972 -0.0000
vn 0.0800 0.9968 -0.0000
vn 0.2254 0.9743 -0.0000
vn -0.9122 -0.4098 -0.0000
vn 0.3578 0.9338 -0.0000
vn -0.9656 -0.2599 -0.0000
vn 0.4754 0.8798 -0.0000
vn -0.9941 -0.1083 -0.0000
vn 0.5775 0.8164 -0.0000
vn -0.9992 0.0388 -0.0000
vn 0.6649 0.7469 -0.0000
vn -0.9843 0.1765 -0.0000
vn 0.7388 0.6739 -0.0000
vn -0.9533 0.3021 -0.0000
vn 0.8006 0.5992 -0.0000
vn -0.9101 0.4143 -0.0000
vn 0.8517 0.5240 -0.0000
vn -0.8583 0.5132 -0.0000
vn 0.8935 0.4491 -0.0000
vn -0.8004 0.5995 -0.0000
vn 0.9270 0.3752 -0.0000
vn -0.7386 0.6742 -0.0000
vn 0.9532 0.3024 -0.0000
vn -0.6743 0.7385 -0.0000
vn 0.9729 0.2311 -0.0000
vn -0.6086 0.7935 -0.0000
vn 0.9869 0.1612 -0.0000
vn -0.5422 0.8402 -0.0000
vn -0.4757 0.8796 -0.0000
vn 0.9997 0.0262 -0.0000
vn -0.4093 0.9124 -0.0000
vn 0.9992 -0.0390 -0.0000
vn -0.3433 0.9392 -0.0000
vn 0.9947 -0.1027 -0.0000
vn -0.2779 0.9606 -0.0000
vn 0.9863 -0.1648 -0.0000
vn -0.2130 0.9770 -0.0000
vn 0.9743 -0.2255 -0.0000
vn -0.1489 0.9889 -0.0000
vn 0.9587 -0.2846 -0.0000
vn -0.0855 0.9963 -0.0000
vn 0.9396 -0.3422 -0.0000
vn -0.0229 0.9997 -0.0000
vn 0.0389 0.9992 -0.0000
vn 0.0999 0.9950 -0.0000
vn 0.1601 0.9871 -0.0000
vn 0.6845 -0.7290 -0.0000
vn -0.3681 0.9298 -0.0000
vn 0.9564 0.2922 -0.0000
vn 0.9906 0.1368 -0.0000
vn 0.9999 -0.0172 -0.0000
vn 0.9865 -0.1637 -0.0000
vn 0.9544 -0.2985 -0.0000
vn 0.9079 -0.4192 -0.0000
vn 0.8510 -0.5251 -0.0000
vn 0.7872 -0.6167 -0.0000
vn 0.7190 -0.6950 -0.0000
vn 0.6483 -0.7614 -0.0000
vn 0.5764 -0.8172 -0.0000
vn 0.5043 -0.8635 -0.0000
vn 0.4326 -0.9016 -0.0000
vn 0.3617 -0.9323 -0.0000
vn 0.2917 -0.9565 -0.0000
vn 0.2229 -0.9748 -0.0000
vn 0.1553 -0.9879 -0.0000
vn 0.0889 -0.9960 -0.0000
vn 0.0238 -0.9997 -0.0000
vn -0.0400 -0.9992 -0.0000
vn -0.1026 -0.9947 -0.0000
vn -0.1638 -0.9865 -0.0000
vn 0.1078 -0.9942 -0.0000
vn -0.2238 -0.9746 -0.0000
vn -0.0512 -0.9987 -0.0000
vn -0.2825 -0.9593 -0.0000
vn -0.2042 -0.9789 -0.0000
vn -0.6845 -0.7290 -0.0000
vn -0.3457 -0.9383 -0.0000
vn -0.4721 -0.8816 -0.0000
vn -0.5819 -0.8133 -0.0000
vn -0.6753 -0.7376 -0.0000
vn -0.7533 -0.6577 -0.0000
vn -0.8175 -0.5760 -0.0000
vn -0.8694 -0.4941 -0.0000
vn -0.9107 -0.4131 -0.0000
vn 0.9255 0.3789 -0.0000
vn -0.9427 -0.3336 -0.0000
vn -0.9667 -0.2560 -0.0000
vn -0.9836 -0.1806 -0.0000
vn 0.9048 0.4258 -0.0000
vn -0.9942 -0.1073 -0.0000
vn -0.9993 -0.0363 -0.0000
vn -0.9995 0.0326 -0.0000
vn -0.9951 0.0993 -0.0000
vn -0.9865 0.1640 -0.0000
vn -0.9078 -0.4195 -0.0000
vn -0.9740 0.2265 -0.0000
vn -0.9579 0.2871 -0.0000
vn 0.7032 -0.7109 -0.0000
vn -0.9383 0.3458 -0.0000
vn 0.6433 -0.7656 -0.0000
vn -0.9154 0.4025 -0.0000
vn -0.8893 0.4573 -0.0000
vn -0.9962 -0.0865 -0.0000
vn 0.0176 0.9998 -0.0000
vn 0.1760 0.9844 -0.0000
vn 0.3253 0.9456 -0.0000
vn 0.4606 0.8876 -0.0000
vn -0.9854 -0.1700 -0.0000
vn 0.5788 0.8155 -0.0000
vn -0.9999 -0.0116 -0.0000
vn 0.6792 0.7339 -0.0000
vn -0.9898 0.1424 -0.0000
vn 0.7624 0.6471 -0.0000
vn -0.9582 0.2861 -0.0000
vn 0.8298 0.5581 -0.0000
vn -0.9095 0.4158 -0.0000
vn 0.8832 0.4690 -0.0000
vn -0.8482 0.5297 -0.0000
vn 0.9245 0.3812 -0.0000
vn -0.7785 0.6276 -0.0000
vn 0.9553 0.2957 -0.0000
vn -0.7037 0.7105 -0.0000
vn 0.9771 0.2128 -0.0000
vn -0.9941 -0.1082 -0.0000
vn -0.6262 0.7797 -0.0000
vn 0.9911 0.1329 -0.0000
vn -0.5477 0.8367 -0.0000
vn 0.9984 0.0559 -0.0000
vn -0.4695 0.8830 -0.0000
vn 0.4818 -0.8763 -0.0000
vn 0.9998 -0.0181 -0.0000
vn -0.3921 0.9199 -0.0000
vn 0.9960 -0.0893 -0.0000
vn -0.3162 0.9487 -0.0000
vn 0.9875 -0.1576 -0.0000
vn -0.2420 0.9703 -0.0000
vn 0.9748 -0.2233 -0.0000
vn -0.1695 0.9855 -0.0000
vn 0.9581 -0.2863 -0.0000
vn -0.0989 0.9951 -0.0000
vn 0.9379 -0.3468 -0.0000
vn 0.3459 0.9383 -0.0000
vn 0.9143 -0.4049 -0.0000
vn 0.0366 0.9993 -0.0000
vn 0.4050 0.9143 -0.0000
vn 0.8876 -0.4607 -0.0000
vn 0.1017 0.9948 -0.0000
vn 0.9788 -0.2047 -0.0000
vn 0.8578 -0.5140 -0.0000
vn 0.1649 0.9863 -0.0000
vn 0.9340 -0.3573 -0.0000
vn 0.8250 -0.5651 -0.0000
vn 0.2264 0.9740 -0.0000
vn 0.8679 -0.4968 -0.0000
vn 0.2862 0.9582 -0.0000
vn 0.7856 -0.6187 -0.0000
vn 0.3442 0.9389 -0.0000
vn 0.6926 -0.7214 -0.0000
vn 0.4005 0.9163 -0.0000
vn 0.5937 -0.8047 -0.0000
vn 0.4928 -0.8701 -0.0000
vn 0.3927 -0.9197 -0.0000
vn -0.1253 0.9921 -0.0000
vn 0.2952 -0.9554 -0.0000
vn 0.2013 -0.9795 -0.0000
vn 0.1115 -0.9938 -0.0000
vn 0.0260 -0.9997 -0.0000
vn 0.0799 0.9968 -0.0000
vn 0.6937 -0.7202 -0.0000
vn -0.0552 -0.9985 -0.0000
vn -0.1322 -0.9912 -0.0000
vn -0.2052 -0.9787 -0.0000
vn 0.4753 0.8798 -0.0000
vn -0.2743 -0.9616 -0.0000
vn -0.4020 -0.9157 -0.0000
vn -0.4608 -0.8875 -0.0000
vn -0.5164 -0.8563 -0.0000
vn -0.5691 -0.8223 -0.0000
vn -0.6188 -0.7855 -0.0000
vn -0.6657 -0.7462 -0.0000
vn -0.7097 -0.7045 -0.0000
vn -0.1428 -0.9898 -0.0000
vn -0.2980 -0.9546 -0.0000
vn -0.4413 -0.8974 -0.0000
vn -0.5682 -0.8229 -0.0000
vn -0.6765 -0.7365 -0.0000
vn -0.7658 -0.6430 -0.0000
vn -0.8375 -0.5465 -0.0000
vn -0.8443 -0.5358 -0.0000
vn 0.9823 0.1874 -0.0000
vn 0.2657 0.9640 -0.0000
vn -0.9714 0.2374 -0.0000
vn -0.8570 0.5154 -0.0000
vn -0.6898 0.7240 -0.0000
vn 0.9993 -0.0368 -0.0000
vn 0.2487 -0.9686 -0.0000
vn -0.9823 0.1874 -0.0000
vn 0.1253 0.9921 -0.0000
vn 0.6925 -0.7214 -0.0000
vn 0.5788 0.8154 -0.0000
vn -0.1379 0.9904 -0.0000
vn 0.3439 0.9390 -0.0000
vn -0.9999 -0.0141 -0.0000
vn 0.5510 0.8345 -0.0000
vn -0.9511 -0.3090 -0.0000
vn -0.4101 0.9120 -0.0000
vn 0.4615 0.8871 -0.0000
vn 0.6586 -0.7525 -0.0000
vn -0.8348 0.5506 -0.0000
vn -0.7368 0.6761 -0.0000
vn 0.0772 0.9970 -0.0000
vn 0.0126 -0.9999 -0.0000
vn 0.1987 -0.9801 -0.0000
vn -0.7238 -0.6901 -0.0000
vn -0.0744 0.9972 -0.0000
vn 0.5044 -0.8635 -0.0000
vn 0.9775 0.2107 -0.0000
vn -0.2043 -0.9789 -0.0000
vn -0.3457 -0.9384 -0.0000
vn -0.4720 -0.8816 -0.0000
vn -0.5048 -0.8632 -0.0000
vn -0.6670 -0.7451 -0.0000
vt 0.871212 0.154239
vt 0.853320 0.146866
vt 0.850210 0.165316
vt 0.906523 0.402448
vt 0.871600 0.396212
vt 0.876699 0.415543
vt 0.873259 0.135756
vt 0.857350 0.128711
vt 0.901180 0.383228
vt 0.866786 0.376852
vt 0.876201 0.117503
vt 0.862313 0.110902
vt 0.896041 0.364012
vt 0.862323 0.357468
vt 0.880063 0.099523
vt 0.868218 0.093486
vt 0.891174 0.344796
vt 0.858277 0.338063
vt 0.884862 0.081862
vt 0.875067 0.076514
vt 0.886646 0.325583
vt 0.854712 0.318647
vt 0.890610 0.064566
vt 0.882855 0.060035
vt 0.882522 0.306372
vt 0.851690 0.299233
vt 0.897310 0.047684
vt 0.891569 0.044100
vt 0.878867 0.287171
vt 0.849269 0.279838
vt 0.904961 0.031263
vt 0.901194 0.028753
vt 0.875743 0.267987
vt 0.847506 0.260481
vt 0.913555 0.015353
vt 0.911706 0.014039
vt 0.873208 0.248834
vt 0.846451 0.241190
vt 0.923077 0.000000
vt 0.871319 0.229727
vt 0.846154 0.221992
vt 0.870128 0.210687
vt 0.846657 0.202921
vt 0.869684 0.191739
vt 0.847998 0.184016
vt 0.917541 0.440916
vt 0.882012 0.434847
vt 0.887472 0.454126
vt 0.870032 0.172912
vt 0.912000 0.421676
vt 0.946955 0.172912
vt 0.927133 0.165316
vt 0.924921 0.184016
vt 0.988923 0.421676
vt 0.953622 0.415543
vt 0.958935 0.434847
vt 0.948135 0.154239
vt 0.930243 0.146866
vt 0.983446 0.402448
vt 0.948523 0.396212
vt 0.950182 0.135756
vt 0.934273 0.128711
vt 0.978103 0.383228
vt 0.943709 0.376852
vt 0.953124 0.117503
vt 0.939236 0.110902
vt 0.972964 0.364011
vt 0.939246 0.357468
vt 0.956986 0.099523
vt 0.945141 0.093486
vt 0.968097 0.344796
vt 0.935200 0.338063
vt 0.961785 0.081862
vt 0.951990 0.076514
vt 0.963569 0.325583
vt 0.931635 0.318647
vt 0.967533 0.064566
vt 0.959778 0.060035
vt 0.959445 0.306372
vt 0.928613 0.299233
vt 0.974233 0.047684
vt 0.968492 0.044100
vt 0.955790 0.287171
vt 0.926192 0.279838
vt 0.981884 0.031263
vt 0.978117 0.028753
vt 0.952666 0.267987
vt 0.924429 0.260481
vt 0.990478 0.015353
vt 0.988629 0.014039
vt 0.950131 0.248834
vt 0.923374 0.241189
vt 1.000000 0.000000
vt 0.948242 0.229727
vt 0.923077 0.221992
vt 0.947051 0.210687
vt 0.923580 0.202921
vt 0.946607 0.191739
vt 0.994464 0.440916
vt 0.964395 0.454126
vt 0.869684 0.651912
vt 0.847997 0.644189
vt 0.846656 0.663094
vt 0.917541 0.901089
vt 0.882012 0.895020
vt 0.887472 0.914299
vt 0.870032 0.633085
vt 0.850210 0.625489
vt 0.912000 0.881849
vt 0.876698 0.875716
vt 0.871212 0.614412
vt 0.853320 0.607039
vt 0.906523 0.862621
vt 0.871600 0.856385
vt 0.873258 0.595928
vt 0.857350 0.588884
vt 0.901180 0.843401
vt 0.866786 0.837025
vt 0.876201 0.577676
vt 0.862313 0.571075
vt 0.896041 0.824184
vt 0.862323 0.817641
vt 0.880063 0.559696
vt 0.868218 0.553659
vt 0.891174 0.804969
vt 0.858277 0.798236
vt 0.884862 0.542035
vt 0.875067 0.536687
vt 0.886646 0.785756
vt 0.854712 0.778820
vt 0.890610 0.524739
vt 0.882854 0.520208
vt 0.882522 0.766545
vt 0.851690 0.759406
vt 0.897310 0.507857
vt 0.891569 0.504273
vt 0.878867 0.747344
vt 0.849269 0.740010
vt 0.904961 0.491436
vt 0.901194 0.488926
vt 0.875743 0.728160
vt 0.847506 0.720654
vt 0.913555 0.475526
vt 0.911706 0.474212
vt 0.873208 0.709006
vt 0.846451 0.701362
vt 0.923077 0.460173
vt 0.871319 0.689900
vt 0.846154 0.682165
vt 0.870128 0.670860
vt 0.562435 0.670860
vt 0.538964 0.663094
vt 0.538462 0.682165
vt 0.561992 0.651912
vt 0.540305 0.644189
vt 0.609849 0.901089
vt 0.574320 0.895020
vt 0.579779 0.914299
vt 0.562340 0.633085
vt 0.542517 0.625489
vt 0.604308 0.881849
vt 0.569006 0.875716
vt 0.563520 0.614412
vt 0.545628 0.607039
vt 0.598831 0.862621
vt 0.563908 0.856385
vt 0.565566 0.595928
vt 0.549657 0.588884
vt 0.593488 0.843401
vt 0.559094 0.837025
vt 0.568509 0.577676
vt 0.554621 0.571075
vt 0.588349 0.824185
vt 0.554631 0.817641
vt 0.572371 0.559696
vt 0.560526 0.553659
vt 0.583482 0.804969
vt 0.550585 0.798236
vt 0.577170 0.542035
vt 0.567375 0.536687
vt 0.578953 0.785756
vt 0.547020 0.778820
vt 0.582917 0.524739
vt 0.575162 0.520208
vt 0.574830 0.766545
vt 0.543998 0.759406
vt 0.589617 0.507857
vt 0.583877 0.504273
vt 0.571175 0.747344
vt 0.541577 0.740011
vt 0.597268 0.491436
vt 0.593502 0.488926
vt 0.568051 0.728160
vt 0.539814 0.720654
vt 0.605862 0.475526
vt 0.604014 0.474212
vt 0.565516 0.709007
vt 0.538759 0.701363
vt 0.615385 0.460173
vt 0.563626 0.689900
vt 0.486703 0.689900
vt 0.461539 0.682165
vt 0.461836 0.701363
vt 0.485512 0.670860
vt 0.462041 0.663094
vt 0.485069 0.651912
vt 0.463382 0.644189
vt 0.532926 0.901089
vt 0.497397 0.895020
vt 0.502856 0.914299
vt 0.485417 0.633085
vt 0.465594 0.625489
vt 0.527385 0.881849
vt 0.492083 0.875716
vt 0.486597 0.614412
vt 0.468705 0.607039
vt 0.521908 0.862621
vt 0.486985 0.856385
vt 0.488643 0.595928
vt 0.472734 0.588884
vt 0.516565 0.843401
vt 0.482171 0.837026
vt 0.491586 0.577676
vt 0.477698 0.571075
vt 0.511426 0.824185
vt 0.477708 0.817641
vt 0.495448 0.559696
vt 0.483603 0.553659
vt 0.506559 0.804969
vt 0.473662 0.798236
vt 0.500247 0.542035
vt 0.490452 0.536687
vt 0.502030 0.785756
vt 0.470097 0.778820
vt 0.505994 0.524739
vt 0.498239 0.520208
vt 0.497907 0.766545
vt 0.467075 0.759406
vt 0.512694 0.507857
vt 0.506954 0.504273
vt 0.494252 0.747344
vt 0.464654 0.740011
vt 0.520345 0.491436
vt 0.516579 0.488926
vt 0.491128 0.728160
vt 0.462891 0.720654
vt 0.528939 0.475526
vt 0.527091 0.474212
vt 0.488593 0.709007
vt 0.538462 0.460173
vt 0.642439 0.709007
vt 0.615682 0.701362
vt 0.616737 0.720654
vt 0.692308 0.460173
vt 0.680937 0.474212
vt 0.682786 0.475526
vt 0.640549 0.689900
vt 0.615385 0.682165
vt 0.639358 0.670860
vt 0.615887 0.663094
vt 0.638915 0.651912
vt 0.617228 0.644189
vt 0.686772 0.901089
vt 0.651243 0.895020
vt 0.656703 0.914299
vt 0.639263 0.633085
vt 0.619441 0.625489
vt 0.681231 0.881849
vt 0.645929 0.875716
vt 0.640443 0.614412
vt 0.622551 0.607039
vt 0.675754 0.862621
vt 0.640831 0.856385
vt 0.642489 0.595928
vt 0.626581 0.588884
vt 0.670411 0.843401
vt 0.636017 0.837025
vt 0.645432 0.577676
vt 0.631544 0.571074
vt 0.665272 0.824184
vt 0.631554 0.817641
vt 0.649294 0.559696
vt 0.637449 0.553659
vt 0.660405 0.804969
vt 0.627508 0.798236
vt 0.654093 0.542035
vt 0.644298 0.536687
vt 0.655876 0.785756
vt 0.623943 0.778820
vt 0.659840 0.524739
vt 0.652085 0.520208
vt 0.651753 0.766545
vt 0.620921 0.759406
vt 0.666540 0.507857
vt 0.660800 0.504273
vt 0.648098 0.747344
vt 0.618500 0.740011
vt 0.674192 0.491436
vt 0.670425 0.488926
vt 0.644974 0.728160
vt 0.798820 0.728160
vt 0.770583 0.720654
vt 0.772346 0.740011
vt 0.836632 0.475526
vt 0.834783 0.474212
vt 0.824271 0.488926
vt 0.796285 0.709007
vt 0.769528 0.701362
vt 0.846154 0.460173
vt 0.794396 0.689900
vt 0.769231 0.682165
vt 0.793205 0.670860
vt 0.769733 0.663094
vt 0.792761 0.651912
vt 0.771074 0.644189
vt 0.840618 0.901089
vt 0.805089 0.895020
vt 0.810549 0.914299
vt 0.793109 0.633085
vt 0.773287 0.625489
vt 0.835077 0.881849
vt 0.799775 0.875716
vt 0.794289 0.614412
vt 0.776397 0.607039
vt 0.829600 0.862621
vt 0.794677 0.856385
vt 0.796336 0.595928
vt 0.780427 0.588884
vt 0.824257 0.843401
vt 0.789863 0.837025
vt 0.799278 0.577676
vt 0.785390 0.571075
vt 0.819118 0.824184
vt 0.785400 0.817641
vt 0.803140 0.559696
vt 0.791295 0.553659
vt 0.814251 0.804969
vt 0.781354 0.798236
vt 0.807939 0.542035
vt 0.798144 0.536687
vt 0.809723 0.785756
vt 0.777789 0.778820
vt 0.813687 0.524739
vt 0.805931 0.520208
vt 0.805599 0.766545
vt 0.774767 0.759406
vt 0.820387 0.507857
vt 0.814646 0.504273
vt 0.801944 0.747344
vt 0.828038 0.491436
vt 0.801944 0.287171
vt 0.772346 0.279838
vt 0.774767 0.299233
vt 0.828038 0.031263
vt 0.824272 0.028753
vt 0.814646 0.044100
vt 0.798820 0.267987
vt 0.770583 0.260481
vt 0.836632 0.015353
vt 0.834783 0.014039
vt 0.796285 0.248834
vt 0.769528 0.241190
vt 0.846154 -0.000000
vt 0.794396 0.229727
vt 0.769231 0.221992
vt 0.793205 0.210687
vt 0.769734 0.202921
vt 0.792761 0.191739
vt 0.771075 0.184016
vt 0.840618 0.440916
vt 0.805089 0.434847
vt 0.810549 0.454126
vt 0.793109 0.172912
vt 0.773287 0.165316
vt 0.835077 0.421676
vt 0.799776 0.415544
vt 0.794289 0.154239
vt 0.776397 0.146866
vt 0.829600 0.402449
vt 0.794677 0.396212
vt 0.796336 0.135756
vt 0.780427 0.128711
vt 0.824257 0.383228
vt 0.789863 0.376853
vt 0.799278 0.117503
vt 0.785390 0.110902
vt 0.819118 0.364012
vt 0.785400 0.357468
vt 0.803140 0.099523
vt 0.791295 0.093486
vt 0.814251 0.344797
vt 0.781354 0.338063
vt 0.807939 0.081862
vt 0.798144 0.076514
vt 0.809723 0.325583
vt 0.777789 0.318647
vt 0.813687 0.064566
vt 0.805932 0.060035
vt 0.805599 0.306372
vt 0.820387 0.047684
vt 0.721897 0.728160
vt 0.693660 0.720654
vt 0.695423 0.740010
vt 0.759709 0.475526
vt 0.757860 0.474212
vt 0.747348 0.488926
vt 0.719362 0.709006
vt 0.692605 0.701362
vt 0.769231 0.460173
vt 0.717473 0.689900
vt 0.692308 0.682165
vt 0.716282 0.670860
vt 0.692810 0.663094
vt 0.715838 0.651912
vt 0.694151 0.644189
vt 0.763695 0.901089
vt 0.728166 0.895020
vt 0.733626 0.914299
vt 0.716186 0.633085
vt 0.696364 0.625489
vt 0.758154 0.881849
vt 0.722852 0.875716
vt 0.717366 0.614411
vt 0.699474 0.607039
vt 0.752677 0.862621
vt 0.717754 0.856385
vt 0.719413 0.595928
vt 0.703504 0.588884
vt 0.747334 0.843401
vt 0.712940 0.837025
vt 0.722355 0.577676
vt 0.708467 0.571074
vt 0.742195 0.824184
vt 0.708477 0.817641
vt 0.726217 0.559696
vt 0.714372 0.553659
vt 0.737328 0.804969
vt 0.704431 0.798236
vt 0.731016 0.542035
vt 0.721221 0.536687
vt 0.732800 0.785755
vt 0.700866 0.778820
vt 0.736764 0.524739
vt 0.729008 0.520208
vt 0.728676 0.766545
vt 0.697844 0.759406
vt 0.743464 0.507856
vt 0.737723 0.504273
vt 0.725021 0.747344
vt 0.751115 0.491436
vt 0.494252 0.287171
vt 0.464654 0.279838
vt 0.467075 0.299233
vt 0.520346 0.031263
vt 0.516579 0.028753
vt 0.506954 0.044100
vt 0.491128 0.267987
vt 0.462891 0.260481
vt 0.528939 0.015353
vt 0.527091 0.014039
vt 0.488593 0.248834
vt 0.461836 0.241190
vt 0.538462 0.000000
vt 0.486703 0.229727
vt 0.461539 0.221992
vt 0.485512 0.210687
vt 0.462041 0.202921
vt 0.485069 0.191739
vt 0.463382 0.184016
vt 0.532926 0.440916
vt 0.497397 0.434848
vt 0.502856 0.454126
vt 0.485417 0.172912
vt 0.465594 0.165316
vt 0.527385 0.421676
vt 0.492083 0.415544
vt 0.486597 0.154239
vt 0.468705 0.146866
vt 0.521908 0.402449
vt 0.486985 0.396212
vt 0.488643 0.135756
vt 0.472734 0.128712
vt 0.516565 0.383228
vt 0.482171 0.376853
vt 0.491586 0.117503
vt 0.477698 0.110902
vt 0.511426 0.364012
vt 0.477708 0.357468
vt 0.495448 0.099523
vt 0.483603 0.093486
vt 0.506559 0.344797
vt 0.473662 0.338063
vt 0.500247 0.081862
vt 0.490452 0.076514
vt 0.502030 0.325583
vt 0.470097 0.318648
vt 0.505994 0.064566
vt 0.498239 0.060036
vt 0.497907 0.306372
vt 0.512694 0.047684
vt 0.574830 0.306372
vt 0.543998 0.299233
vt 0.547020 0.318648
vt 0.589617 0.047684
vt 0.583877 0.044100
vt 0.575162 0.060036
vt 0.571175 0.287171
vt 0.541577 0.279838
vt 0.597268 0.031263
vt 0.593502 0.028753
vt 0.568051 0.267987
vt 0.539814 0.260481
vt 0.605862 0.015353
vt 0.604014 0.014039
vt 0.565516 0.248834
vt 0.538759 0.241190
vt 0.615385 0.000000
vt 0.563626 0.229727
vt 0.538462 0.221992
vt 0.562435 0.210687
vt 0.538964 0.202921
vt 0.561992 0.191739
vt 0.540305 0.184016
vt 0.609849 0.440916
vt 0.574320 0.434848
vt 0.579779 0.454126
vt 0.562340 0.172912
vt 0.542517 0.165316
vt 0.604308 0.421676
vt 0.569006 0.415544
vt 0.563520 0.154239
vt 0.545628 0.146866
vt 0.598831 0.402449
vt 0.563908 0.396212
vt 0.565566 0.135756
vt 0.549657 0.128711
vt 0.593488 0.383228
vt 0.559094 0.376853
vt 0.568509 0.117503
vt 0.554621 0.110902
vt 0.588349 0.364012
vt 0.554631 0.357468
vt 0.572371 0.099523
vt 0.560526 0.093486
vt 0.583482 0.344797
vt 0.550585 0.338063
vt 0.577170 0.081862
vt 0.567375 0.076514
vt 0.578953 0.325583
vt 0.582917 0.064566
vt 0.117415 0.785756
vt 0.085481 0.778821
vt 0.089046 0.798236
vt 0.121379 0.524739
vt 0.113624 0.520209
vt 0.105836 0.536687
vt 0.113291 0.766545
vt 0.082459 0.759406
vt 0.128079 0.507857
vt 0.122338 0.504273
vt 0.109637 0.747344
vt 0.080039 0.740011
vt 0.135730 0.491436
vt 0.131964 0.488926
vt 0.106512 0.728160
vt 0.078275 0.720655
vt 0.144324 0.475526
vt 0.142475 0.474213
vt 0.103977 0.709007
vt 0.077221 0.701363
vt 0.153846 0.460173
vt 0.102088 0.689900
vt 0.076923 0.682165
vt 0.100897 0.670860
vt 0.077426 0.663095
vt 0.100453 0.651912
vt 0.078767 0.644189
vt 0.148310 0.901089
vt 0.112781 0.895021
vt 0.118241 0.914299
vt 0.100801 0.633085
vt 0.080979 0.625489
vt 0.142769 0.881849
vt 0.107468 0.875717
vt 0.101981 0.614412
vt 0.084089 0.607039
vt 0.137292 0.862622
vt 0.102369 0.856385
vt 0.104028 0.595929
vt 0.088119 0.588885
vt 0.131949 0.843401
vt 0.097555 0.837026
vt 0.106970 0.577676
vt 0.093082 0.571075
vt 0.126810 0.824185
vt 0.093092 0.817641
vt 0.110832 0.559696
vt 0.098987 0.553659
vt 0.121943 0.804970
vt 0.115631 0.542035
vt 0.416518 0.115376
vt 0.449415 0.122110
vt 0.445370 0.102705
vt 0.422830 0.378311
vt 0.432625 0.383659
vt 0.439474 0.366687
vt 0.421047 0.134590
vt 0.452980 0.141525
vt 0.417083 0.395607
vt 0.424838 0.400137
vt 0.425170 0.153800
vt 0.456002 0.160939
vt 0.410383 0.412489
vt 0.416123 0.416073
vt 0.428825 0.173002
vt 0.458423 0.180335
vt 0.402732 0.428910
vt 0.406498 0.431420
vt 0.431949 0.192186
vt 0.460187 0.199691
vt 0.394138 0.444820
vt 0.395986 0.446133
vt 0.434484 0.211339
vt 0.461241 0.218983
vt 0.384615 0.460173
vt 0.436374 0.230446
vt 0.461538 0.238181
vt 0.437565 0.249486
vt 0.461036 0.257251
vt 0.438008 0.268434
vt 0.459695 0.276157
vt 0.390151 0.019257
vt 0.425680 0.025325
vt 0.420221 0.006047
vt 0.437660 0.287261
vt 0.457483 0.294857
vt 0.395692 0.038497
vt 0.430994 0.044629
vt 0.436480 0.305934
vt 0.454372 0.313307
vt 0.401169 0.057724
vt 0.436092 0.063961
vt 0.434434 0.324417
vt 0.450343 0.331461
vt 0.406512 0.076945
vt 0.440906 0.083320
vt 0.431491 0.342670
vt 0.445379 0.349271
vt 0.411651 0.096161
vt 0.427629 0.360650
vt 0.357580 0.824185
vt 0.323861 0.817641
vt 0.328324 0.837026
vt 0.341602 0.559696
vt 0.329757 0.553659
vt 0.323852 0.571075
vt 0.352712 0.804969
vt 0.319815 0.798236
vt 0.346401 0.542035
vt 0.336606 0.536687
vt 0.348184 0.785756
vt 0.316251 0.778820
vt 0.352148 0.524739
vt 0.344393 0.520208
vt 0.344061 0.766545
vt 0.313228 0.759406
vt 0.358848 0.507857
vt 0.353108 0.504273
vt 0.340406 0.747344
vt 0.310808 0.740011
vt 0.366499 0.491436
vt 0.362733 0.488926
vt 0.337281 0.728160
vt 0.309044 0.720654
vt 0.375093 0.475526
vt 0.373245 0.474212
vt 0.334747 0.709007
vt 0.307990 0.701363
vt 0.384615 0.460173
vt 0.332857 0.689900
vt 0.307692 0.682165
vt 0.331666 0.670860
vt 0.308195 0.663094
vt 0.331222 0.651912
vt 0.309536 0.644189
vt 0.379080 0.901089
vt 0.343551 0.895020
vt 0.349010 0.914299
vt 0.331571 0.633085
vt 0.311748 0.625489
vt 0.373539 0.881849
vt 0.338237 0.875716
vt 0.332750 0.614412
vt 0.314859 0.607039
vt 0.368062 0.862621
vt 0.333139 0.856385
vt 0.334797 0.595928
vt 0.318888 0.588884
vt 0.362719 0.843401
vt 0.337740 0.577676
vt 0.285796 0.843401
vt 0.251401 0.837026
vt 0.256216 0.856385
vt 0.260817 0.577676
vt 0.246928 0.571075
vt 0.241965 0.588884
vt 0.280657 0.824185
vt 0.246938 0.817641
vt 0.264679 0.559696
vt 0.252834 0.553659
vt 0.275789 0.804970
vt 0.242892 0.798236
vt 0.269478 0.542035
vt 0.259683 0.536687
vt 0.271261 0.785756
vt 0.239328 0.778820
vt 0.275225 0.524739
vt 0.267470 0.520208
vt 0.267138 0.766545
vt 0.236305 0.759406
vt 0.281925 0.507857
vt 0.276185 0.504273
vt 0.263483 0.747344
vt 0.233885 0.740011
vt 0.289576 0.491436
vt 0.285810 0.488926
vt 0.260358 0.728160
vt 0.232121 0.720654
vt 0.298170 0.475526
vt 0.296322 0.474212
vt 0.257823 0.709007
vt 0.231067 0.701363
vt 0.307692 0.460173
vt 0.255934 0.689900
vt 0.230769 0.682165
vt 0.254743 0.670860
vt 0.231272 0.663094
vt 0.254299 0.651912
vt 0.232613 0.644189
vt 0.302157 0.901089
vt 0.266627 0.895020
vt 0.272087 0.914299
vt 0.254647 0.633085
vt 0.234825 0.625489
vt 0.296615 0.881849
vt 0.261314 0.875717
vt 0.255827 0.614412
vt 0.237936 0.607039
vt 0.291139 0.862621
vt 0.257874 0.595929
vt 0.060369 0.862622
vt 0.025446 0.856385
vt 0.030545 0.875717
vt 0.027105 0.595929
vt 0.011196 0.588885
vt 0.007166 0.607039
vt 0.055027 0.843401
vt 0.020632 0.837026
vt 0.030047 0.577676
vt 0.016159 0.571075
vt 0.049887 0.824185
vt 0.016169 0.817641
vt 0.033909 0.559696
vt 0.022064 0.553659
vt 0.045020 0.804970
vt 0.012123 0.798236
vt 0.038709 0.542035
vt 0.028913 0.536687
vt 0.040492 0.785756
vt 0.008558 0.778821
vt 0.044456 0.524739
vt 0.036701 0.520209
vt 0.036368 0.766546
vt 0.005536 0.759407
vt 0.051156 0.507857
vt 0.045415 0.504273
vt 0.032713 0.747344
vt 0.003115 0.740011
vt 0.058807 0.491437
vt 0.055041 0.488926
vt 0.029589 0.728160
vt 0.001352 0.720655
vt 0.067401 0.475526
vt 0.065552 0.474213
vt 0.027054 0.709007
vt 0.000298 0.701363
vt 0.076923 0.460173
vt 0.025165 0.689900
vt -0.000000 0.682165
vt 0.023974 0.670860
vt 0.000503 0.663095
vt 0.023530 0.651912
vt 0.001844 0.644189
vt 0.071388 0.901089
vt 0.035858 0.895021
vt 0.041318 0.914299
vt 0.023878 0.633085
vt 0.004056 0.625489
vt 0.065846 0.881849
vt 0.025058 0.614412
vt 0.212653 0.031263
vt 0.208887 0.028753
vt 0.199262 0.044100
vt 0.183435 0.267987
vt 0.155198 0.260482
vt 0.156962 0.279838
vt 0.221247 0.015353
vt 0.219399 0.014040
vt 0.180900 0.248834
vt 0.154144 0.241190
vt 0.230769 0.000000
vt 0.179011 0.229727
vt 0.153846 0.221992
vt 0.177820 0.210687
vt 0.154349 0.202922
vt 0.177376 0.191739
vt 0.155690 0.184016
vt 0.225234 0.440916
vt 0.189704 0.434848
vt 0.195164 0.454126
vt 0.177724 0.172912
vt 0.157902 0.165316
vt 0.219692 0.421676
vt 0.184391 0.415544
vt 0.178904 0.154239
vt 0.161012 0.146866
vt 0.214215 0.402449
vt 0.179293 0.396212
vt 0.180951 0.135756
vt 0.165042 0.128712
vt 0.208873 0.383228
vt 0.174478 0.376853
vt 0.183893 0.117503
vt 0.170005 0.110902
vt 0.203733 0.364012
vt 0.170015 0.357468
vt 0.187756 0.099523
vt 0.175911 0.093486
vt 0.198866 0.344797
vt 0.165969 0.338063
vt 0.192555 0.081862
vt 0.182759 0.076514
vt 0.194338 0.325583
vt 0.162405 0.318648
vt 0.198302 0.064566
vt 0.190547 0.060036
vt 0.190215 0.306372
vt 0.159382 0.299234
vt 0.205002 0.047684
vt 0.186560 0.287171
vt 0.358848 0.047684
vt 0.353108 0.044100
vt 0.344393 0.060036
vt 0.340406 0.287171
vt 0.310808 0.279838
vt 0.313229 0.299233
vt 0.366499 0.031263
vt 0.362733 0.028753
vt 0.337281 0.267987
vt 0.309044 0.260482
vt 0.375093 0.015353
vt 0.373245 0.014039
vt 0.334747 0.248834
vt 0.307990 0.241190
vt 0.384615 0.000000
vt 0.332857 0.229727
vt 0.307692 0.221992
vt 0.331666 0.210687
vt 0.308195 0.202921
vt 0.331222 0.191739
vt 0.309536 0.184016
vt 0.379080 0.440916
vt 0.343551 0.434848
vt 0.349010 0.454126
vt 0.331571 0.172912
vt 0.311748 0.165316
vt 0.373539 0.421676
vt 0.338237 0.415544
vt 0.332750 0.154239
vt 0.314859 0.146866
vt 0.368062 0.402449
vt 0.333139 0.396212
vt 0.334797 0.135756
vt 0.318888 0.128712
vt 0.362719 0.383228
vt 0.328324 0.376853
vt 0.337740 0.117503
vt 0.323852 0.110902
vt 0.357580 0.364012
vt 0.323861 0.357468
vt 0.341602 0.099523
vt 0.329757 0.093486
vt 0.352712 0.344797
vt 0.319815 0.338063
vt 0.346401 0.081862
vt 0.336606 0.076514
vt 0.348184 0.325583
vt 0.316251 0.318648
vt 0.352148 0.064566
vt 0.344061 0.306373
vt 0.198302 0.524739
vt 0.190547 0.520208
vt 0.182759 0.536687
vt 0.190214 0.766545
vt 0.159382 0.759406
vt 0.162405 0.778820
vt 0.205002 0.507856
vt 0.199262 0.504273
vt 0.186560 0.747344
vt 0.156962 0.740011
vt 0.212653 0.491436
vt 0.208887 0.488926
vt 0.183435 0.728160
vt 0.155198 0.720654
vt 0.221247 0.475526
vt 0.219399 0.474212
vt 0.180900 0.709007
vt 0.154144 0.701363
vt 0.230769 0.460173
vt 0.179011 0.689900
vt 0.153846 0.682165
vt 0.177820 0.670860
vt 0.154349 0.663094
vt 0.177376 0.651912
vt 0.155690 0.644189
vt 0.225234 0.901089
vt 0.189704 0.895020
vt 0.195164 0.914299
vt 0.177724 0.633085
vt 0.157902 0.625489
vt 0.219692 0.881849
vt 0.184391 0.875716
vt 0.178904 0.614412
vt 0.161012 0.607039
vt 0.214215 0.862621
vt 0.179293 0.856385
vt 0.180951 0.595928
vt 0.165042 0.588884
vt 0.208873 0.843401
vt 0.174478 0.837025
vt 0.183894 0.577676
vt 0.170005 0.571075
vt 0.203734 0.824185
vt 0.170015 0.817641
vt 0.187756 0.559696
vt 0.175911 0.553659
vt 0.198866 0.804969
vt 0.165969 0.798236
vt 0.192555 0.542035
vt 0.194338 0.785756
vt 0.423324 0.542035
vt 0.413529 0.536687
vt 0.406680 0.553659
vt 0.425107 0.785756
vt 0.393174 0.778820
vt 0.396739 0.798236
vt 0.429071 0.524739
vt 0.421316 0.520208
vt 0.420984 0.766545
vt 0.390152 0.759406
vt 0.435771 0.507857
vt 0.430031 0.504273
vt 0.417329 0.747344
vt 0.387731 0.740011
vt 0.443422 0.491436
vt 0.439656 0.488926
vt 0.414205 0.728160
vt 0.385967 0.720654
vt 0.452016 0.475526
vt 0.450168 0.474212
vt 0.411670 0.709007
vt 0.384913 0.701363
vt 0.461539 0.460173
vt 0.409780 0.689900
vt 0.384615 0.682165
vt 0.408589 0.670860
vt 0.385118 0.663094
vt 0.408146 0.651912
vt 0.386459 0.644189
vt 0.456003 0.901089
vt 0.420474 0.895020
vt 0.425933 0.914299
vt 0.408494 0.633085
vt 0.388671 0.625489
vt 0.450462 0.881849
vt 0.415160 0.875716
vt 0.409674 0.614412
vt 0.391782 0.607039
vt 0.444985 0.862621
vt 0.410062 0.856385
vt 0.411720 0.595928
vt 0.395811 0.588884
vt 0.439642 0.843401
vt 0.405247 0.837026
vt 0.414663 0.577676
vt 0.400775 0.571075
vt 0.434503 0.824185
vt 0.400784 0.817641
vt 0.418525 0.559696
vt 0.429635 0.804969
vt 0.726217 0.099523
vt 0.714372 0.093486
vt 0.708467 0.110902
vt 0.737328 0.344797
vt 0.704431 0.338063
vt 0.708477 0.357468
vt 0.731016 0.081862
vt 0.721221 0.076514
vt 0.732800 0.325583
vt 0.700866 0.318648
vt 0.736764 0.064566
vt 0.729008 0.060036
vt 0.728676 0.306372
vt 0.697844 0.299233
vt 0.743464 0.047684
vt 0.737723 0.044100
vt 0.725021 0.287171
vt 0.695423 0.279838
vt 0.751115 0.031263
vt 0.747348 0.028753
vt 0.721897 0.267987
vt 0.693660 0.260481
vt 0.759709 0.015353
vt 0.757860 0.014039
vt 0.719362 0.248834
vt 0.692605 0.241190
vt 0.769231 0.000000
vt 0.717473 0.229727
vt 0.692308 0.221992
vt 0.716282 0.210687
vt 0.692810 0.202921
vt 0.715838 0.191739
vt 0.694151 0.184016
vt 0.763695 0.440916
vt 0.728166 0.434848
vt 0.733626 0.454126
vt 0.716186 0.172912
vt 0.696364 0.165316
vt 0.758154 0.421676
vt 0.722853 0.415544
vt 0.717366 0.154239
vt 0.699474 0.146866
vt 0.752677 0.402449
vt 0.717754 0.396212
vt 0.719413 0.135756
vt 0.703504 0.128712
vt 0.747334 0.383228
vt 0.712940 0.376853
vt 0.722355 0.117503
vt 0.742195 0.364012
vt 0.645432 0.117503
vt 0.631544 0.110902
vt 0.626581 0.128712
vt 0.665272 0.364012
vt 0.631554 0.357468
vt 0.636017 0.376853
vt 0.649294 0.099523
vt 0.637449 0.093486
vt 0.660405 0.344797
vt 0.627508 0.338063
vt 0.654093 0.081862
vt 0.644298 0.076514
vt 0.655877 0.325583
vt 0.623943 0.318648
vt 0.659841 0.064566
vt 0.652085 0.060036
vt 0.651753 0.306372
vt 0.620921 0.299233
vt 0.666541 0.047684
vt 0.660800 0.044100
vt 0.648098 0.287171
vt 0.618500 0.279838
vt 0.674192 0.031263
vt 0.670425 0.028753
vt 0.644974 0.267987
vt 0.616737 0.260482
vt 0.682786 0.015353
vt 0.680937 0.014039
vt 0.642439 0.248834
vt 0.615682 0.241190
vt 0.692308 0.000000
vt 0.640549 0.229727
vt 0.615385 0.221992
vt 0.639359 0.210687
vt 0.615887 0.202922
vt 0.638915 0.191739
vt 0.617228 0.184016
vt 0.686772 0.440916
vt 0.651243 0.434848
vt 0.656703 0.454126
vt 0.639263 0.172912
vt 0.619441 0.165316
vt 0.681231 0.421676
vt 0.645929 0.415544
vt 0.640443 0.154239
vt 0.622551 0.146866
vt 0.675754 0.402449
vt 0.640831 0.396212
vt 0.642489 0.135756
vt 0.670411 0.383228
vt 0.126741 0.324417
vt 0.142650 0.331461
vt 0.146680 0.313307
vt 0.098819 0.076945
vt 0.133214 0.083320
vt 0.128400 0.063961
vt 0.123799 0.342670
vt 0.137687 0.349271
vt 0.103959 0.096161
vt 0.137677 0.102705
vt 0.119937 0.360650
vt 0.131782 0.366687
vt 0.108826 0.115376
vt 0.141723 0.122110
vt 0.115138 0.378311
vt 0.124933 0.383659
vt 0.113354 0.134590
vt 0.145288 0.141525
vt 0.109390 0.395607
vt 0.117145 0.400137
vt 0.117478 0.153800
vt 0.148310 0.160939
vt 0.102690 0.412489
vt 0.108431 0.416073
vt 0.121133 0.173002
vt 0.150731 0.180335
vt 0.095039 0.428910
vt 0.098806 0.431420
vt 0.124257 0.192186
vt 0.152494 0.199691
vt 0.086445 0.444820
vt 0.088294 0.446133
vt 0.126792 0.211339
vt 0.153549 0.218983
vt 0.076923 0.460173
vt 0.128681 0.230446
vt 0.153846 0.238181
vt 0.129872 0.249486
vt 0.153343 0.257251
vt 0.130316 0.268434
vt 0.152002 0.276157
vt 0.082458 0.019257
vt 0.117988 0.025325
vt 0.112528 0.006047
vt 0.129968 0.287261
vt 0.149790 0.294857
vt 0.088000 0.038497
vt 0.123301 0.044629
vt 0.128788 0.305934
vt 0.093477 0.057724
vt 0.255827 0.154239
vt 0.237936 0.146866
vt 0.234825 0.165316
vt 0.291139 0.402449
vt 0.256216 0.396212
vt 0.261314 0.415544
vt 0.257874 0.135756
vt 0.241965 0.128712
vt 0.285796 0.383228
vt 0.251401 0.376853
vt 0.260817 0.117503
vt 0.246928 0.110902
vt 0.280657 0.364012
vt 0.246938 0.357468
vt 0.264679 0.099523
vt 0.252834 0.093486
vt 0.275789 0.344797
vt 0.242892 0.338063
vt 0.269478 0.081862
vt 0.259683 0.076514
vt 0.271261 0.325583
vt 0.239328 0.318648
vt 0.275225 0.064566
vt 0.267470 0.060035
vt 0.267138 0.306372
vt 0.236305 0.299234
vt 0.281925 0.047684
vt 0.276185 0.044100
vt 0.263483 0.287171
vt 0.233885 0.279838
vt 0.289576 0.031263
vt 0.285810 0.028753
vt 0.260358 0.267987
vt 0.232121 0.260482
vt 0.298170 0.015353
vt 0.296322 0.014039
vt 0.257823 0.248834
vt 0.231067 0.241190
vt 0.307692 -0.000000
vt 0.255934 0.229727
vt 0.230769 0.221992
vt 0.254743 0.210687
vt 0.231272 0.202922
vt 0.254299 0.191739
vt 0.232613 0.184016
vt 0.302157 0.440916
vt 0.266628 0.434848
vt 0.272087 0.454126
vt 0.254647 0.172912
vt 0.296616 0.421676
vt 0.046876 0.342670
vt 0.060764 0.349271
vt 0.065727 0.331462
vt 0.027036 0.096161
vt 0.060754 0.102705
vt 0.056291 0.083320
vt 0.043014 0.360650
vt 0.054859 0.366687
vt 0.031903 0.115376
vt 0.064800 0.122110
vt 0.038214 0.378311
vt 0.048010 0.383659
vt 0.036431 0.134590
vt 0.068365 0.141525
vt 0.032467 0.395607
vt 0.040222 0.400137
vt 0.040555 0.153801
vt 0.071387 0.160940
vt 0.025767 0.412489
vt 0.031508 0.416073
vt 0.044209 0.173002
vt 0.073807 0.180335
vt 0.018116 0.428910
vt 0.021882 0.431420
vt 0.047334 0.192186
vt 0.075571 0.199691
vt 0.009522 0.444820
vt 0.011371 0.446134
vt 0.049869 0.211339
vt 0.076625 0.218983
vt 0.000000 0.460173
vt 0.051758 0.230446
vt 0.076923 0.238181
vt 0.052949 0.249486
vt 0.076420 0.257251
vt 0.053393 0.268434
vt 0.075079 0.276157
vt 0.005536 0.019257
vt 0.041065 0.025325
vt 0.035605 0.006047
vt 0.053045 0.287261
vt 0.072867 0.294857
vt 0.011077 0.038497
vt 0.046378 0.044629
vt 0.051865 0.305934
vt 0.069757 0.313307
vt 0.016554 0.057724
vt 0.051477 0.063961
vt 0.049818 0.324417
vt 0.021896 0.076945
vt 0.923077 0.460173
vt 1.000000 0.460173
vt 0.923077 0.920346
vt 0.615385 0.920346
vt 0.538462 0.920346
vt 0.692308 0.920346
vt 0.846154 0.920346
vt 0.846154 0.460173
vt 0.769231 0.920346
vt 0.538462 0.460173
vt 0.615385 0.460173
vt 0.153846 0.920346
vt 0.384615 -0.000000
vt 0.384615 0.920346
vt 0.307692 0.920346
vt 0.076923 0.920346
vt 0.230769 0.460173
vt 0.230769 0.920346
vt 0.461539 0.920346
vt 0.769231 0.460173
vt 0.692308 0.460173
vt 0.076923 -0.000000
vt 0.307692 0.460173
vt -0.000000 0.000000
s 0
usemtl 材質.003
f 28/5/2 53/6/2 52/7/2
f 15/8/3 40/9/3 39/10/3
f 29/11/4 54/12/4 53/6/4
f 16/13/5 41/14/5 40/9/5
f 30/15/6 55/16/6 54/12/6
f 17/17/7 42/18/7 41/14/7
f 31/19/8 56/20/8 55/16/8
f 18/21/9 43/22/9 42/18/9
f 32/23/10 57/24/10 56/20/10
f 19/25/11 44/26/11 43/22/11
f 33/27/12 58/28/12 57/24/12
f 20/29/13 45/30/13 44/26/13
f 34/31/14 59/32/14 58/28/14
f 21/33/15 46/34/15 45/30/15
f 35/35/16 60/36/16 59/32/16
f 22/37/17 47/38/17 46/34/17
f 36/39/18 61/40/18 60/36/18
f 23/41/19 48/42/19 47/38/19
f 11/43/20 61/40/20 36/39/20
f 24/44/21 49/45/21 48/42/21
f 25/46/22 50/47/22 49/45/22
f 26/48/23 51/49/23 50/47/23
f 13/50/24 38/51/24 37/52/24
f 27/53/25 52/7/25 51/49/25
f 14/54/26 39/10/26 38/51/26
f 77/55/27 102/56/27 101/57/27
f 64/58/28 89/59/28 88/60/28
f 78/61/29 103/62/29 102/56/29
f 65/63/30 90/64/30 89/59/30
f 79/65/31 104/66/31 103/62/31
f 66/67/32 91/68/32 90/64/32
f 80/69/33 105/70/33 104/66/33
f 67/71/34 92/72/34 91/68/34
f 81/73/35 106/74/35 105/70/35
f 68/75/36 93/76/36 92/72/36
f 82/77/37 107/78/37 106/74/37
f 69/79/38 94/80/38 93/76/38
f 83/81/39 108/82/39 107/78/39
f 70/83/40 95/84/40 94/80/40
f 84/85/41 109/86/41 108/82/41
f 71/87/42 96/88/42 95/84/42
f 85/89/43 110/90/43 109/86/43
f 72/91/44 97/92/44 96/88/44
f 86/93/45 111/94/45 110/90/45
f 73/95/46 98/96/46 97/92/46
f 11/97/47 111/94/47 86/93/47
f 74/98/48 99/99/48 98/96/48
f 75/100/49 100/101/49 99/99/49
f 76/102/50 101/57/50 100/101/50
f 63/103/51 88/60/51 87/104/51
f 126/105/52 151/106/52 150/107/52
f 113/108/53 138/109/53 137/110/53
f 127/111/54 152/112/54 151/106/54
f 114/113/55 139/114/55 138/109/55
f 128/115/56 153/116/56 152/112/56
f 115/117/57 140/118/57 139/114/57
f 129/119/58 154/120/58 153/116/58
f 116/121/59 141/122/59 140/118/59
f 130/123/60 155/124/60 154/120/60
f 117/125/61 142/126/61 141/122/61
f 131/127/62 156/128/62 155/124/62
f 118/129/63 143/130/63 142/126/63
f 132/131/64 157/132/64 156/128/64
f 119/133/65 144/134/65 143/130/65
f 133/135/66 158/136/66 157/132/66
f 120/137/67 145/138/67 144/134/67
f 134/139/68 159/140/68 158/136/68
f 121/141/69 146/142/69 145/138/69
f 135/143/70 160/144/70 159/140/70
f 122/145/71 147/146/71 146/142/71
f 136/147/72 161/148/72 160/144/72
f 123/149/73 148/150/73 147/146/73
f 11/151/74 161/148/74 136/147/74
f 124/152/75 149/153/75 148/150/75
f 125/154/76 150/107/76 149/153/76
f 175/155/77 200/156/77 199/157/77
f 176/158/78 201/159/78 200/156/78
f 163/160/79 188/161/79 187/162/79
f 177/163/80 202/164/80 201/159/80
f 164/165/81 189/166/81 188/161/81
f 178/167/82 203/168/82 202/164/82
f 165/169/83 190/170/83 189/166/83
f 179/171/84 204/172/84 203/168/84
f 166/173/85 191/174/85 190/170/85
f 180/175/86 205/176/86 204/172/86
f 167/177/87 192/178/87 191/174/87
f 181/179/88 206/180/88 205/176/88
f 168/181/89 193/182/89 192/178/89
f 182/183/90 207/184/90 206/180/90
f 169/185/91 194/186/91 193/182/91
f 183/187/92 208/188/92 207/184/92
f 170/189/93 195/190/93 194/186/93
f 184/191/94 209/192/94 208/188/94
f 171/193/95 196/194/95 195/190/95
f 185/195/96 210/196/96 209/192/96
f 172/197/97 197/198/97 196/194/97
f 186/199/98 211/200/98 210/196/98
f 173/201/99 198/202/99 197/198/99
f 11/203/100 211/200/100 186/199/100
f 174/204/101 199/157/101 198/202/101
f 224/205/102 249/206/102 248/207/102
f 225/208/103 250/209/103 249/206/103
f 226/210/104 251/211/104 250/209/104
f 213/212/105 238/213/105 237/214/105
f 227/215/106 252/216/106 251/211/106
f 214/217/107 239/218/107 238/213/107
f 228/219/108 253/220/108 252/216/108
f 215/221/109 240/222/109 239/218/109
f 229/223/110 254/224/110 253/220/110
f 216/225/111 241/226/111 240/222/111
f 230/227/112 255/228/112 254/224/112
f 217/229/113 242/230/113 241/226/113
f 231/231/114 256/232/114 255/228/114
f 218/233/115 243/234/115 242/230/115
f 232/235/116 257/236/116 256/232/116
f 219/237/117 244/238/117 243/234/117
f 233/239/118 258/240/118 257/236/118
f 220/241/119 245/242/119 244/238/119
f 234/243/120 259/244/120 258/240/120
f 221/245/121 246/246/121 245/242/121
f 235/247/122 260/248/122 259/244/122
f 222/249/123 247/250/123 246/246/123
f 236/251/124 261/252/124 260/248/124
f 223/253/125 248/207/125 247/250/125
f 11/254/126 261/252/126 236/251/126
f 273/255/127 298/256/127 297/257/127
f 11/258/128 311/259/128 286/260/128
f 274/261/129 299/262/129 298/256/129
f 275/263/130 300/264/130 299/262/130
f 276/265/131 301/266/131 300/264/131
f 263/267/132 288/268/132 287/269/132
f 277/270/133 302/271/133 301/266/133
f 264/272/134 289/273/134 288/268/134
f 278/274/135 303/275/135 302/271/135
f 265/276/136 290/277/136 289/273/136
f 279/278/137 304/279/137 303/275/137
f 266/280/138 291/281/138 290/277/138
f 280/282/139 305/283/139 304/279/139
f 267/284/140 292/285/140 291/281/140
f 281/286/141 306/287/141 305/283/141
f 268/288/142 293/289/142 292/285/142
f 282/290/143 307/291/143 306/287/143
f 269/292/144 294/293/144 293/289/144
f 283/294/145 308/295/145 307/291/145
f 270/296/146 295/297/146 294/293/146
f 284/298/147 309/299/147 308/295/147
f 271/300/148 296/301/148 295/297/148
f 285/302/149 310/303/149 309/299/149
f 272/304/150 297/257/150 296/301/150
f 286/260/151 311/259/151 310/303/151
f 322/305/152 347/306/152 346/307/152
f 336/308/153 361/309/153 360/310/153
f 323/311/154 348/312/154 347/306/154
f 11/313/155 361/309/155 336/308/155
f 324/314/156 349/315/156 348/312/156
f 325/316/157 350/317/157 349/315/157
f 326/318/158 351/319/158 350/317/158
f 313/320/159 338/321/159 337/322/159
f 327/323/160 352/324/160 351/319/160
f 314/325/161 339/326/161 338/321/161
f 328/327/162 353/328/162 352/324/162
f 315/329/163 340/330/163 339/326/163
f 329/331/164 354/332/164 353/328/164
f 316/333/165 341/334/165 340/330/165
f 330/335/166 355/336/166 354/332/166
f 317/337/167 342/338/167 341/334/167
f 331/339/168 356/340/168 355/336/168
f 318/341/169 343/342/169 342/338/169
f 332/343/170 357/344/170 356/340/170
f 319/345/171 344/346/171 343/342/171
f 333/347/172 358/348/172 357/344/172
f 320/349/173 345/350/173 344/346/173
f 334/351/174 359/352/174 358/348/174
f 321/353/175 346/307/175 345/350/175
f 335/354/176 360/310/176 359/352/176
f 371/355/177 396/356/177 395/357/177
f 385/358/178 410/359/178 409/360/178
f 372/361/179 397/362/179 396/356/179
f 386/363/180 411/364/180 410/359/180
f 373/365/181 398/366/181 397/362/181
f 11/367/182 411/364/182 386/363/182
f 374/368/183 399/369/183 398/366/183
f 375/370/184 400/371/184 399/369/184
f 376/372/185 401/373/185 400/371/185
f 363/374/186 388/375/186 387/376/186
f 377/377/187 402/378/187 401/373/187
f 364/379/188 389/380/188 388/375/188
f 378/381/189 403/382/189 402/378/189
f 365/383/190 390/384/190 389/380/190
f 379/385/191 404/386/191 403/382/191
f 366/387/192 391/388/192 390/384/192
f 380/389/193 405/390/193 404/386/193
f 367/391/194 392/392/194 391/388/194
f 381/393/195 406/394/195 405/390/195
f 368/395/196 393/396/196 392/392/196
f 382/397/197 407/398/197 406/394/197
f 369/399/198 394/400/198 393/396/198
f 383/401/199 408/402/199 407/398/199
f 370/403/200 395/357/200 394/400/200
f 384/404/201 409/360/201 408/402/201
f 422/405/202 447/406/202 446/407/202
f 436/408/203 461/409/203 460/410/203
f 423/411/204 448/412/204 447/406/204
f 11/413/205 461/409/205 436/408/205
f 424/414/206 449/415/206 448/412/206
f 425/416/207 450/417/207 449/415/207
f 426/418/208 451/419/208 450/417/208
f 413/420/209 438/421/209 437/422/209
f 427/423/210 452/424/210 451/419/210
f 414/425/211 439/426/211 438/421/211
f 428/427/212 453/428/212 452/424/212
f 415/429/213 440/430/213 439/426/213
f 429/431/214 454/432/214 453/428/214
f 416/433/215 441/434/215 440/430/215
f 430/435/216 455/436/216 454/432/216
f 417/437/217 442/438/217 441/434/217
f 431/439/218 456/440/218 455/436/218
f 418/441/219 443/442/219 442/438/219
f 432/443/220 457/444/220 456/440/220
f 419/445/221 444/446/221 443/442/221
f 433/447/222 458/448/222 457/444/222
f 420/449/223 445/450/223 444/446/223
f 434/451/224 459/452/224 458/448/224
f 421/453/225 446/407/225 445/450/225
f 435/454/226 460/410/226 459/452/226
f 471/455/227 496/456/227 495/457/227
f 485/458/228 510/459/228 509/460/228
f 472/461/229 497/462/229 496/456/229
f 486/463/230 511/464/230 510/459/230
f 473/465/231 498/466/231 497/462/231
f 11/467/232 511/464/232 486/463/232
f 474/468/233 499/469/233 498/466/233
f 475/470/234 500/471/234 499/469/234
f 476/472/235 501/473/235 500/471/235
f 463/474/236 488/475/236 487/476/236
f 477/477/237 502/478/237 501/473/237
f 464/479/238 489/480/238 488/475/238
f 478/481/239 503/482/239 502/478/239
f 465/483/240 490/484/240 489/480/240
f 479/485/241 504/486/241 503/482/241
f 466/487/242 491/488/242 490/484/242
f 480/489/243 505/490/243 504/486/243
f 467/491/244 492/492/244 491/488/244
f 481/493/245 506/494/245 505/490/245
f 468/495/246 493/496/246 492/492/246
f 482/497/247 507/498/247 506/494/247
f 469/499/248 494/500/248 493/496/248
f 483/501/249 508/502/249 507/498/249
f 470/503/250 495/457/250 494/500/250
f 484/504/251 509/460/251 508/502/251
f 520/505/252 545/506/252 544/507/252
f 534/508/253 559/509/253 558/510/253
f 521/511/254 546/512/254 545/506/254
f 535/513/255 560/514/255 559/509/255
f 522/515/256 547/516/256 546/512/256
f 536/517/257 561/518/257 560/514/257
f 523/519/258 548/520/258 547/516/258
f 11/521/259 561/518/259 536/517/259
f 524/522/260 549/523/260 548/520/260
f 525/524/261 550/525/261 549/523/261
f 526/526/262 551/527/262 550/525/262
f 513/528/263 538/529/263 537/530/263
f 527/531/264 552/532/264 551/527/264
f 514/533/265 539/534/265 538/529/265
f 528/535/266 553/536/266 552/532/266
f 515/537/267 540/538/267 539/534/267
f 529/539/268 554/540/268 553/536/268
f 516/541/269 541/542/269 540/538/269
f 530/543/270 555/544/270 554/540/270
f 517/545/271 542/546/271 541/542/271
f 531/547/272 556/548/272 555/544/272
f 518/549/273 543/550/273 542/546/273
f 532/551/274 557/552/274 556/548/274
f 519/553/275 544/507/275 543/550/275
f 533/554/276 558/510/276 557/552/276
f 569/555/277 594/556/277 593/557/277
f 583/558/278 608/559/278 607/560/278
f 570/561/279 595/562/279 594/556/279
f 584/563/280 609/564/280 608/559/280
f 571/565/281 596/566/281 595/562/281
f 585/567/282 610/568/282 609/564/282
f 572/569/283 597/570/283 596/566/283
f 586/571/284 611/572/284 610/568/284
f 573/573/285 598/574/285 597/570/285
f 11/575/286 611/572/286 586/571/286
f 574/576/287 599/577/287 598/574/287
f 575/578/288 600/579/288 599/577/288
f 576/580/289 601/581/289 600/579/289
f 563/582/290 588/583/290 587/584/290
f 577/585/291 602/586/291 601/581/291
f 564/587/292 589/588/292 588/583/292
f 578/589/293 603/590/293 602/586/293
f 565/591/294 590/592/294 589/588/294
f 579/593/295 604/594/295 603/590/295
f 566/595/296 591/596/296 590/592/296
f 580/597/297 605/598/297 604/594/297
f 567/599/298 592/600/298 591/596/298
f 581/601/299 606/602/299 605/598/299
f 568/603/300 593/557/300 592/600/300
f 582/604/301 607/560/301 606/602/301
f 618/605/302 643/606/302 642/607/302
f 632/608/303 657/609/303 656/610/303
f 619/611/304 644/612/304 643/606/304
f 633/613/305 658/614/305 657/609/305
f 620/615/306 645/616/306 644/612/306
f 634/617/307 659/618/307 658/614/307
f 621/619/308 646/620/308 645/616/308
f 635/621/309 660/622/309 659/618/309
f 622/623/310 647/624/310 646/620/310
f 636/625/311 661/626/311 660/622/311
f 623/627/312 648/628/312 647/624/312
f 11/629/313 661/626/313 636/625/313
f 624/630/314 649/631/314 648/628/314
f 625/632/315 650/633/315 649/631/315
f 626/634/316 651/635/316 650/633/316
f 613/636/317 638/637/317 637/638/317
f 627/639/318 652/640/318 651/635/318
f 614/641/319 639/642/319 638/637/319
f 628/643/320 653/644/320 652/640/320
f 615/645/321 640/646/321 639/642/321
f 629/647/322 654/648/322 653/644/322
f 616/649/323 641/650/323 640/646/323
f 630/651/324 655/652/324 654/648/324
f 617/653/325 642/607/325 641/650/325
f 631/654/326 656/610/326 655/652/326
f 667/655/327 692/656/327 691/657/327
f 681/658/328 706/659/328 705/660/328
f 668/661/329 693/662/329 692/656/329
f 682/663/330 707/664/330 706/659/330
f 669/665/331 694/666/331 693/662/331
f 683/667/332 708/668/332 707/664/332
f 670/669/333 695/670/333 694/666/333
f 684/671/334 709/672/334 708/668/334
f 671/673/335 696/674/335 695/670/335
f 685/675/336 710/676/336 709/672/336
f 672/677/337 697/678/337 696/674/337
f 686/679/338 711/680/338 710/676/338
f 673/681/339 698/682/339 697/678/339
f 11/683/340 711/680/340 686/679/340
f 674/684/341 699/685/341 698/682/341
f 675/686/342 700/687/342 699/685/342
f 676/688/343 701/689/343 700/687/343
f 663/690/344 688/691/344 687/692/344
f 677/693/345 702/694/345 701/689/345
f 664/695/346 689/696/346 688/691/346
f 678/697/347 703/698/347 702/694/347
f 665/699/348 690/700/348 689/696/348
f 679/701/349 704/702/349 703/698/349
f 666/703/350 691/657/350 690/700/350
f 680/704/351 705/660/351 704/702/351
f 716/705/352 741/706/352 740/707/352
f 730/708/353 755/709/353 754/710/353
f 717/711/354 742/712/354 741/706/354
f 731/713/355 756/714/355 755/709/355
f 718/715/356 743/716/356 742/712/356
f 732/717/357 757/718/357 756/714/357
f 719/719/358 744/720/358 743/716/358
f 733/721/359 758/722/359 757/718/359
f 720/723/360 745/724/360 744/720/360
f 734/725/361 759/726/361 758/722/361
f 721/727/362 746/728/362 745/724/362
f 735/729/363 760/730/363 759/726/363
f 722/731/364 747/732/364 746/728/364
f 736/733/365 761/734/365 760/730/365
f 723/735/366 748/736/366 747/732/366
f 11/737/367 761/734/367 736/733/367
f 724/738/368 749/739/368 748/736/368
f 725/740/369 750/741/369 749/739/369
f 726/742/370 751/743/370 750/741/370
f 713/744/371 738/745/371 737/746/371
f 727/747/372 752/748/372 751/743/372
f 714/749/373 739/750/373 738/745/373
f 728/751/374 753/752/374 752/748/374
f 715/753/375 740/707/375 739/750/375
f 729/754/376 754/710/376 753/752/376
f 765/755/377 790/756/377 789/757/377
f 779/758/378 804/759/378 803/760/378
f 766/761/379 791/762/379 790/756/379
f 780/763/380 805/764/380 804/759/380
f 767/765/381 792/766/381 791/762/381
f 781/767/382 806/768/382 805/764/382
f 768/769/383 793/770/383 792/766/383
f 782/771/384 807/772/384 806/768/384
f 769/773/385 794/774/385 793/770/385
f 783/775/386 808/776/386 807/772/386
f 770/777/387 795/778/387 794/774/387
f 784/779/388 809/780/388 808/776/388
f 771/781/389 796/782/389 795/778/389
f 785/783/390 810/784/390 809/780/390
f 772/785/391 797/786/391 796/782/391
f 786/787/392 811/788/392 810/784/392
f 773/789/393 798/790/393 797/786/393
f 11/791/394 811/788/394 786/787/394
f 774/792/395 799/793/395 798/790/395
f 775/794/396 800/795/396 799/793/396
f 776/796/397 801/797/397 800/795/397
f 763/798/398 788/799/398 787/800/398
f 777/801/399 802/802/399 801/797/399
f 764/803/400 789/757/400 788/799/400
f 778/804/401 803/760/401 802/802/401
f 835/805/402 860/806/402 859/807/402
f 822/808/403 847/809/403 846/810/403
f 836/811/404 861/812/404 860/806/404
f 823/813/405 848/814/405 847/809/405
f 11/815/406 861/812/406 836/811/406
f 824/816/407 849/817/407 848/814/407
f 825/818/408 850/819/408 849/817/408
f 826/820/409 851/821/409 850/819/409
f 813/822/410 838/823/410 837/824/410
f 827/825/411 852/826/411 851/821/411
f 814/827/412 839/828/412 838/823/412
f 828/829/413 853/830/413 852/826/413
f 815/831/414 840/832/414 839/828/414
f 829/833/415 854/834/415 853/830/415
f 816/835/416 841/836/416 840/832/416
f 830/837/417 855/838/417 854/834/417
f 817/839/418 842/840/418 841/836/418
f 831/841/419 856/842/419 855/838/419
f 818/843/420 843/844/420 842/840/420
f 832/845/421 857/846/421 856/842/421
f 819/847/422 844/848/422 843/844/422
f 833/849/423 858/850/423 857/846/423
f 820/851/424 845/852/424 844/848/424
f 834/853/425 859/807/425 858/850/425
f 821/854/426 846/810/426 845/852/426
f 884/855/427 909/856/427 908/857/427
f 871/858/428 896/859/428 895/860/428
f 885/861/429 910/862/429 909/856/429
f 872/863/430 897/864/430 896/859/430
f 886/865/431 911/866/431 910/862/431
f 873/867/432 898/868/432 897/864/432
f 11/869/433 911/866/433 886/865/433
f 874/870/434 899/871/434 898/868/434
f 875/872/435 900/873/435 899/871/435
f 876/874/436 901/875/436 900/873/436
f 863/876/437 888/877/437 887/878/437
f 877/879/438 902/880/438 901/875/438
f 864/881/439 889/882/439 888/877/439
f 878/883/440 903/884/440 902/880/440
f 865/885/441 890/886/441 889/882/441
f 879/887/442 904/888/442 903/884/442
f 866/889/443 891/890/443 890/886/443
f 880/891/444 905/892/444 904/888/444
f 867/893/445 892/894/445 891/890/445
f 881/895/446 906/896/446 905/892/446
f 868/897/447 893/898/447 892/894/447
f 882/899/448 907/900/448 906/896/448
f 869/901/449 894/902/449 893/898/449
f 883/903/450 908/857/450 907/900/450
f 870/904/451 895/860/451 894/902/451
f 933/905/452 958/906/452 957/907/452
f 920/908/453 945/909/453 944/910/453
f 934/911/454 959/912/454 958/906/454
f 921/913/455 946/914/455 945/909/455
f 935/915/456 960/916/456 959/912/456
f 922/917/457 947/918/457 946/914/457
f 936/919/458 961/920/458 960/916/458
f 923/921/459 948/922/459 947/918/459
f 11/923/460 961/920/460 936/919/460
f 924/924/461 949/925/461 948/922/461
f 925/926/462 950/927/462 949/925/462
f 926/928/463 951/929/463 950/927/463
f 913/930/464 938/931/464 937/932/464
f 927/933/465 952/934/465 951/929/465
f 914/935/466 939/936/466 938/931/466
f 928/937/467 953/938/467 952/934/467
f 915/939/468 940/940/468 939/936/468
f 929/941/469 954/942/469 953/938/469
f 916/943/470 941/944/470 940/940/470
f 930/945/471 955/946/471 954/942/471
f 917/947/472 942/948/472 941/944/472
f 931/949/473 956/950/473 955/946/473
f 918/951/474 943/952/474 942/948/474
f 932/953/475 957/907/475 956/950/475
f 919/954/476 944/910/476 943/952/476
f 982/955/477 1007/956/477 1006/957/477
f 969/958/478 994/959/478 993/960/478
f 983/961/479 1008/962/479 1007/956/479
f 970/963/480 995/964/480 994/959/480
f 984/965/481 1009/966/481 1008/962/481
f 971/967/482 996/968/482 995/964/482
f 985/969/483 1010/970/483 1009/966/483
f 972/971/484 997/972/484 996/968/484
f 986/973/485 1011/974/485 1010/970/485
f 973/975/486 998/976/486 997/972/486
f 11/977/487 1011/974/487 986/973/487
f 974/978/488 999/979/488 998/976/488
f 975/980/489 1000/981/489 999/979/489
f 976/982/490 1001/983/490 1000/981/490
f 963/984/491 988/985/491 987/986/491
f 977/987/492 1002/988/492 1001/983/492
f 964/989/493 989/990/493 988/985/493
f 978/991/494 1003/992/494 1002/988/494
f 965/993/495 990/994/495 989/990/495
f 979/995/496 1004/996/496 1003/992/496
f 966/997/497 991/998/497 990/994/497
f 980/999/498 1005/1000/498 1004/996/498
f 967/1001/499 992/1002/499 991/998/499
f 981/1003/500 1006/957/500 1005/1000/500
f 968/1004/501 993/960/501 992/1002/501
f 1031/1005/502 1056/1006/502 1055/1007/502
f 1018/1008/503 1043/1009/503 1042/1010/503
f 1032/1011/504 1057/1012/504 1056/1006/504
f 1019/1013/505 1044/1014/505 1043/1009/505
f 1033/1015/506 1058/1016/506 1057/1012/506
f 1020/1017/507 1045/1018/507 1044/1014/507
f 1034/1019/508 1059/1020/508 1058/1016/508
f 1021/1021/509 1046/1022/509 1045/1018/509
f 1035/1023/510 1060/1024/510 1059/1020/510
f 1022/1025/511 1047/1026/511 1046/1022/511
f 1036/1027/512 1061/1028/512 1060/1024/512
f 1023/1029/513 1048/1030/513 1047/1026/513
f 11/1031/514 1061/1028/514 1036/1027/514
f 1024/1032/515 1049/1033/515 1048/1030/515
f 1025/1034/516 1050/1035/516 1049/1033/516
f 1026/1036/517 1051/1037/517 1050/1035/517
f 1013/1038/518 1038/1039/518 1037/1040/518
f 1027/1041/519 1052/1042/519 1051/1037/519
f 1014/1043/520 1039/1044/520 1038/1039/520
f 1028/1045/521 1053/1046/521 1052/1042/521
f 1015/1047/522 1040/1048/522 1039/1044/522
f 1029/1049/523 1054/1050/523 1053/1046/523
f 1016/1051/524 1041/1052/524 1040/1048/524
f 1030/1053/525 1055/1007/525 1054/1050/525
f 1017/1054/526 1042/1010/526 1041/1052/526
f 1080/1055/527 1105/1056/527 1104/1057/527
f 1067/1058/528 1092/1059/528 1091/1060/528
f 1081/1061/529 1106/1062/529 1105/1056/529
f 1068/1063/530 1093/1064/530 1092/1059/530
f 1082/1065/531 1107/1066/531 1106/1062/531
f 1069/1067/532 1094/1068/532 1093/1064/532
f 1083/1069/533 1108/1070/533 1107/1066/533
f 1070/1071/534 1095/1072/534 1094/1068/534
f 1084/1073/535 1109/1074/535 1108/1070/535
f 1071/1075/536 1096/1076/536 1095/1072/536
f 1085/1077/537 1110/1078/537 1109/1074/537
f 1072/1079/538 1097/1080/538 1096/1076/538
f 1086/1081/539 1111/1082/539 1110/1078/539
f 1073/1083/540 1098/1084/540 1097/1080/540
f 11/1085/541 1111/1082/541 1086/1081/541
f 1074/1086/542 1099/1087/542 1098/1084/542
f 1075/1088/543 1100/1089/543 1099/1087/543
f 1076/1090/544 1101/1091/544 1100/1089/544
f 1063/1092/545 1088/1093/545 1087/1094/545
f 1077/1095/546 1102/1096/546 1101/1091/546
f 1064/1097/547 1089/1098/547 1088/1093/547
f 1078/1099/548 1103/1100/548 1102/1096/548
f 1065/1101/549 1090/1102/549 1089/1098/549
f 1079/1103/550 1104/1057/550 1103/1100/550
f 1066/1104/551 1091/1060/551 1090/1102/551
f 1129/1105/552 1154/1106/552 1153/1107/552
f 1116/1108/553 1141/1109/553 1140/1110/553
f 1130/1111/554 1155/1112/554 1154/1106/554
f 1117/1113/555 1142/1114/555 1141/1109/555
f 1131/1115/556 1156/1116/556 1155/1112/556
f 1118/1117/557 1143/1118/557 1142/1114/557
f 1132/1119/558 1157/1120/558 1156/1116/558
f 1119/1121/559 1144/1122/559 1143/1118/559
f 1133/1123/560 1158/1124/560 1157/1120/560
f 1120/1125/561 1145/1126/561 1144/1122/561
f 1134/1127/562 1159/1128/562 1158/1124/562
f 1121/1129/563 1146/1130/563 1145/1126/563
f 1135/1131/564 1160/1132/564 1159/1128/564
f 1122/1133/565 1147/1134/565 1146/1130/565
f 1136/1135/566 1161/1136/566 1160/1132/566
f 1123/1137/567 1148/1138/567 1147/1134/567
f 11/1139/568 1161/1136/568 1136/1135/568
f 1124/1140/569 1149/1141/569 1148/1138/569
f 1125/1142/570 1150/1143/570 1149/1141/570
f 1126/1144/571 1151/1145/571 1150/1143/571
f 1113/1146/572 1138/1147/572 1137/1148/572
f 1127/1149/573 1152/1150/573 1151/1145/573
f 1114/1151/574 1139/1152/574 1138/1147/574
f 1128/1153/575 1153/1107/575 1152/1150/575
f 1115/1154/576 1140/1110/576 1139/1152/576
f 1178/1155/577 1203/1156/577 1202/1157/577
f 1165/1158/578 1190/1159/578 1189/1160/578
f 1179/1161/579 1204/1162/579 1203/1156/579
f 1166/1163/580 1191/1164/580 1190/1159/580
f 1180/1165/581 1205/1166/581 1204/1162/581
f 1167/1167/582 1192/1168/582 1191/1164/582
f 1181/1169/583 1206/1170/583 1205/1166/583
f 1168/1171/584 1193/1172/584 1192/1168/584
f 1182/1173/585 1207/1174/585 1206/1170/585
f 1169/1175/586 1194/1176/586 1193/1172/586
f 1183/1177/587 1208/1178/587 1207/1174/587
f 1170/1179/588 1195/1180/588 1194/1176/588
f 1184/1181/589 1209/1182/589 1208/1178/589
f 1171/1183/590 1196/1184/590 1195/1180/590
f 1185/1185/591 1210/1186/591 1209/1182/591
f 1172/1187/592 1197/1188/592 1196/1184/592
f 1186/1189/593 1211/1190/593 1210/1186/593
f 1173/1191/594 1198/1192/594 1197/1188/594
f 11/1193/595 1211/1190/595 1186/1189/595
f 1174/1194/596 1199/1195/596 1198/1192/596
f 1175/1196/597 1200/1197/597 1199/1195/597
f 1176/1198/598 1201/1199/598 1200/1197/598
f 1163/1200/599 1188/1201/599 1187/1202/599
f 1177/1203/600 1202/1157/600 1201/1199/600
f 1164/1204/601 1189/1160/601 1188/1201/601
f 1230/1205/602 7/1206/602 1252/1207/602
f 1217/1208/603 5/1209/603 1241/1210/603
f 1231/1211/604 8/1212/604 7/1206/604
f 1218/1213/605 1242/1214/605 5/1209/605
f 1232/1215/606 9/1216/606 8/1212/606
f 1219/1217/607 1243/1218/607 1242/1214/607
f 1233/1219/608 1253/1220/608 9/1216/608
f 1220/1221/609 6/1222/609 1243/1218/609
f 1234/1223/610 10/1224/610 1253/1220/610
f 1221/1225/611 1244/1226/611 6/1222/611
f 1235/1227/612 1254/1228/612 10/1224/612
f 1222/1229/613 1245/1230/613 1244/1226/613
f 1236/1231/614 1255/1232/614 1254/1228/614
f 1223/1233/615 1246/1234/615 1245/1230/615
f 11/1235/616 1255/1232/616 1236/1231/616
f 1224/1236/617 1247/1237/617 1246/1234/617
f 1225/1238/618 1248/1239/618 1247/1237/618
f 1226/1240/619 1249/1241/619 1248/1239/619
f 1213/1242/620 1238/1243/620 1237/1244/620
f 1227/1245/621 1250/1246/621 1249/1241/621
f 1214/1247/622 1239/1248/622 1238/1243/622
f 1228/1249/623 1251/1250/623 1250/1246/623
f 1215/1251/624 1240/1252/624 1239/1248/624
f 1229/1253/625 1252/1207/625 1251/1250/625
f 1216/1254/626 1241/1210/626 1240/1252/626
f 28/5/627 52/7/627 27/53/627
f 15/8/628 39/10/628 14/54/628
f 29/11/629 53/6/629 28/5/629
f 16/13/630 40/9/630 15/8/630
f 30/15/631 54/12/631 29/11/631
f 17/17/632 41/14/632 16/13/632
f 31/19/633 55/16/633 30/15/633
f 18/21/634 42/18/634 17/17/634
f 32/23/635 56/20/635 31/19/635
f 19/25/636 43/22/636 18/21/636
f 33/27/637 57/24/637 32/23/637
f 20/29/638 44/26/638 19/25/638
f 34/31/639 58/28/639 33/27/639
f 21/33/640 45/30/640 20/29/640
f 35/35/641 59/32/641 34/31/641
f 22/37/642 46/34/642 21/33/642
f 36/39/643 60/36/643 35/35/643
f 23/41/644 47/38/644 22/37/644
f 24/44/645 48/42/645 23/41/645
f 25/46/646 49/45/646 24/44/646
f 26/48/647 50/47/647 25/46/647
f 13/50/648 37/52/648 12/1255/648
f 27/53/649 51/49/649 26/48/649
f 14/54/650 38/51/650 13/50/650
f 77/55/651 101/57/651 76/102/651
f 64/58/652 88/60/652 63/103/652
f 78/61/653 102/56/653 77/55/653
f 65/63/654 89/59/654 64/58/654
f 79/65/655 103/62/655 78/61/655
f 66/67/656 90/64/656 65/63/656
f 80/69/657 104/66/657 79/65/657
f 67/71/658 91/68/658 66/67/658
f 81/73/659 105/70/659 80/69/659
f 68/75/660 92/72/660 67/71/660
f 82/77/661 106/74/661 81/73/661
f 69/79/662 93/76/662 68/75/662
f 83/81/663 107/78/663 82/77/663
f 70/83/664 94/80/664 69/79/664
f 84/85/665 108/82/665 83/81/665
f 71/87/666 95/84/666 70/83/666
f 85/89/667 109/86/667 84/85/667
f 72/91/668 96/88/668 71/87/668
f 86/93/669 110/90/669 85/89/669
f 73/95/670 97/92/670 72/91/670
f 74/98/671 98/96/671 73/95/671
f 75/100/672 99/99/672 74/98/672
f 76/102/673 100/101/673 75/100/673
f 63/103/674 87/104/674 62/1256/674
f 126/105/675 150/107/675 125/154/675
f 113/108/676 137/110/676 112/1257/676
f 127/111/677 151/106/677 126/105/677
f 114/113/678 138/109/678 113/108/678
f 128/115/679 152/112/679 127/111/679
f 115/117/680 139/114/680 114/113/680
f 129/119/681 153/116/681 128/115/681
f 116/121/682 140/118/682 115/117/682
f 130/123/683 154/120/683 129/119/683
f 117/125/684 141/122/684 116/121/684
f 131/127/685 155/124/685 130/123/685
f 118/129/686 142/126/686 117/125/686
f 132/131/687 156/128/687 131/127/687
f 119/133/688 143/130/688 118/129/688
f 133/135/689 157/132/689 132/131/689
f 120/137/690 144/134/690 119/133/690
f 134/139/691 158/136/691 133/135/691
f 121/141/692 145/138/692 120/137/692
f 135/143/693 159/140/693 134/139/693
f 122/145/694 146/142/694 121/141/694
f 136/147/695 160/144/695 135/143/695
f 123/149/696 147/146/696 122/145/696
f 124/152/697 148/150/697 123/149/697
f 125/154/698 149/153/698 124/152/698
f 175/155/699 199/157/699 174/204/699
f 176/158/700 200/156/700 175/155/700
f 163/160/701 187/162/701 162/1258/701
f 177/163/702 201/159/702 176/158/702
f 164/165/703 188/161/703 163/160/703
f 178/167/704 202/164/704 177/163/704
f 165/169/705 189/166/705 164/165/705
f 179/171/706 203/168/706 178/167/706
f 166/173/707 190/170/707 165/169/707
f 180/175/708 204/172/708 179/171/708
f 167/177/709 191/174/709 166/173/709
f 181/179/710 205/176/710 180/175/710
f 168/181/711 192/178/711 167/177/711
f 182/183/712 206/180/712 181/179/712
f 169/185/713 193/182/713 168/181/713
f 183/187/714 207/184/714 182/183/714
f 170/189/715 194/186/715 169/185/715
f 184/191/716 208/188/716 183/187/716
f 171/193/717 195/190/717 170/189/717
f 185/195/718 209/192/718 184/191/718
f 172/197/719 196/194/719 171/193/719
f 186/199/720 210/196/720 185/195/720
f 173/201/721 197/198/721 172/197/721
f 174/204/722 198/202/722 173/201/722
f 224/205/723 248/207/723 223/253/723
f 225/208/724 249/206/724 224/205/724
f 226/210/725 250/209/725 225/208/725
f 213/212/726 237/214/726 212/1259/726
f 227/215/727 251/211/727 226/210/727
f 214/217/728 238/213/728 213/212/728
f 228/219/729 252/216/729 227/215/729
f 215/221/730 239/218/730 214/217/730
f 229/223/731 253/220/731 228/219/731
f 216/225/732 240/222/732 215/221/732
f 230/227/733 254/224/733 229/223/733
f 217/229/734 241/226/734 216/225/734
f 231/231/735 255/228/735 230/227/735
f 218/233/736 242/230/736 217/229/736
f 232/235/737 256/232/737 231/231/737
f 219/237/738 243/234/738 218/233/738
f 233/239/739 257/236/739 232/235/739
f 220/241/740 244/238/740 219/237/740
f 234/243/741 258/240/741 233/239/741
f 221/245/742 245/242/742 220/241/742
f 235/247/743 259/244/743 234/243/743
f 222/249/744 246/246/744 221/245/744
f 236/251/745 260/248/745 235/247/745
f 223/253/746 247/250/746 222/249/746
f 273/255/747 297/257/747 272/304/747
f 274/261/748 298/256/748 273/255/748
f 275/263/749 299/262/749 274/261/749
f 276/265/750 300/264/750 275/263/750
f 263/267/751 287/269/751 262/1260/751
f 277/270/752 301/266/752 276/265/752
f 264/272/753 288/268/753 263/267/753
f 278/274/754 302/271/754 277/270/754
f 265/276/755 289/273/755 264/272/755
f 279/278/756 303/275/756 278/274/756
f 266/280/757 290/277/757 265/276/757
f 280/282/758 304/279/758 279/278/758
f 267/284/759 291/281/759 266/280/759
f 281/286/760 305/283/760 280/282/760
f 268/288/761 292/285/761 267/284/761
f 282/290/762 306/287/762 281/286/762
f 269/292/763 293/289/763 268/288/763
f 283/294/764 307/291/764 282/290/764
f 270/296/765 294/293/765 269/292/765
f 284/298/766 308/295/766 283/294/766
f 271/300/767 295/297/767 270/296/767
f 285/302/768 309/299/768 284/298/768
f 272/304/769 296/301/769 271/300/769
f 286/260/770 310/303/770 285/302/770
f 322/305/771 346/307/771 321/353/771
f 336/308/772 360/310/772 335/354/772
f 323/311/773 347/306/773 322/305/773
f 324/314/774 348/312/774 323/311/774
f 325/316/775 349/315/775 324/314/775
f 326/318/776 350/317/776 325/316/776
f 313/320/777 337/322/777 312/1261/777
f 327/323/778 351/319/778 326/318/778
f 314/325/779 338/321/779 313/320/779
f 328/327/780 352/324/780 327/323/780
f 315/329/781 339/326/781 314/325/781
f 329/331/782 353/328/782 328/327/782
f 316/333/783 340/330/783 315/329/783
f 330/335/784 354/332/784 329/331/784
f 317/337/785 341/334/785 316/333/785
f 331/339/786 355/336/786 330/335/786
f 318/341/787 342/338/787 317/337/787
f 332/343/788 356/340/788 331/339/788
f 319/345/789 343/342/789 318/341/789
f 333/347/790 357/344/790 332/343/790
f 320/349/791 344/346/791 319/345/791
f 334/351/792 358/348/792 333/347/792
f 321/353/793 345/350/793 320/349/793
f 335/354/794 359/352/794 334/351/794
f 371/355/795 395/357/795 370/403/795
f 385/358/796 409/360/796 384/404/796
f 372/361/797 396/356/797 371/355/797
f 386/363/798 410/359/798 385/358/798
f 373/365/799 397/362/799 372/361/799
f 374/368/800 398/366/800 373/365/800
f 375/370/801 399/369/801 374/368/801
f 376/372/802 400/371/802 375/370/802
f 363/374/803 387/376/803 362/1262/803
f 377/377/804 401/373/804 376/372/804
f 364/379/805 388/375/805 363/374/805
f 378/381/806 402/378/806 377/377/806
f 365/383/807 389/380/807 364/379/807
f 379/385/808 403/382/808 378/381/808
f 366/387/809 390/384/809 365/383/809
f 380/389/810 404/386/810 379/385/810
f 367/391/811 391/388/811 366/387/811
f 381/393/812 405/390/812 380/389/812
f 368/395/813 392/392/813 367/391/813
f 382/397/814 406/394/814 381/393/814
f 369/399/815 393/396/815 368/395/815
f 383/401/816 407/398/816 382/397/816
f 370/403/817 394/400/817 369/399/817
f 384/404/818 408/402/818 383/401/818
f 422/405/819 446/407/819 421/453/819
f 436/408/820 460/410/820 435/454/820
f 423/411/821 447/406/821 422/405/821
f 424/414/822 448/412/822 423/411/822
f 425/416/823 449/415/823 424/414/823
f 426/418/824 450/417/824 425/416/824
f 413/420/825 437/422/825 412/1263/825
f 427/423/826 451/419/826 426/418/826
f 414/425/827 438/421/827 413/420/827
f 428/427/828 452/424/828 427/423/828
f 415/429/829 439/426/829 414/425/829
f 429/431/830 453/428/830 428/427/830
f 416/433/831 440/430/831 415/429/831
f 430/435/832 454/432/832 429/431/832
f 417/437/833 441/434/833 416/433/833
f 431/439/834 455/436/834 430/435/834
f 418/441/835 442/438/835 417/437/835
f 432/443/836 456/440/836 431/439/836
f 419/445/837 443/442/837 418/441/837
f 433/447/838 457/444/838 432/443/838
f 420/449/839 444/446/839 419/445/839
f 434/451/840 458/448/840 433/447/840
f 421/453/841 445/450/841 420/449/841
f 435/454/842 459/452/842 434/451/842
f 471/455/843 495/457/843 470/503/843
f 485/458/844 509/460/844 484/504/844
f 472/461/845 496/456/845 471/455/845
f 486/463/846 510/459/846 485/458/846
f 473/465/847 497/462/847 472/461/847
f 474/468/848 498/466/848 473/465/848
f 475/470/849 499/469/849 474/468/849
f 476/472/850 500/471/850 475/470/850
f 463/474/851 487/476/851 462/1264/851
f 477/477/852 501/473/852 476/472/852
f 464/479/853 488/475/853 463/474/853
f 478/481/854 502/478/854 477/477/854
f 465/483/855 489/480/855 464/479/855
f 479/485/856 503/482/856 478/481/856
f 466/487/857 490/484/857 465/483/857
f 480/489/858 504/486/858 479/485/858
f 467/491/859 491/488/859 466/487/859
f 481/493/860 505/490/860 480/489/860
f 468/495/861 492/492/861 467/491/861
f 482/497/862 506/494/862 481/493/862
f 469/499/863 493/496/863 468/495/863
f 483/501/864 507/498/864 482/497/864
f 470/503/865 494/500/865 469/499/865
f 484/504/866 508/502/866 483/501/866
f 520/505/867 544/507/867 519/553/867
f 534/508/868 558/510/868 533/554/868
f 521/511/869 545/506/869 520/505/869
f 535/513/870 559/509/870 534/508/870
f 522/515/871 546/512/871 521/511/871
f 536/517/872 560/514/872 535/513/872
f 523/519/873 547/516/873 522/515/873
f 524/522/874 548/520/874 523/519/874
f 525/524/875 549/523/875 524/522/875
f 526/526/876 550/525/876 525/524/876
f 513/528/877 537/530/877 512/1265/877
f 527/531/878 551/527/878 526/526/878
f 514/533/879 538/529/879 513/528/879
f 528/535/880 552/532/880 527/531/880
f 515/537/881 539/534/881 514/533/881
f 529/539/882 553/536/882 528/535/882
f 516/541/883 540/538/883 515/537/883
f 530/543/884 554/540/884 529/539/884
f 517/545/885 541/542/885 516/541/885
f 531/547/886 555/544/886 530/543/886
f 518/549/887 542/546/887 517/545/887
f 532/551/888 556/548/888 531/547/888
f 519/553/889 543/550/889 518/549/889
f 533/554/890 557/552/890 532/551/890
f 569/555/891 593/557/891 568/603/891
f 583/558/892 607/560/892 582/604/892
f 570/561/893 594/556/893 569/555/893
f 584/563/894 608/559/894 583/558/894
f 571/565/895 595/562/895 570/561/895
f 585/567/896 609/564/896 584/563/896
f 572/569/897 596/566/897 571/565/897
f 586/571/898 610/568/898 585/567/898
f 573/573/899 597/570/899 572/569/899
f 574/576/900 598/574/900 573/573/900
f 575/578/901 599/577/901 574/576/901
f 576/580/902 600/579/902 575/578/902
f 563/582/903 587/584/903 562/1266/903
f 577/585/904 601/581/904 576/580/904
f 564/587/905 588/583/905 563/582/905
f 578/589/906 602/586/906 577/585/906
f 565/591/907 589/588/907 564/587/907
f 579/593/908 603/590/908 578/589/908
f 566/595/909 590/592/909 565/591/909
f 580/597/910 604/594/910 579/593/910
f 567/599/911 591/596/911 566/595/911
f 581/601/912 605/598/912 580/597/912
f 568/603/913 592/600/913 567/599/913
f 582/604/914 606/602/914 581/601/914
f 618/605/915 642/607/915 617/653/915
f 632/608/916 656/610/916 631/654/916
f 619/611/917 643/606/917 618/605/917
f 633/613/918 657/609/918 632/608/918
f 620/615/919 644/612/919 619/611/919
f 634/617/920 658/614/920 633/613/920
f 621/619/921 645/616/921 620/615/921
f 635/621/922 659/618/922 634/617/922
f 622/623/923 646/620/923 621/619/923
f 636/625/924 660/622/924 635/621/924
f 623/627/925 647/624/925 622/623/925
f 624/630/926 648/628/926 623/627/926
f 625/632/927 649/631/927 624/630/927
f 626/634/928 650/633/928 625/632/928
f 613/636/929 637/638/929 612/1267/929
f 627/639/930 651/635/930 626/634/930
f 614/641/931 638/637/931 613/636/931
f 628/643/932 652/640/932 627/639/932
f 615/645/933 639/642/933 614/641/933
f 629/647/934 653/644/934 628/643/934
f 616/649/935 640/646/935 615/645/935
f 630/651/936 654/648/936 629/647/936
f 617/653/937 641/650/937 616/649/937
f 631/654/938 655/652/938 630/651/938
f 667/655/939 691/657/939 666/703/939
f 681/658/940 705/660/940 680/704/940
f 668/661/941 692/656/941 667/655/941
f 682/663/942 706/659/942 681/658/942
f 669/665/943 693/662/943 668/661/943
f 683/667/944 707/664/944 682/663/944
f 670/669/945 694/666/945 669/665/945
f 684/671/946 708/668/946 683/667/946
f 671/673/947 695/670/947 670/669/947
f 685/675/948 709/672/948 684/671/948
f 672/677/949 696/674/949 671/673/949
f 686/679/950 710/676/950 685/675/950
f 673/681/951 697/678/951 672/677/951
f 674/684/952 698/682/952 673/681/952
f 675/686/953 699/685/953 674/684/953
f 676/688/954 700/687/954 675/686/954
f 663/690/955 687/692/955 662/1268/955
f 677/693/956 701/689/956 676/688/956
f 664/695/957 688/691/957 663/690/957
f 678/697/958 702/694/958 677/693/958
f 665/699/959 689/696/959 664/695/959
f 679/701/960 703/698/960 678/697/960
f 666/703/961 690/700/961 665/699/961
f 680/704/962 704/702/962 679/701/962
f 716/705/963 740/707/963 715/753/963
f 730/708/964 754/710/964 729/754/964
f 717/711/965 741/706/965 716/705/965
f 731/713/966 755/709/966 730/708/966
f 718/715/967 742/712/967 717/711/967
f 732/717/968 756/714/968 731/713/968
f 719/719/969 743/716/969 718/715/969
f 733/721/970 757/718/970 732/717/970
f 720/723/971 744/720/971 719/719/971
f 734/725/972 758/722/972 733/721/972
f 721/727/973 745/724/973 720/723/973
f 735/729/974 759/726/974 734/725/974
f 722/731/975 746/728/975 721/727/975
f 736/733/976 760/730/976 735/729/976
f 723/735/977 747/732/977 722/731/977
f 724/738/978 748/736/978 723/735/978
f 725/740/979 749/739/979 724/738/979
f 726/742/980 750/741/980 725/740/980
f 713/744/981 737/746/981 712/1269/981
f 727/747/982 751/743/982 726/742/982
f 714/749/983 738/745/983 713/744/983
f 728/751/984 752/748/984 727/747/984
f 715/753/985 739/750/985 714/749/985
f 729/754/986 753/752/986 728/751/986
f 765/755/987 789/757/987 764/803/987
f 779/758/988 803/760/988 778/804/988
f 766/761/989 790/756/989 765/755/989
f 780/763/990 804/759/990 779/758/990
f 767/765/991 791/762/991 766/761/991
f 781/767/992 805/764/992 780/763/992
f 768/769/993 792/766/993 767/765/993
f 782/771/994 806/768/994 781/767/994
f 769/773/995 793/770/995 768/769/995
f 783/775/996 807/772/996 782/771/996
f 770/777/997 794/774/997 769/773/997
f 784/779/998 808/776/998 783/775/998
f 771/781/999 795/778/999 770/777/999
f 785/783/1000 809/780/1000 784/779/1000
f 772/785/1001 796/782/1001 771/781/1001
f 786/787/1002 810/784/1002 785/783/1002
f 773/789/1003 797/786/1003 772/785/1003
f 774/792/1004 798/790/1004 773/789/1004
f 775/794/1005 799/793/1005 774/792/1005
f 776/796/1006 800/795/1006 775/794/1006
f 763/798/1007 787/800/1007 762/1270/1007
f 777/801/1008 801/797/1008 776/796/1008
f 764/803/1009 788/799/1009 763/798/1009
f 778/804/1010 802/802/1010 777/801/1010
f 835/805/1011 859/807/1011 834/853/1011
f 822/808/1012 846/810/1012 821/854/1012
f 836/811/1013 860/806/1013 835/805/1013
f 823/813/1014 847/809/1014 822/808/1014
f 824/816/1015 848/814/1015 823/813/1015
f 825/818/1016 849/817/1016 824/816/1016
f 826/820/1017 850/819/1017 825/818/1017
f 813/822/1018 837/824/1018 812/1271/1018
f 827/825/1019 851/821/1019 826/820/1019
f 814/827/1020 838/823/1020 813/822/1020
f 828/829/1021 852/826/1021 827/825/1021
f 815/831/1022 839/828/1022 814/827/1022
f 829/833/1023 853/830/1023 828/829/1023
f 816/835/1024 840/832/1024 815/831/1024
f 830/837/1025 854/834/1025 829/833/1025
f 817/839/1026 841/836/1026 816/835/1026
f 831/841/1027 855/838/1027 830/837/1027
f 818/843/1028 842/840/1028 817/839/1028
f 832/845/1029 856/842/1029 831/841/1029
f 819/847/1030 843/844/1030 818/843/1030
f 833/849/1031 857/846/1031 832/845/1031
f 820/851/1032 844/848/1032 819/847/1032
f 834/853/1033 858/850/1033 833/849/1033
f 821/854/1034 845/852/1034 820/851/1034
f 884/855/1035 908/857/1035 883/903/1035
f 871/858/1036 895/860/1036 870/904/1036
f 885/861/1037 909/856/1037 884/855/1037
f 872/863/1038 896/859/1038 871/858/1038
f 886/865/1039 910/862/1039 885/861/1039
f 873/867/1040 897/864/1040 872/863/1040
f 874/870/1041 898/868/1041 873/867/1041
f 875/872/1042 899/871/1042 874/870/1042
f 876/874/1043 900/873/1043 875/872/1043
f 863/876/1044 887/878/1044 862/683/1044
f 877/879/1045 901/875/1045 876/874/1045
f 864/881/1046 888/877/1046 863/876/1046
f 878/883/1047 902/880/1047 877/879/1047
f 865/885/1048 889/882/1048 864/881/1048
f 879/887/1049 903/884/1049 878/883/1049
f 866/889/1050 890/886/1050 865/885/1050
f 880/891/1051 904/888/1051 879/887/1051
f 867/893/1052 891/890/1052 866/889/1052
f 881/895/1053 905/892/1053 880/891/1053
f 868/897/1054 892/894/1054 867/893/1054
f 882/899/1055 906/896/1055 881/895/1055
f 869/901/1056 893/898/1056 868/897/1056
f 883/903/1057 907/900/1057 882/899/1057
f 870/904/1058 894/902/1058 869/901/1058
f 933/905/1059 957/907/1059 932/953/1059
f 920/908/1060 944/910/1060 919/954/1060
f 934/911/1061 958/906/1061 933/905/1061
f 921/913/1062 945/909/1062 920/908/1062
f 935/915/1063 959/912/1063 934/911/1063
f 922/917/1064 946/914/1064 921/913/1064
f 936/919/1065 960/916/1065 935/915/1065
f 923/921/1066 947/918/1066 922/917/1066
f 924/924/1067 948/922/1067 923/921/1067
f 925/926/1068 949/925/1068 924/924/1068
f 926/928/1069 950/927/1069 925/926/1069
f 913/930/1070 937/932/1070 912/1272/1070
f 927/933/1071 951/929/1071 926/928/1071
f 914/935/1072 938/931/1072 913/930/1072
f 928/937/1073 952/934/1073 927/933/1073
f 915/939/1074 939/936/1074 914/935/1074
f 929/941/1075 953/938/1075 928/937/1075
f 916/943/1076 940/940/1076 915/939/1076
f 930/945/1077 954/942/1077 929/941/1077
f 917/947/1078 941/944/1078 916/943/1078
f 931/949/1079 955/946/1079 930/945/1079
f 918/951/1080 942/948/1080 917/947/1080
f 932/953/1081 956/950/1081 931/949/1081
f 919/954/1082 943/952/1082 918/951/1082
f 982/955/1083 1006/957/1083 981/1003/1083
f 969/958/1084 993/960/1084 968/1004/1084
f 983/961/1085 1007/956/1085 982/955/1085
f 970/963/1086 994/959/1086 969/958/1086
f 984/965/1087 1008/962/1087 983/961/1087
f 971/967/1088 995/964/1088 970/963/1088
f 985/969/1089 1009/966/1089 984/965/1089
f 972/971/1090 996/968/1090 971/967/1090
f 986/973/1091 1010/970/1091 985/969/1091
f 973/975/1092 997/972/1092 972/971/1092
f 974/978/1093 998/976/1093 973/975/1093
f 975/980/1094 999/979/1094 974/978/1094
f 976/982/1095 1000/981/1095 975/980/1095
f 963/984/1096 987/986/1096 962/1273/1096
f 977/987/1097 1001/983/1097 976/982/1097
f 964/989/1098 988/985/1098 963/984/1098
f 978/991/1099 1002/988/1099 977/987/1099
f 965/993/1100 989/990/1100 964/989/1100
f 979/995/1101 1003/992/1101 978/991/1101
f 966/997/1102 990/994/1102 965/993/1102
f 980/999/1103 1004/996/1103 979/995/1103
f 967/1001/1104 991/998/1104 966/997/1104
f 981/1003/1105 1005/1000/1105 980/999/1105
f 968/1004/1106 992/1002/1106 967/1001/1106
f 1031/1005/1107 1055/1007/1107 1030/1053/1107
f 1018/1008/1108 1042/1010/1108 1017/1054/1108
f 1032/1011/1109 1056/1006/1109 1031/1005/1109
f 1019/1013/1110 1043/1009/1110 1018/1008/1110
f 1033/1015/1111 1057/1012/1111 1032/1011/1111
f 1020/1017/1112 1044/1014/1112 1019/1013/1112
f 1034/1019/1113 1058/1016/1113 1033/1015/1113
f 1021/1021/1114 1045/1018/1114 1020/1017/1114
f 1035/1023/1115 1059/1020/1115 1034/1019/1115
f 1022/1025/1116 1046/1022/1116 1021/1021/1116
f 1036/1027/1117 1060/1024/1117 1035/1023/1117
f 1023/1029/1118 1047/1026/1118 1022/1025/1118
f 1024/1032/1119 1048/1030/1119 1023/1029/1119
f 1025/1034/1120 1049/1033/1120 1024/1032/1120
f 1026/1036/1121 1050/1035/1121 1025/1034/1121
f 1013/1038/1122 1037/1040/1122 1012/1274/1122
f 1027/1041/1123 1051/1037/1123 1026/1036/1123
f 1014/1043/1124 1038/1039/1124 1013/1038/1124
f 1028/1045/1125 1052/1042/1125 1027/1041/1125
f 1015/1047/1126 1039/1044/1126 1014/1043/1126
f 1029/1049/1127 1053/1046/1127 1028/1045/1127
f 1016/1051/1128 1040/1048/1128 1015/1047/1128
f 1030/1053/1129 1054/1050/1129 1029/1049/1129
f 1017/1054/1130 1041/1052/1130 1016/1051/1130
f 1080/1055/1131 1104/1057/1131 1079/1103/1131
f 1067/1058/1132 1091/1060/1132 1066/1104/1132
f 1081/1061/1133 1105/1056/1133 1080/1055/1133
f 1068/1063/1134 1092/1059/1134 1067/1058/1134
f 1082/1065/1135 1106/1062/1135 1081/1061/1135
f 1069/1067/1136 1093/1064/1136 1068/1063/1136
f 1083/1069/1137 1107/1066/1137 1082/1065/1137
f 1070/1071/1138 1094/1068/1138 1069/1067/1138
f 1084/1073/1139 1108/1070/1139 1083/1069/1139
f 1071/1075/1140 1095/1072/1140 1070/1071/1140
f 1085/1077/1141 1109/1074/1141 1084/1073/1141
f 1072/1079/1142 1096/1076/1142 1071/1075/1142
f 1086/1081/1143 1110/1078/1143 1085/1077/1143
f 1073/1083/1144 1097/1080/1144 1072/1079/1144
f 1074/1086/1145 1098/1084/1145 1073/1083/1145
f 1075/1088/1146 1099/1087/1146 1074/1086/1146
f 1076/1090/1147 1100/1089/1147 1075/1088/1147
f 1063/1092/1148 1087/1094/1148 1062/1275/1148
f 1077/1095/1149 1101/1091/1149 1076/1090/1149
f 1064/1097/1150 1088/1093/1150 1063/1092/1150
f 1078/1099/1151 1102/1096/1151 1077/1095/1151
f 1065/1101/1152 1089/1098/1152 1064/1097/1152
f 1079/1103/1153 1103/1100/1153 1078/1099/1153
f 1066/1104/1154 1090/1102/1154 1065/1101/1154
f 1129/1105/1155 1153/1107/1155 1128/1153/1155
f 1116/1108/1156 1140/1110/1156 1115/1154/1156
f 1130/1111/1157 1154/1106/1157 1129/1105/1157
f 1117/1113/1158 1141/1109/1158 1116/1108/1158
f 1131/1115/1159 1155/1112/1159 1130/1111/1159
f 1118/1117/1160 1142/1114/1160 1117/1113/1160
f 1132/1119/1161 1156/1116/1161 1131/1115/1161
f 1119/1121/1162 1143/1118/1162 1118/1117/1162
f 1133/1123/1163 1157/1120/1163 1132/1119/1163
f 1120/1125/1164 1144/1122/1164 1119/1121/1164
f 1134/1127/1165 1158/1124/1165 1133/1123/1165
f 1121/1129/1166 1145/1126/1166 1120/1125/1166
f 1135/1131/1167 1159/1128/1167 1134/1127/1167
f 1122/1133/1168 1146/1130/1168 1121/1129/1168
f 1136/1135/1169 1160/1132/1169 1135/1131/1169
f 1123/1137/1170 1147/1134/1170 1122/1133/1170
f 1124/1140/1171 1148/1138/1171 1123/1137/1171
f 1125/1142/1172 1149/1141/1172 1124/1140/1172
f 1126/1144/1173 1150/1143/1173 1125/1142/1173
f 1113/1146/1174 1137/1148/1174 1112/1276/1174
f 1127/1149/1175 1151/1145/1175 1126/1144/1175
f 1114/1151/1176 1138/1147/1176 1113/1146/1176
f 1128/1153/1177 1152/1150/1177 1127/1149/1177
f 1115/1154/1178 1139/1152/1178 1114/1151/1178
f 1178/1155/1179 1202/1157/1179 1177/1203/1179
f 1165/1158/1180 1189/1160/1180 1164/1204/1180
f 1179/1161/1181 1203/1156/1181 1178/1155/1181
f 1166/1163/1182 1190/1159/1182 1165/1158/1182
f 1180/1165/1183 1204/1162/1183 1179/1161/1183
f 1167/1167/1184 1191/1164/1184 1166/1163/1184
f 1181/1169/1185 1205/1166/1185 1180/1165/1185
f 1168/1171/1186 1192/1168/1186 1167/1167/1186
f 1182/1173/1187 1206/1170/1187 1181/1169/1187
f 1169/1175/1188 1193/1172/1188 1168/1171/1188
f 1183/1177/1189 1207/1174/1189 1182/1173/1189
f 1170/1179/1190 1194/1176/1190 1169/1175/1190
f 1184/1181/1191 1208/1178/1191 1183/1177/1191
f 1171/1183/1192 1195/1180/1192 1170/1179/1192
f 1185/1185/1193 1209/1182/1193 1184/1181/1193
f 1172/1187/1194 1196/1184/1194 1171/1183/1194
f 1186/1189/1195 1210/1186/1195 1185/1185/1195
f 1173/1191/1196 1197/1188/1196 1172/1187/1196
f 1174/1194/1197 1198/1192/1197 1173/1191/1197
f 1175/1196/1198 1199/1195/1198 1174/1194/1198
f 1176/1198/1199 1200/1197/1199 1175/1196/1199
f 1163/1200/1200 1187/1202/1200 1162/1277/1200
f 1177/1203/1201 1201/1199/1201 1176/1198/1201
f 1164/1204/1202 1188/1201/1202 1163/1200/1202
f 1230/1205/1203 1252/1207/1203 1229/1253/1203
f 1217/1208/1204 1241/1210/1204 1216/1254/1204
f 1231/1211/1205 7/1206/1205 1230/1205/1205
f 1218/1213/1206 5/1209/1206 1217/1208/1206
f 1232/1215/1207 8/1212/1207 1231/1211/1207
f 1219/1217/1208 1242/1214/1208 1218/1213/1208
f 1233/1219/1209 9/1216/1209 1232/1215/1209
f 1220/1221/1210 1243/1218/1210 1219/1217/1210
f 1234/1223/1211 1253/1220/1211 1233/1219/1211
f 1221/1225/1212 6/1222/1212 1220/1221/1212
f 1235/1227/1213 10/1224/1213 1234/1223/1213
f 1222/1229/1214 1244/1226/1214 1221/1225/1214
f 1236/1231/1215 1254/1228/1215 1235/1227/1215
f 1223/1233/1216 1245/1230/1216 1222/1229/1216
f 1224/1236/1217 1246/1234/1217 1223/1233/1217
f 1225/1238/1218 1247/1237/1218 1224/1236/1218
f 1226/1240/1219 1248/1239/1219 1225/1238/1219
f 1213/1242/1220 1237/1244/1220 1212/1278/1220
f 1227/1245/1221 1249/1241/1221 1226/1240/1221
f 1214/1247/1222 1238/1243/1222 1213/1242/1222
f 1228/1249/1223 1250/1246/1223 1227/1245/1223
f 1215/1251/1224 1239/1248/1224 1214/1247/1224
f 1229/1253/1225 1251/1250/1225 1228/1249/1225
f 1216/1254/1226 1240/1252/1226 1215/1251/1226
f 1275/5/1227 1299/7/1227 1300/6/1227
f 1262/8/1228 1286/10/1228 1287/9/1228
f 1276/11/1229 1300/6/1229 1301/12/1229
f 1263/13/1230 1287/9/1230 1288/14/1230
f 1277/15/1231 1301/12/1231 1302/16/1231
f 1264/17/1232 1288/14/1232 1289/18/1232
f 1278/19/1233 1302/16/1233 1303/20/1233
f 1265/21/1234 1289/18/1234 1290/22/1234
f 1279/23/1235 1303/20/1235 1304/24/1235
f 1266/25/1236 1290/22/1236 1291/26/1236
f 1280/27/1237 1304/24/1237 1305/28/1237
f 1267/29/1238 1291/26/1238 1292/30/1238
f 1281/31/1239 1305/28/1239 1306/32/1239
f 1268/33/1240 1292/30/1240 1293/34/1240
f 1282/35/1241 1306/32/1241 1307/36/1241
f 1269/37/1242 1293/34/1242 1294/38/1242
f 1283/39/1243 1307/36/1243 1308/40/1243
f 1270/41/1244 1294/38/1244 1295/42/1244
f 2506/43/1245 1283/39/1245 1308/40/1245
f 1271/44/1246 1295/42/1246 1296/45/1246
f 1272/46/1247 1296/45/1247 1297/47/1247
f 1273/48/1248 1297/47/1248 1298/49/1248
f 1260/50/1249 1284/52/1249 1285/51/1249
f 1274/53/1250 1298/49/1250 1299/7/1250
f 1261/54/1251 1285/51/1251 1286/10/1251
f 1324/55/1252 1348/57/1252 1349/56/1252
f 1311/58/1253 1335/60/1253 1336/59/1253
f 1325/61/1254 1349/56/1254 1350/62/1254
f 1312/63/1255 1336/59/1255 1337/64/1255
f 1326/65/1256 1350/62/1256 1351/66/1256
f 1313/67/1257 1337/64/1257 1338/68/1257
f 1327/69/1258 1351/66/1258 1352/70/1258
f 1314/71/1259 1338/68/1259 1339/72/1259
f 1328/73/1260 1352/70/1260 1353/74/1260
f 1315/75/1261 1339/72/1261 1340/76/1261
f 1329/77/1262 1353/74/1262 1354/78/1262
f 1316/79/1263 1340/76/1263 1341/80/1263
f 1330/81/1264 1354/78/1264 1355/82/1264
f 1317/83/1265 1341/80/1265 1342/84/1265
f 1331/85/1266 1355/82/1266 1356/86/1266
f 1318/87/1267 1342/84/1267 1343/88/1267
f 1332/89/1268 1356/86/1268 1357/90/1268
f 1319/91/1269 1343/88/1269 1344/92/1269
f 1333/93/1270 1357/90/1270 1358/94/1270
f 1320/95/1271 1344/92/1271 1345/96/1271
f 2506/97/1272 1333/93/1272 1358/94/1272
f 1321/98/1273 1345/96/1273 1346/99/1273
f 1322/100/1274 1346/99/1274 1347/101/1274
f 1323/102/1275 1347/101/1275 1348/57/1275
f 1310/103/1276 1334/104/1276 1335/60/1276
f 1373/105/1277 1397/107/1277 1398/106/1277
f 1360/108/1278 1384/110/1278 1385/109/1278
f 1374/111/1279 1398/106/1279 1399/112/1279
f 1361/113/1280 1385/109/1280 1386/114/1280
f 1375/115/1281 1399/112/1281 1400/116/1281
f 1362/117/1282 1386/114/1282 1387/118/1282
f 1376/119/1283 1400/116/1283 1401/120/1283
f 1363/121/1284 1387/118/1284 1388/122/1284
f 1377/123/1285 1401/120/1285 1402/124/1285
f 1364/125/1286 1388/122/1286 1389/126/1286
f 1378/127/1287 1402/124/1287 1403/128/1287
f 1365/129/1288 1389/126/1288 1390/130/1288
f 1379/131/1289 1403/128/1289 1404/132/1289
f 1366/133/1290 1390/130/1290 1391/134/1290
f 1380/135/1291 1404/132/1291 1405/136/1291
f 1367/137/1292 1391/134/1292 1392/138/1292
f 1381/139/1293 1405/136/1293 1406/140/1293
f 1368/141/1294 1392/138/1294 1393/142/1294
f 1382/143/1295 1406/140/1295 1407/144/1295
f 1369/145/1296 1393/142/1296 1394/146/1296
f 1383/147/1297 1407/144/1297 1408/148/1297
f 1370/149/1298 1394/146/1298 1395/150/1298
f 2506/151/1299 1383/147/1299 1408/148/1299
f 1371/152/1300 1395/150/1300 1396/153/1300
f 1372/154/1301 1396/153/1301 1397/107/1301
f 1422/155/1302 1446/157/1302 1447/156/1302
f 1423/158/1303 1447/156/1303 1448/159/1303
f 1410/160/1304 1434/162/1304 1435/161/1304
f 1424/163/1305 1448/159/1305 1449/164/1305
f 1411/165/1306 1435/161/1306 1436/166/1306
f 1425/167/1307 1449/164/1307 1450/168/1307
f 1412/169/1308 1436/166/1308 1437/170/1308
f 1426/171/1309 1450/168/1309 1451/172/1309
f 1413/173/1310 1437/170/1310 1438/174/1310
f 1427/175/1311 1451/172/1311 1452/176/1311
f 1414/177/1312 1438/174/1312 1439/178/1312
f 1428/179/1313 1452/176/1313 1453/180/1313
f 1415/181/1314 1439/178/1314 1440/182/1314
f 1429/183/1315 1453/180/1315 1454/184/1315
f 1416/185/1316 1440/182/1316 1441/186/1316
f 1430/187/1317 1454/184/1317 1455/188/1317
f 1417/189/1318 1441/186/1318 1442/190/1318
f 1431/191/1319 1455/188/1319 1456/192/1319
f 1418/193/1320 1442/190/1320 1443/194/1320
f 1432/195/1321 1456/192/1321 1457/196/1321
f 1419/197/1322 1443/194/1322 1444/198/1322
f 1433/199/1323 1457/196/1323 1458/200/1323
f 1420/201/1324 1444/198/1324 1445/202/1324
f 2506/203/1325 1433/199/1325 1458/200/1325
f 1421/204/1326 1445/202/1326 1446/157/1326
f 1471/205/1327 1495/207/1327 1496/206/1327
f 1472/208/1328 1496/206/1328 1497/209/1328
f 1473/210/1329 1497/209/1329 1498/211/1329
f 1460/212/1330 1484/214/1330 1485/213/1330
f 1474/215/1331 1498/211/1331 1499/216/1331
f 1461/217/1332 1485/213/1332 1486/218/1332
f 1475/219/1333 1499/216/1333 1500/220/1333
f 1462/221/1334 1486/218/1334 1487/222/1334
f 1476/223/1335 1500/220/1335 1501/224/1335
f 1463/225/1336 1487/222/1336 1488/226/1336
f 1477/227/1337 1501/224/1337 1502/228/1337
f 1464/229/1338 1488/226/1338 1489/230/1338
f 1478/231/1339 1502/228/1339 1503/232/1339
f 1465/233/1340 1489/230/1340 1490/234/1340
f 1479/235/1341 1503/232/1341 1504/236/1341
f 1466/237/1342 1490/234/1342 1491/238/1342
f 1480/239/1343 1504/236/1343 1505/240/1343
f 1467/241/1344 1491/238/1344 1492/242/1344
f 1481/243/1345 1505/240/1345 1506/244/1345
f 1468/245/1346 1492/242/1346 1493/246/1346
f 1482/247/1347 1506/244/1347 1507/248/1347
f 1469/249/1348 1493/246/1348 1494/250/1348
f 1483/251/1349 1507/248/1349 1508/252/1349
f 1470/253/1350 1494/250/1350 1495/207/1350
f 2506/254/1351 1483/251/1351 1508/252/1351
f 1520/255/1352 1544/257/1352 1545/256/1352
f 2506/258/1353 1533/260/1353 1558/259/1353
f 1521/261/1354 1545/256/1354 1546/262/1354
f 1522/263/1355 1546/262/1355 1547/264/1355
f 1523/265/1356 1547/264/1356 1548/266/1356
f 1510/267/1357 1534/269/1357 1535/268/1357
f 1524/270/1358 1548/266/1358 1549/271/1358
f 1511/272/1359 1535/268/1359 1536/273/1359
f 1525/274/1360 1549/271/1360 1550/275/1360
f 1512/276/1361 1536/273/1361 1537/277/1361
f 1526/278/1362 1550/275/1362 1551/279/1362
f 1513/280/1363 1537/277/1363 1538/281/1363
f 1527/282/1364 1551/279/1364 1552/283/1364
f 1514/284/1365 1538/281/1365 1539/285/1365
f 1528/286/1366 1552/283/1366 1553/287/1366
f 1515/288/1367 1539/285/1367 1540/289/1367
f 1529/290/1368 1553/287/1368 1554/291/1368
f 1516/292/1369 1540/289/1369 1541/293/1369
f 1530/294/1370 1554/291/1370 1555/295/1370
f 1517/296/1371 1541/293/1371 1542/297/1371
f 1531/298/1372 1555/295/1372 1556/299/1372
f 1518/300/1373 1542/297/1373 1543/301/1373
f 1532/302/1374 1556/299/1374 1557/303/1374
f 1519/304/1375 1543/301/1375 1544/257/1375
f 1533/260/1376 1557/303/1376 1558/259/1376
f 1569/305/1377 1593/307/1377 1594/306/1377
f 1583/308/1378 1607/310/1378 1608/309/1378
f 1570/311/1379 1594/306/1379 1595/312/1379
f 2506/313/1380 1583/308/1380 1608/309/1380
f 1571/314/1381 1595/312/1381 1596/315/1381
f 1572/316/1382 1596/315/1382 1597/317/1382
f 1573/318/1383 1597/317/1383 1598/319/1383
f 1560/320/1384 1584/322/1384 1585/321/1384
f 1574/323/1385 1598/319/1385 1599/324/1385
f 1561/325/1386 1585/321/1386 1586/326/1386
f 1575/327/1387 1599/324/1387 1600/328/1387
f 1562/329/1388 1586/326/1388 1587/330/1388
f 1576/331/1389 1600/328/1389 1601/332/1389
f 1563/333/1390 1587/330/1390 1588/334/1390
f 1577/335/1391 1601/332/1391 1602/336/1391
f 1564/337/1392 1588/334/1392 1589/338/1392
f 1578/339/1393 1602/336/1393 1603/340/1393
f 1565/341/1394 1589/338/1394 1590/342/1394
f 1579/343/1395 1603/340/1395 1604/344/1395
f 1566/345/1396 1590/342/1396 1591/346/1396
f 1580/347/1397 1604/344/1397 1605/348/1397
f 1567/349/1398 1591/346/1398 1592/350/1398
f 1581/351/1399 1605/348/1399 1606/352/1399
f 1568/353/1400 1592/350/1400 1593/307/1400
f 1582/354/1401 1606/352/1401 1607/310/1401
f 1618/355/1402 1642/357/1402 1643/356/1402
f 1632/358/1403 1656/360/1403 1657/359/1403
f 1619/361/1404 1643/356/1404 1644/362/1404
f 1633/363/1405 1657/359/1405 1658/364/1405
f 1620/365/1406 1644/362/1406 1645/366/1406
f 2506/367/1407 1633/363/1407 1658/364/1407
f 1621/368/1408 1645/366/1408 1646/369/1408
f 1622/370/1409 1646/369/1409 1647/371/1409
f 1623/372/1410 1647/371/1410 1648/373/1410
f 1610/374/1411 1634/376/1411 1635/375/1411
f 1624/377/1412 1648/373/1412 1649/378/1412
f 1611/379/1413 1635/375/1413 1636/380/1413
f 1625/381/1414 1649/378/1414 1650/382/1414
f 1612/383/1415 1636/380/1415 1637/384/1415
f 1626/385/1416 1650/382/1416 1651/386/1416
f 1613/387/1417 1637/384/1417 1638/388/1417
f 1627/389/1418 1651/386/1418 1652/390/1418
f 1614/391/1419 1638/388/1419 1639/392/1419
f 1628/393/1420 1652/390/1420 1653/394/1420
f 1615/395/1421 1639/392/1421 1640/396/1421
f 1629/397/1422 1653/394/1422 1654/398/1422
f 1616/399/1423 1640/396/1423 1641/400/1423
f 1630/401/1424 1654/398/1424 1655/402/1424
f 1617/403/1425 1641/400/1425 1642/357/1425
f 1631/404/1426 1655/402/1426 1656/360/1426
f 1669/405/1427 1693/407/1427 1694/406/1427
f 1683/408/1428 1707/410/1428 1708/409/1428
f 1670/411/1429 1694/406/1429 1695/412/1429
f 2506/413/1430 1683/408/1430 1708/409/1430
f 1671/414/1431 1695/412/1431 1696/415/1431
f 1672/416/1432 1696/415/1432 1697/417/1432
f 1673/418/1433 1697/417/1433 1698/419/1433
f 1660/420/1434 1684/422/1434 1685/421/1434
f 1674/423/1435 1698/419/1435 1699/424/1435
f 1661/425/1436 1685/421/1436 1686/426/1436
f 1675/427/1437 1699/424/1437 1700/428/1437
f 1662/429/1438 1686/426/1438 1687/430/1438
f 1676/431/1439 1700/428/1439 1701/432/1439
f 1663/433/1440 1687/430/1440 1688/434/1440
f 1677/435/1441 1701/432/1441 1702/436/1441
f 1664/437/1442 1688/434/1442 1689/438/1442
f 1678/439/1443 1702/436/1443 1703/440/1443
f 1665/441/1444 1689/438/1444 1690/442/1444
f 1679/443/1445 1703/440/1445 1704/444/1445
f 1666/445/1446 1690/442/1446 1691/446/1446
f 1680/447/1447 1704/444/1447 1705/448/1447
f 1667/449/1448 1691/446/1448 1692/450/1448
f 1681/451/1449 1705/448/1449 1706/452/1449
f 1668/453/1450 1692/450/1450 1693/407/1450
f 1682/454/1451 1706/452/1451 1707/410/1451
f 1718/455/1452 1742/457/1452 1743/456/1452
f 1732/458/1453 1756/460/1453 1757/459/1453
f 1719/461/1454 1743/456/1454 1744/462/1454
f 1733/463/1455 1757/459/1455 1758/464/1455
f 1720/465/1456 1744/462/1456 1745/466/1456
f 2506/467/1457 1733/463/1457 1758/464/1457
f 1721/468/1458 1745/466/1458 1746/469/1458
f 1722/470/1459 1746/469/1459 1747/471/1459
f 1723/472/1460 1747/471/1460 1748/473/1460
f 1710/474/1461 1734/476/1461 1735/475/1461
f 1724/477/1462 1748/473/1462 1749/478/1462
f 1711/479/1463 1735/475/1463 1736/480/1463
f 1725/481/1464 1749/478/1464 1750/482/1464
f 1712/483/1465 1736/480/1465 1737/484/1465
f 1726/485/1466 1750/482/1466 1751/486/1466
f 1713/487/1467 1737/484/1467 1738/488/1467
f 1727/489/1468 1751/486/1468 1752/490/1468
f 1714/491/1469 1738/488/1469 1739/492/1469
f 1728/493/1470 1752/490/1470 1753/494/1470
f 1715/495/1471 1739/492/1471 1740/496/1471
f 1729/497/1472 1753/494/1472 1754/498/1472
f 1716/499/1473 1740/496/1473 1741/500/1473
f 1730/501/1474 1754/498/1474 1755/502/1474
f 1717/503/1475 1741/500/1475 1742/457/1475
f 1731/504/1476 1755/502/1476 1756/460/1476
f 1767/505/1477 1791/507/1477 1792/506/1477
f 1781/508/1478 1805/510/1478 1806/509/1478
f 1768/511/1479 1792/506/1479 1793/512/1479
f 1782/513/1480 1806/509/1480 1807/514/1480
f 1769/515/1481 1793/512/1481 1794/516/1481
f 1783/517/1482 1807/514/1482 1808/518/1482
f 1770/519/1483 1794/516/1483 1795/520/1483
f 2506/521/1484 1783/517/1484 1808/518/1484
f 1771/522/1485 1795/520/1485 1796/523/1485
f 1772/524/1486 1796/523/1486 1797/525/1486
f 1773/526/1487 1797/525/1487 1798/527/1487
f 1760/528/1488 1784/530/1488 1785/529/1488
f 1774/531/1489 1798/527/1489 1799/532/1489
f 1761/533/1490 1785/529/1490 1786/534/1490
f 1775/535/1491 1799/532/1491 1800/536/1491
f 1762/537/1492 1786/534/1492 1787/538/1492
f 1776/539/1493 1800/536/1493 1801/540/1493
f 1763/541/1494 1787/538/1494 1788/542/1494
f 1777/543/1495 1801/540/1495 1802/544/1495
f 1764/545/1496 1788/542/1496 1789/546/1496
f 1778/547/1497 1802/544/1497 1803/548/1497
f 1765/549/1498 1789/546/1498 1790/550/1498
f 1779/551/1499 1803/548/1499 1804/552/1499
f 1766/553/1500 1790/550/1500 1791/507/1500
f 1780/554/1501 1804/552/1501 1805/510/1501
f 1816/555/1502 1840/557/1502 1841/556/1502
f 1830/558/1503 1854/560/1503 1855/559/1503
f 1817/561/1504 1841/556/1504 1842/562/1504
f 1831/563/1505 1855/559/1505 1856/564/1505
f 1818/565/1506 1842/562/1506 1843/566/1506
f 1832/567/1507 1856/564/1507 1857/568/1507
f 1819/569/1508 1843/566/1508 1844/570/1508
f 1833/571/1509 1857/568/1509 1858/572/1509
f 1820/573/1510 1844/570/1510 1845/574/1510
f 2506/575/1511 1833/571/1511 1858/572/1511
f 1821/576/1512 1845/574/1512 1846/577/1512
f 1822/578/1513 1846/577/1513 1847/579/1513
f 1823/580/1514 1847/579/1514 1848/581/1514
f 1810/582/1515 1834/584/1515 1835/583/1515
f 1824/585/1516 1848/581/1516 1849/586/1516
f 1811/587/1517 1835/583/1517 1836/588/1517
f 1825/589/1518 1849/586/1518 1850/590/1518
f 1812/591/1519 1836/588/1519 1837/592/1519
f 1826/593/1520 1850/590/1520 1851/594/1520
f 1813/595/1521 1837/592/1521 1838/596/1521
f 1827/597/1522 1851/594/1522 1852/598/1522
f 1814/599/1523 1838/596/1523 1839/600/1523
f 1828/601/1524 1852/598/1524 1853/602/1524
f 1815/603/1525 1839/600/1525 1840/557/1525
f 1829/604/1526 1853/602/1526 1854/560/1526
f 1865/605/1527 1889/607/1527 1890/606/1527
f 1879/608/1528 1903/610/1528 1904/609/1528
f 1866/611/1529 1890/606/1529 1891/612/1529
f 1880/613/1530 1904/609/1530 1905/614/1530
f 1867/615/1531 1891/612/1531 1892/616/1531
f 1881/617/1532 1905/614/1532 1906/618/1532
f 1868/619/1533 1892/616/1533 1893/620/1533
f 1882/621/1534 1906/618/1534 1907/622/1534
f 1869/623/1535 1893/620/1535 1894/624/1535
f 1883/625/1536 1907/622/1536 1908/626/1536
f 1870/627/1537 1894/624/1537 1895/628/1537
f 2506/629/1538 1883/625/1538 1908/626/1538
f 1871/630/1539 1895/628/1539 1896/631/1539
f 1872/632/1540 1896/631/1540 1897/633/1540
f 1873/634/1541 1897/633/1541 1898/635/1541
f 1860/636/1542 1884/638/1542 1885/637/1542
f 1874/639/1543 1898/635/1543 1899/640/1543
f 1861/641/1544 1885/637/1544 1886/642/1544
f 1875/643/1545 1899/640/1545 1900/644/1545
f 1862/645/1546 1886/642/1546 1887/646/1546
f 1876/647/1547 1900/644/1547 1901/648/1547
f 1863/649/1548 1887/646/1548 1888/650/1548
f 1877/651/1549 1901/648/1549 1902/652/1549
f 1864/653/1550 1888/650/1550 1889/607/1550
f 1878/654/1551 1902/652/1551 1903/610/1551
f 1914/655/1552 1938/657/1552 1939/656/1552
f 1928/658/1553 1952/660/1553 1953/659/1553
f 1915/661/1554 1939/656/1554 1940/662/1554
f 1929/663/1555 1953/659/1555 1954/664/1555
f 1916/665/1556 1940/662/1556 1941/666/1556
f 1930/667/1557 1954/664/1557 1955/668/1557
f 1917/669/1558 1941/666/1558 1942/670/1558
f 1931/671/1559 1955/668/1559 1956/672/1559
f 1918/673/1560 1942/670/1560 1943/674/1560
f 1932/675/1561 1956/672/1561 1957/676/1561
f 1919/677/1562 1943/674/1562 1944/678/1562
f 1933/679/1563 1957/676/1563 1958/680/1563
f 1920/681/1564 1944/678/1564 1945/682/1564
f 2506/683/1565 1933/679/1565 1958/680/1565
f 1921/684/1566 1945/682/1566 1946/685/1566
f 1922/686/1567 1946/685/1567 1947/687/1567
f 1923/688/1568 1947/687/1568 1948/689/1568
f 1910/690/1569 1934/692/1569 1935/691/1569
f 1924/693/1570 1948/689/1570 1949/694/1570
f 1911/695/1571 1935/691/1571 1936/696/1571
f 1925/697/1572 1949/694/1572 1950/698/1572
f 1912/699/1573 1936/696/1573 1937/700/1573
f 1926/701/1574 1950/698/1574 1951/702/1574
f 1913/703/1575 1937/700/1575 1938/657/1575
f 1927/704/1576 1951/702/1576 1952/660/1576
f 1963/705/1577 1987/707/1577 1988/706/1577
f 1977/708/1578 2001/710/1578 2002/709/1578
f 1964/711/1579 1988/706/1579 1989/712/1579
f 1978/713/1580 2002/709/1580 2003/714/1580
f 1965/715/1581 1989/712/1581 1990/716/1581
f 1979/717/1582 2003/714/1582 2004/718/1582
f 1966/719/1583 1990/716/1583 1991/720/1583
f 1980/721/1584 2004/718/1584 2005/722/1584
f 1967/723/1585 1991/720/1585 1992/724/1585
f 1981/725/1586 2005/722/1586 2006/726/1586
f 1968/727/1587 1992/724/1587 1993/728/1587
f 1982/729/1588 2006/726/1588 2007/730/1588
f 1969/731/1589 1993/728/1589 1994/732/1589
f 1983/733/1590 2007/730/1590 2008/734/1590
f 1970/735/1591 1994/732/1591 1995/736/1591
f 2506/737/1592 1983/733/1592 2008/734/1592
f 1971/738/1593 1995/736/1593 1996/739/1593
f 1972/740/1594 1996/739/1594 1997/741/1594
f 1973/742/1595 1997/741/1595 1998/743/1595
f 1960/744/1596 1984/746/1596 1985/745/1596
f 1974/747/1597 1998/743/1597 1999/748/1597
f 1961/749/1598 1985/745/1598 1986/750/1598
f 1975/751/1599 1999/748/1599 2000/752/1599
f 1962/753/1600 1986/750/1600 1987/707/1600
f 1976/754/1601 2000/752/1601 2001/710/1601
f 2012/755/1602 2036/757/1602 2037/756/1602
f 2026/758/1603 2050/760/1603 2051/759/1603
f 2013/761/1604 2037/756/1604 2038/762/1604
f 2027/763/1605 2051/759/1605 2052/764/1605
f 2014/765/1606 2038/762/1606 2039/766/1606
f 2028/767/1607 2052/764/1607 2053/768/1607
f 2015/769/1608 2039/766/1608 2040/770/1608
f 2029/771/1609 2053/768/1609 2054/772/1609
f 2016/773/1610 2040/770/1610 2041/774/1610
f 2030/775/1611 2054/772/1611 2055/776/1611
f 2017/777/1612 2041/774/1612 2042/778/1612
f 2031/779/1613 2055/776/1613 2056/780/1613
f 2018/781/1614 2042/778/1614 2043/782/1614
f 2032/783/1615 2056/780/1615 2057/784/1615
f 2019/785/1616 2043/782/1616 2044/786/1616
f 2033/787/1617 2057/784/1617 2058/788/1617
f 2020/789/1618 2044/786/1618 2045/790/1618
f 2506/791/1619 2033/787/1619 2058/788/1619
f 2021/792/1620 2045/790/1620 2046/793/1620
f 2022/794/1621 2046/793/1621 2047/795/1621
f 2023/796/1622 2047/795/1622 2048/797/1622
f 2010/798/1623 2034/800/1623 2035/799/1623
f 2024/801/1624 2048/797/1624 2049/802/1624
f 2011/803/1625 2035/799/1625 2036/757/1625
f 2025/804/1626 2049/802/1626 2050/760/1626
f 2082/805/1627 2106/807/1627 2107/806/1627
f 2069/808/1628 2093/810/1628 2094/809/1628
f 2083/811/1629 2107/806/1629 2108/812/1629
f 2070/813/1630 2094/809/1630 2095/814/1630
f 2506/815/1631 2083/811/1631 2108/812/1631
f 2071/816/1632 2095/814/1632 2096/817/1632
f 2072/818/1633 2096/817/1633 2097/819/1633
f 2073/820/1634 2097/819/1634 2098/821/1634
f 2060/822/1635 2084/824/1635 2085/823/1635
f 2074/825/1636 2098/821/1636 2099/826/1636
f 2061/827/1637 2085/823/1637 2086/828/1637
f 2075/829/1638 2099/826/1638 2100/830/1638
f 2062/831/1639 2086/828/1639 2087/832/1639
f 2076/833/1640 2100/830/1640 2101/834/1640
f 2063/835/1641 2087/832/1641 2088/836/1641
f 2077/837/1642 2101/834/1642 2102/838/1642
f 2064/839/1643 2088/836/1643 2089/840/1643
f 2078/841/1644 2102/838/1644 2103/842/1644
f 2065/843/1645 2089/840/1645 2090/844/1645
f 2079/845/1646 2103/842/1646 2104/846/1646
f 2066/847/1647 2090/844/1647 2091/848/1647
f 2080/849/1648 2104/846/1648 2105/850/1648
f 2067/851/1649 2091/848/1649 2092/852/1649
f 2081/853/1650 2105/850/1650 2106/807/1650
f 2068/854/1651 2092/852/1651 2093/810/1651
f 2131/855/1652 2155/857/1652 2156/856/1652
f 2118/858/1653 2142/860/1653 2143/859/1653
f 2132/861/1654 2156/856/1654 2157/862/1654
f 2119/863/1655 2143/859/1655 2144/864/1655
f 2133/865/1656 2157/862/1656 2158/866/1656
f 2120/867/1657 2144/864/1657 2145/868/1657
f 2506/869/1658 2133/865/1658 2158/866/1658
f 2121/870/1659 2145/868/1659 2146/871/1659
f 2122/872/1660 2146/871/1660 2147/873/1660
f 2123/874/1661 2147/873/1661 2148/875/1661
f 2110/876/1662 2134/878/1662 2135/877/1662
f 2124/879/1663 2148/875/1663 2149/880/1663
f 2111/881/1664 2135/877/1664 2136/882/1664
f 2125/883/1665 2149/880/1665 2150/884/1665
f 2112/885/1666 2136/882/1666 2137/886/1666
f 2126/887/1667 2150/884/1667 2151/888/1667
f 2113/889/1668 2137/886/1668 2138/890/1668
f 2127/891/1669 2151/888/1669 2152/892/1669
f 2114/893/1670 2138/890/1670 2139/894/1670
f 2128/895/1671 2152/892/1671 2153/896/1671
f 2115/897/1672 2139/894/1672 2140/898/1672
f 2129/899/1673 2153/896/1673 2154/900/1673
f 2116/901/1674 2140/898/1674 2141/902/1674
f 2130/903/1675 2154/900/1675 2155/857/1675
f 2117/904/1676 2141/902/1676 2142/860/1676
f 2180/905/1677 2204/907/1677 2205/906/1677
f 2167/908/1678 2191/910/1678 2192/909/1678
f 2181/911/1679 2205/906/1679 2206/912/1679
f 2168/913/1680 2192/909/1680 2193/914/1680
f 2182/915/1681 2206/912/1681 2207/916/1681
f 2169/917/1682 2193/914/1682 2194/918/1682
f 2183/919/1683 2207/916/1683 2208/920/1683
f 2170/921/1684 2194/918/1684 2195/922/1684
f 2506/923/1685 2183/919/1685 2208/920/1685
f 2171/924/1686 2195/922/1686 2196/925/1686
f 2172/926/1687 2196/925/1687 2197/927/1687
f 2173/928/1688 2197/927/1688 2198/929/1688
f 2160/930/1689 2184/932/1689 2185/931/1689
f 2174/933/1690 2198/929/1690 2199/934/1690
f 2161/935/1691 2185/931/1691 2186/936/1691
f 2175/937/1692 2199/934/1692 2200/938/1692
f 2162/939/1693 2186/936/1693 2187/940/1693
f 2176/941/1694 2200/938/1694 2201/942/1694
f 2163/943/1695 2187/940/1695 2188/944/1695
f 2177/945/1696 2201/942/1696 2202/946/1696
f 2164/947/1697 2188/944/1697 2189/948/1697
f 2178/949/1698 2202/946/1698 2203/950/1698
f 2165/951/1699 2189/948/1699 2190/952/1699
f 2179/953/1700 2203/950/1700 2204/907/1700
f 2166/954/1701 2190/952/1701 2191/910/1701
f 2229/955/1702 2253/957/1702 2254/956/1702
f 2216/958/1703 2240/960/1703 2241/959/1703
f 2230/961/1704 2254/956/1704 2255/962/1704
f 2217/963/1705 2241/959/1705 2242/964/1705
f 2231/965/1706 2255/962/1706 2256/966/1706
f 2218/967/1707 2242/964/1707 2243/968/1707
f 2232/969/1708 2256/966/1708 2257/970/1708
f 2219/971/1709 2243/968/1709 2244/972/1709
f 2233/973/1710 2257/970/1710 2258/974/1710
f 2220/975/1711 2244/972/1711 2245/976/1711
f 2506/977/1712 2233/973/1712 2258/974/1712
f 2221/978/1713 2245/976/1713 2246/979/1713
f 2222/980/1714 2246/979/1714 2247/981/1714
f 2223/982/1715 2247/981/1715 2248/983/1715
f 2210/984/1716 2234/986/1716 2235/985/1716
f 2224/987/1717 2248/983/1717 2249/988/1717
f 2211/989/1718 2235/985/1718 2236/990/1718
f 2225/991/1719 2249/988/1719 2250/992/1719
f 2212/993/1720 2236/990/1720 2237/994/1720
f 2226/995/1721 2250/992/1721 2251/996/1721
f 2213/997/1722 2237/994/1722 2238/998/1722
f 2227/999/1723 2251/996/1723 2252/1000/1723
f 2214/1001/1724 2238/998/1724 2239/1002/1724
f 2228/1003/1725 2252/1000/1725 2253/957/1725
f 2215/1004/1726 2239/1002/1726 2240/960/1726
f 2278/1005/1727 2302/1007/1727 2303/1006/1727
f 2265/1008/1728 2289/1010/1728 2290/1009/1728
f 2279/1011/1729 2303/1006/1729 2304/1012/1729
f 2266/1013/1730 2290/1009/1730 2291/1014/1730
f 2280/1015/1731 2304/1012/1731 2305/1016/1731
f 2267/1017/1732 2291/1014/1732 2292/1018/1732
f 2281/1019/1733 2305/1016/1733 2306/1020/1733
f 2268/1021/1734 2292/1018/1734 2293/1022/1734
f 2282/1023/1735 2306/1020/1735 2307/1024/1735
f 2269/1025/1736 2293/1022/1736 2294/1026/1736
f 2283/1027/1737 2307/1024/1737 2308/1028/1737
f 2270/1029/1738 2294/1026/1738 2295/1030/1738
f 2506/1031/1739 2283/1027/1739 2308/1028/1739
f 2271/1032/1740 2295/1030/1740 2296/1033/1740
f 2272/1034/1741 2296/1033/1741 2297/1035/1741
f 2273/1036/1742 2297/1035/1742 2298/1037/1742
f 2260/1038/1743 2284/1040/1743 2285/1039/1743
f 2274/1041/1744 2298/1037/1744 2299/1042/1744
f 2261/1043/1745 2285/1039/1745 2286/1044/1745
f 2275/1045/1746 2299/1042/1746 2300/1046/1746
f 2262/1047/1747 2286/1044/1747 2287/1048/1747
f 2276/1049/1748 2300/1046/1748 2301/1050/1748
f 2263/1051/1749 2287/1048/1749 2288/1052/1749
f 2277/1053/1750 2301/1050/1750 2302/1007/1750
f 2264/1054/1751 2288/1052/1751 2289/1010/1751
f 2327/1055/1752 2351/1057/1752 2352/1056/1752
f 2314/1058/1753 2338/1060/1753 2339/1059/1753
f 2328/1061/1754 2352/1056/1754 2353/1062/1754
f 2315/1063/1755 2339/1059/1755 2340/1064/1755
f 2329/1065/1756 2353/1062/1756 2354/1066/1756
f 2316/1067/1757 2340/1064/1757 2341/1068/1757
f 2330/1069/1758 2354/1066/1758 2355/1070/1758
f 2317/1071/1759 2341/1068/1759 2342/1072/1759
f 2331/1073/1760 2355/1070/1760 2356/1074/1760
f 2318/1075/1761 2342/1072/1761 2343/1076/1761
f 2332/1077/1762 2356/1074/1762 2357/1078/1762
f 2319/1079/1763 2343/1076/1763 2344/1080/1763
f 2333/1081/1764 2357/1078/1764 2358/1082/1764
f 2320/1083/1765 2344/1080/1765 2345/1084/1765
f 2506/1085/1766 2333/1081/1766 2358/1082/1766
f 2321/1086/1767 2345/1084/1767 2346/1087/1767
f 2322/1088/1768 2346/1087/1768 2347/1089/1768
f 2323/1090/1769 2347/1089/1769 2348/1091/1769
f 2310/1092/1770 2334/1094/1770 2335/1093/1770
f 2324/1095/1771 2348/1091/1771 2349/1096/1771
f 2311/1097/1772 2335/1093/1772 2336/1098/1772
f 2325/1099/1773 2349/1096/1773 2350/1100/1773
f 2312/1101/1774 2336/1098/1774 2337/1102/1774
f 2326/1103/1775 2350/1100/1775 2351/1057/1775
f 2313/1104/1776 2337/1102/1776 2338/1060/1776
f 2376/1105/1777 2400/1107/1777 2401/1106/1777
f 2363/1108/1778 2387/1110/1778 2388/1109/1778
f 2377/1111/1779 2401/1106/1779 2402/1112/1779
f 2364/1113/1780 2388/1109/1780 2389/1114/1780
f 2378/1115/1781 2402/1112/1781 2403/1116/1781
f 2365/1117/1782 2389/1114/1782 2390/1118/1782
f 2379/1119/1783 2403/1116/1783 2404/1120/1783
f 2366/1121/1784 2390/1118/1784 2391/1122/1784
f 2380/1123/1785 2404/1120/1785 2405/1124/1785
f 2367/1125/1786 2391/1122/1786 2392/1126/1786
f 2381/1127/1787 2405/1124/1787 2406/1128/1787
f 2368/1129/1788 2392/1126/1788 2393/1130/1788
f 2382/1131/1789 2406/1128/1789 2407/1132/1789
f 2369/1133/1790 2393/1130/1790 2394/1134/1790
f 2383/1135/1791 2407/1132/1791 2408/1136/1791
f 2370/1137/1792 2394/1134/1792 2395/1138/1792
f 2506/1139/1793 2383/1135/1793 2408/1136/1793
f 2371/1140/1794 2395/1138/1794 2396/1141/1794
f 2372/1142/1795 2396/1141/1795 2397/1143/1795
f 2373/1144/1796 2397/1143/1796 2398/1145/1796
f 2360/1146/1797 2384/1148/1797 2385/1147/1797
f 2374/1149/1798 2398/1145/1798 2399/1150/1798
f 2361/1151/1799 2385/1147/1799 2386/1152/1799
f 2375/1153/1800 2399/1150/1800 2400/1107/1800
f 2362/1154/1801 2386/1152/1801 2387/1110/1801
f 2425/1155/1802 2449/1157/1802 2450/1156/1802
f 2412/1158/1803 2436/1160/1803 2437/1159/1803
f 2426/1161/1804 2450/1156/1804 2451/1162/1804
f 2413/1163/1805 2437/1159/1805 2438/1164/1805
f 2427/1165/1806 2451/1162/1806 2452/1166/1806
f 2414/1167/1807 2438/1164/1807 2439/1168/1807
f 2428/1169/1808 2452/1166/1808 2453/1170/1808
f 2415/1171/1809 2439/1168/1809 2440/1172/1809
f 2429/1173/1810 2453/1170/1810 2454/1174/1810
f 2416/1175/1811 2440/1172/1811 2441/1176/1811
f 2430/1177/1812 2454/1174/1812 2455/1178/1812
f 2417/1179/1813 2441/1176/1813 2442/1180/1813
f 2431/1181/1814 2455/1178/1814 2456/1182/1814
f 2418/1183/1815 2442/1180/1815 2443/1184/1815
f 2432/1185/1816 2456/1182/1816 2457/1186/1816
f 2419/1187/1817 2443/1184/1817 2444/1188/1817
f 2433/1189/1818 2457/1186/1818 2458/1190/1818
f 2420/1191/1819 2444/1188/1819 2445/1192/1819
f 2506/1193/1820 2433/1189/1820 2458/1190/1820
f 2421/1194/1821 2445/1192/1821 2446/1195/1821
f 2422/1196/1822 2446/1195/1822 2447/1197/1822
f 2423/1198/1823 2447/1197/1823 2448/1199/1823
f 2410/1200/1824 2434/1202/1824 2435/1201/1824
f 2424/1203/1825 2448/1199/1825 2449/1157/1825
f 2411/1204/1826 2435/1201/1826 2436/1160/1826
f 2477/1205/1827 2499/1207/1827 1256/1206/1827
f 2464/1208/1828 2488/1210/1828 2503/1209/1828
f 2478/1211/1829 1256/1206/1829 1257/1212/1829
f 2465/1213/1830 2503/1209/1830 2489/1214/1830
f 2479/1215/1831 1257/1212/1831 1258/1216/1831
f 2466/1217/1832 2489/1214/1832 2490/1218/1832
f 2480/1219/1833 1258/1216/1833 2502/1220/1833
f 2467/1221/1834 2490/1218/1834 2504/1222/1834
f 2481/1223/1835 2502/1220/1835 2505/1224/1835
f 2468/1225/1836 2504/1222/1836 2491/1226/1836
f 2482/1227/1837 2505/1224/1837 2500/1228/1837
f 2469/1229/1838 2491/1226/1838 2492/1230/1838
f 2483/1231/1839 2500/1228/1839 2501/1232/1839
f 2470/1233/1840 2492/1230/1840 2493/1234/1840
f 2506/1235/1841 2483/1231/1841 2501/1232/1841
f 2471/1236/1842 2493/1234/1842 2494/1237/1842
f 2472/1238/1843 2494/1237/1843 2495/1239/1843
f 2473/1240/1844 2495/1239/1844 2496/1241/1844
f 2460/1242/1845 2484/1244/1845 2485/1243/1845
f 2474/1245/1846 2496/1241/1846 2497/1246/1846
f 2461/1247/1847 2485/1243/1847 2486/1248/1847
f 2475/1249/1848 2497/1246/1848 2498/1250/1848
f 2462/1251/1849 2486/1248/1849 2487/1252/1849
f 2476/1253/1850 2498/1250/1850 2499/1207/1850
f 2463/1254/1851 2487/1252/1851 2488/1210/1851
f 1275/5/1852 1274/53/1852 1299/7/1852
f 1262/8/1853 1261/54/1853 1286/10/1853
f 1276/11/1854 1275/5/1854 1300/6/1854
f 1263/13/1855 1262/8/1855 1287/9/1855
f 1277/15/1856 1276/11/1856 1301/12/1856
f 1264/17/1857 1263/13/1857 1288/14/1857
f 1278/19/1858 1277/15/1858 1302/16/1858
f 1265/21/1859 1264/17/1859 1289/18/1859
f 1279/23/1860 1278/19/1860 1303/20/1860
f 1266/25/1861 1265/21/1861 1290/22/1861
f 1280/27/1862 1279/23/1862 1304/24/1862
f 1267/29/1863 1266/25/1863 1291/26/1863
f 1281/31/1864 1280/27/1864 1305/28/1864
f 1268/33/1865 1267/29/1865 1292/30/1865
f 1282/35/1866 1281/31/1866 1306/32/1866
f 1269/37/1867 1268/33/1867 1293/34/1867
f 1283/39/1868 1282/35/1868 1307/36/1868
f 1270/41/1869 1269/37/1869 1294/38/1869
f 1271/44/1870 1270/41/1870 1295/42/1870
f 1272/46/1871 1271/44/1871 1296/45/1871
f 1273/48/1872 1272/46/1872 1297/47/1872
f 1260/50/1873 1259/1255/1873 1284/52/1873
f 1274/53/1874 1273/48/1874 1298/49/1874
f 1261/54/1875 1260/50/1875 1285/51/1875
f 1324/55/1876 1323/102/1876 1348/57/1876
f 1311/58/1877 1310/103/1877 1335/60/1877
f 1325/61/1878 1324/55/1878 1349/56/1878
f 1312/63/1879 1311/58/1879 1336/59/1879
f 1326/65/1880 1325/61/1880 1350/62/1880
f 1313/67/1881 1312/63/1881 1337/64/1881
f 1327/69/1882 1326/65/1882 1351/66/1882
f 1314/71/1883 1313/67/1883 1338/68/1883
f 1328/73/1884 1327/69/1884 1352/70/1884
f 1315/75/1885 1314/71/1885 1339/72/1885
f 1329/77/1886 1328/73/1886 1353/74/1886
f 1316/79/1887 1315/75/1887 1340/76/1887
f 1330/81/1888 1329/77/1888 1354/78/1888
f 1317/83/1889 1316/79/1889 1341/80/1889
f 1331/85/1890 1330/81/1890 1355/82/1890
f 1318/87/1891 1317/83/1891 1342/84/1891
f 1332/89/1892 1331/85/1892 1356/86/1892
f 1319/91/1893 1318/87/1893 1343/88/1893
f 1333/93/1894 1332/89/1894 1357/90/1894
f 1320/95/1895 1319/91/1895 1344/92/1895
f 1321/98/1896 1320/95/1896 1345/96/1896
f 1322/100/1897 1321/98/1897 1346/99/1897
f 1323/102/1898 1322/100/1898 1347/101/1898
f 1310/103/1899 1309/1256/1899 1334/104/1899
f 1373/105/1900 1372/154/1900 1397/107/1900
f 1360/108/1901 1359/1257/1901 1384/110/1901
f 1374/111/1902 1373/105/1902 1398/106/1902
f 1361/113/1903 1360/108/1903 1385/109/1903
f 1375/115/1904 1374/111/1904 1399/112/1904
f 1362/117/1905 1361/113/1905 1386/114/1905
f 1376/119/1906 1375/115/1906 1400/116/1906
f 1363/121/1907 1362/117/1907 1387/118/1907
f 1377/123/1908 1376/119/1908 1401/120/1908
f 1364/125/1909 1363/121/1909 1388/122/1909
f 1378/127/1910 1377/123/1910 1402/124/1910
f 1365/129/1911 1364/125/1911 1389/126/1911
f 1379/131/1912 1378/127/1912 1403/128/1912
f 1366/133/1913 1365/129/1913 1390/130/1913
f 1380/135/1914 1379/131/1914 1404/132/1914
f 1367/137/1915 1366/133/1915 1391/134/1915
f 1381/139/1916 1380/135/1916 1405/136/1916
f 1368/141/1917 1367/137/1917 1392/138/1917
f 1382/143/1918 1381/139/1918 1406/140/1918
f 1369/145/1919 1368/141/1919 1393/142/1919
f 1383/147/1920 1382/143/1920 1407/144/1920
f 1370/149/1921 1369/145/1921 1394/146/1921
f 1371/152/1922 1370/149/1922 1395/150/1922
f 1372/154/1923 1371/152/1923 1396/153/1923
f 1422/155/1924 1421/204/1924 1446/157/1924
f 1423/158/1925 1422/155/1925 1447/156/1925
f 1410/160/1926 1409/1258/1926 1434/162/1926
f 1424/163/1927 1423/158/1927 1448/159/1927
f 1411/165/1928 1410/160/1928 1435/161/1928
f 1425/167/1929 1424/163/1929 1449/164/1929
f 1412/169/1930 1411/165/1930 1436/166/1930
f 1426/171/1931 1425/167/1931 1450/168/1931
f 1413/173/1932 1412/169/1932 1437/170/1932
f 1427/175/1933 1426/171/1933 1451/172/1933
f 1414/177/1934 1413/173/1934 1438/174/1934
f 1428/179/1935 1427/175/1935 1452/176/1935
f 1415/181/1936 1414/177/1936 1439/178/1936
f 1429/183/1937 1428/179/1937 1453/180/1937
f 1416/185/1938 1415/181/1938 1440/182/1938
f 1430/187/1939 1429/183/1939 1454/184/1939
f 1417/189/1940 1416/185/1940 1441/186/1940
f 1431/191/1941 1430/187/1941 1455/188/1941
f 1418/193/1942 1417/189/1942 1442/190/1942
f 1432/195/1943 1431/191/1943 1456/192/1943
f 1419/197/1944 1418/193/1944 1443/194/1944
f 1433/199/1945 1432/195/1945 1457/196/1945
f 1420/201/1946 1419/197/1946 1444/198/1946
f 1421/204/1947 1420/201/1947 1445/202/1947
f 1471/205/1948 1470/253/1948 1495/207/1948
f 1472/208/1949 1471/205/1949 1496/206/1949
f 1473/210/1950 1472/208/1950 1497/209/1950
f 1460/212/1951 1459/1259/1951 1484/214/1951
f 1474/215/1952 1473/210/1952 1498/211/1952
f 1461/217/1953 1460/212/1953 1485/213/1953
f 1475/219/1954 1474/215/1954 1499/216/1954
f 1462/221/1955 1461/217/1955 1486/218/1955
f 1476/223/1956 1475/219/1956 1500/220/1956
f 1463/225/1957 1462/221/1957 1487/222/1957
f 1477/227/1958 1476/223/1958 1501/224/1958
f 1464/229/1959 1463/225/1959 1488/226/1959
f 1478/231/1960 1477/227/1960 1502/228/1960
f 1465/233/1961 1464/229/1961 1489/230/1961
f 1479/235/1962 1478/231/1962 1503/232/1962
f 1466/237/1963 1465/233/1963 1490/234/1963
f 1480/239/1964 1479/235/1964 1504/236/1964
f 1467/241/1965 1466/237/1965 1491/238/1965
f 1481/243/1966 1480/239/1966 1505/240/1966
f 1468/245/1967 1467/241/1967 1492/242/1967
f 1482/247/1968 1481/243/1968 1506/244/1968
f 1469/249/1969 1468/245/1969 1493/246/1969
f 1483/251/1970 1482/247/1970 1507/248/1970
f 1470/253/1971 1469/249/1971 1494/250/1971
f 1520/255/1972 1519/304/1972 1544/257/1972
f 1521/261/1973 1520/255/1973 1545/256/1973
f 1522/263/1974 1521/261/1974 1546/262/1974
f 1523/265/1975 1522/263/1975 1547/264/1975
f 1510/267/1976 1509/1260/1976 1534/269/1976
f 1524/270/1977 1523/265/1977 1548/266/1977
f 1511/272/1978 1510/267/1978 1535/268/1978
f 1525/274/1979 1524/270/1979 1549/271/1979
f 1512/276/1980 1511/272/1980 1536/273/1980
f 1526/278/1981 1525/274/1981 1550/275/1981
f 1513/280/1982 1512/276/1982 1537/277/1982
f 1527/282/1983 1526/278/1983 1551/279/1983
f 1514/284/1984 1513/280/1984 1538/281/1984
f 1528/286/1985 1527/282/1985 1552/283/1985
f 1515/288/1986 1514/284/1986 1539/285/1986
f 1529/290/1987 1528/286/1987 1553/287/1987
f 1516/292/1988 1515/288/1988 1540/289/1988
f 1530/294/1989 1529/290/1989 1554/291/1989
f 1517/296/1990 1516/292/1990 1541/293/1990
f 1531/298/1991 1530/294/1991 1555/295/1991
f 1518/300/1992 1517/296/1992 1542/297/1992
f 1532/302/1993 1531/298/1993 1556/299/1993
f 1519/304/1994 1518/300/1994 1543/301/1994
f 1533/260/1995 1532/302/1995 1557/303/1995
f 1569/305/1996 1568/353/1996 1593/307/1996
f 1583/308/1997 1582/354/1997 1607/310/1997
f 1570/311/1998 1569/305/1998 1594/306/1998
f 1571/314/1999 1570/311/1999 1595/312/1999
f 1572/316/2000 1571/314/2000 1596/315/2000
f 1573/318/2001 1572/316/2001 1597/317/2001
f 1560/320/2002 1559/1261/2002 1584/322/2002
f 1574/323/2003 1573/318/2003 1598/319/2003
f 1561/325/2004 1560/320/2004 1585/321/2004
f 1575/327/2005 1574/323/2005 1599/324/2005
f 1562/329/2006 1561/325/2006 1586/326/2006
f 1576/331/2007 1575/327/2007 1600/328/2007
f 1563/333/2008 1562/329/2008 1587/330/2008
f 1577/335/2009 1576/331/2009 1601/332/2009
f 1564/337/2010 1563/333/2010 1588/334/2010
f 1578/339/2011 1577/335/2011 1602/336/2011
f 1565/341/2012 1564/337/2012 1589/338/2012
f 1579/343/2013 1578/339/2013 1603/340/2013
f 1566/345/2014 1565/341/2014 1590/342/2014
f 1580/347/2015 1579/343/2015 1604/344/2015
f 1567/349/2016 1566/345/2016 1591/346/2016
f 1581/351/2017 1580/347/2017 1605/348/2017
f 1568/353/2018 1567/349/2018 1592/350/2018
f 1582/354/2019 1581/351/2019 1606/352/2019
f 1618/355/2020 1617/403/2020 1642/357/2020
f 1632/358/2021 1631/404/2021 1656/360/2021
f 1619/361/2022 1618/355/2022 1643/356/2022
f 1633/363/2023 1632/358/2023 1657/359/2023
f 1620/365/2024 1619/361/2024 1644/362/2024
f 1621/368/2025 1620/365/2025 1645/366/2025
f 1622/370/2026 1621/368/2026 1646/369/2026
f 1623/372/2027 1622/370/2027 1647/371/2027
f 1610/374/2028 1609/1262/2028 1634/376/2028
f 1624/377/2029 1623/372/2029 1648/373/2029
f 1611/379/2030 1610/374/2030 1635/375/2030
f 1625/381/2031 1624/377/2031 1649/378/2031
f 1612/383/2032 1611/379/2032 1636/380/2032
f 1626/385/2033 1625/381/2033 1650/382/2033
f 1613/387/2034 1612/383/2034 1637/384/2034
f 1627/389/2035 1626/385/2035 1651/386/2035
f 1614/391/2036 1613/387/2036 1638/388/2036
f 1628/393/2037 1627/389/2037 1652/390/2037
f 1615/395/2038 1614/391/2038 1639/392/2038
f 1629/397/2039 1628/393/2039 1653/394/2039
f 1616/399/2040 1615/395/2040 1640/396/2040
f 1630/401/2041 1629/397/2041 1654/398/2041
f 1617/403/2042 1616/399/2042 1641/400/2042
f 1631/404/2043 1630/401/2043 1655/402/2043
f 1669/405/2044 1668/453/2044 1693/407/2044
f 1683/408/2045 1682/454/2045 1707/410/2045
f 1670/411/2046 1669/405/2046 1694/406/2046
f 1671/414/2047 1670/411/2047 1695/412/2047
f 1672/416/2048 1671/414/2048 1696/415/2048
f 1673/418/2049 1672/416/2049 1697/417/2049
f 1660/420/2050 1659/1263/2050 1684/422/2050
f 1674/423/2051 1673/418/2051 1698/419/2051
f 1661/425/2052 1660/420/2052 1685/421/2052
f 1675/427/2053 1674/423/2053 1699/424/2053
f 1662/429/2054 1661/425/2054 1686/426/2054
f 1676/431/2055 1675/427/2055 1700/428/2055
f 1663/433/2056 1662/429/2056 1687/430/2056
f 1677/435/2057 1676/431/2057 1701/432/2057
f 1664/437/2058 1663/433/2058 1688/434/2058
f 1678/439/2059 1677/435/2059 1702/436/2059
f 1665/441/2060 1664/437/2060 1689/438/2060
f 1679/443/2061 1678/439/2061 1703/440/2061
f 1666/445/2062 1665/441/2062 1690/442/2062
f 1680/447/2063 1679/443/2063 1704/444/2063
f 1667/449/2064 1666/445/2064 1691/446/2064
f 1681/451/2065 1680/447/2065 1705/448/2065
f 1668/453/2066 1667/449/2066 1692/450/2066
f 1682/454/2067 1681/451/2067 1706/452/2067
f 1718/455/2068 1717/503/2068 1742/457/2068
f 1732/458/2069 1731/504/2069 1756/460/2069
f 1719/461/2070 1718/455/2070 1743/456/2070
f 1733/463/2071 1732/458/2071 1757/459/2071
f 1720/465/2072 1719/461/2072 1744/462/2072
f 1721/468/2073 1720/465/2073 1745/466/2073
f 1722/470/2074 1721/468/2074 1746/469/2074
f 1723/472/2075 1722/470/2075 1747/471/2075
f 1710/474/2076 1709/1264/2076 1734/476/2076
f 1724/477/2077 1723/472/2077 1748/473/2077
f 1711/479/2078 1710/474/2078 1735/475/2078
f 1725/481/2079 1724/477/2079 1749/478/2079
f 1712/483/2080 1711/479/2080 1736/480/2080
f 1726/485/2081 1725/481/2081 1750/482/2081
f 1713/487/2082 1712/483/2082 1737/484/2082
f 1727/489/2083 1726/485/2083 1751/486/2083
f 1714/491/2084 1713/487/2084 1738/488/2084
f 1728/493/2085 1727/489/2085 1752/490/2085
f 1715/495/2086 1714/491/2086 1739/492/2086
f 1729/497/2087 1728/493/2087 1753/494/2087
f 1716/499/2088 1715/495/2088 1740/496/2088
f 1730/501/2089 1729/497/2089 1754/498/2089
f 1717/503/2090 1716/499/2090 1741/500/2090
f 1731/504/2091 1730/501/2091 1755/502/2091
f 1767/505/2092 1766/553/2092 1791/507/2092
f 1781/508/2093 1780/554/2093 1805/510/2093
f 1768/511/2094 1767/505/2094 1792/506/2094
f 1782/513/2095 1781/508/2095 1806/509/2095
f 1769/515/2096 1768/511/2096 1793/512/2096
f 1783/517/2097 1782/513/2097 1807/514/2097
f 1770/519/2098 1769/515/2098 1794/516/2098
f 1771/522/2099 1770/519/2099 1795/520/2099
f 1772/524/2100 1771/522/2100 1796/523/2100
f 1773/526/2101 1772/524/2101 1797/525/2101
f 1760/528/2102 1759/1265/2102 1784/530/2102
f 1774/531/2103 1773/526/2103 1798/527/2103
f 1761/533/2104 1760/528/2104 1785/529/2104
f 1775/535/2105 1774/531/2105 1799/532/2105
f 1762/537/2106 1761/533/2106 1786/534/2106
f 1776/539/2107 1775/535/2107 1800/536/2107
f 1763/541/2108 1762/537/2108 1787/538/2108
f 1777/543/2109 1776/539/2109 1801/540/2109
f 1764/545/2110 1763/541/2110 1788/542/2110
f 1778/547/2111 1777/543/2111 1802/544/2111
f 1765/549/2112 1764/545/2112 1789/546/2112
f 1779/551/2113 1778/547/2113 1803/548/2113
f 1766/553/2114 1765/549/2114 1790/550/2114
f 1780/554/2115 1779/551/2115 1804/552/2115
f 1816/555/2116 1815/603/2116 1840/557/2116
f 1830/558/2117 1829/604/2117 1854/560/2117
f 1817/561/2118 1816/555/2118 1841/556/2118
f 1831/563/2119 1830/558/2119 1855/559/2119
f 1818/565/2120 1817/561/2120 1842/562/2120
f 1832/567/2121 1831/563/2121 1856/564/2121
f 1819/569/2122 1818/565/2122 1843/566/2122
f 1833/571/2123 1832/567/2123 1857/568/2123
f 1820/573/2124 1819/569/2124 1844/570/2124
f 1821/576/2125 1820/573/2125 1845/574/2125
f 1822/578/2126 1821/576/2126 1846/577/2126
f 1823/580/2127 1822/578/2127 1847/579/2127
f 1810/582/2128 1809/1266/2128 1834/584/2128
f 1824/585/2129 1823/580/2129 1848/581/2129
f 1811/587/2130 1810/582/2130 1835/583/2130
f 1825/589/2131 1824/585/2131 1849/586/2131
f 1812/591/2132 1811/587/2132 1836/588/2132
f 1826/593/2133 1825/589/2133 1850/590/2133
f 1813/595/2134 1812/591/2134 1837/592/2134
f 1827/597/2135 1826/593/2135 1851/594/2135
f 1814/599/2136 1813/595/2136 1838/596/2136
f 1828/601/2137 1827/597/2137 1852/598/2137
f 1815/603/2138 1814/599/2138 1839/600/2138
f 1829/604/2139 1828/601/2139 1853/602/2139
f 1865/605/2140 1864/653/2140 1889/607/2140
f 1879/608/2141 1878/654/2141 1903/610/2141
f 1866/611/2142 1865/605/2142 1890/606/2142
f 1880/613/2143 1879/608/2143 1904/609/2143
f 1867/615/2144 1866/611/2144 1891/612/2144
f 1881/617/2145 1880/613/2145 1905/614/2145
f 1868/619/2146 1867/615/2146 1892/616/2146
f 1882/621/2147 1881/617/2147 1906/618/2147
f 1869/623/2148 1868/619/2148 1893/620/2148
f 1883/625/2149 1882/621/2149 1907/622/2149
f 1870/627/2150 1869/623/2150 1894/624/2150
f 1871/630/2151 1870/627/2151 1895/628/2151
f 1872/632/2152 1871/630/2152 1896/631/2152
f 1873/634/2153 1872/632/2153 1897/633/2153
f 1860/636/2154 1859/1267/2154 1884/638/2154
f 1874/639/2155 1873/634/2155 1898/635/2155
f 1861/641/2156 1860/636/2156 1885/637/2156
f 1875/643/2157 1874/639/2157 1899/640/2157
f 1862/645/2158 1861/641/2158 1886/642/2158
f 1876/647/2159 1875/643/2159 1900/644/2159
f 1863/649/2160 1862/645/2160 1887/646/2160
f 1877/651/2161 1876/647/2161 1901/648/2161
f 1864/653/2162 1863/649/2162 1888/650/2162
f 1878/654/2163 1877/651/2163 1902/652/2163
f 1914/655/2164 1913/703/2164 1938/657/2164
f 1928/658/2165 1927/704/2165 1952/660/2165
f 1915/661/2166 1914/655/2166 1939/656/2166
f 1929/663/2167 1928/658/2167 1953/659/2167
f 1916/665/2168 1915/661/2168 1940/662/2168
f 1930/667/2169 1929/663/2169 1954/664/2169
f 1917/669/2170 1916/665/2170 1941/666/2170
f 1931/671/2171 1930/667/2171 1955/668/2171
f 1918/673/2172 1917/669/2172 1942/670/2172
f 1932/675/2173 1931/671/2173 1956/672/2173
f 1919/677/2174 1918/673/2174 1943/674/2174
f 1933/679/2175 1932/675/2175 1957/676/2175
f 1920/681/2176 1919/677/2176 1944/678/2176
f 1921/684/2177 1920/681/2177 1945/682/2177
f 1922/686/2178 1921/684/2178 1946/685/2178
f 1923/688/2179 1922/686/2179 1947/687/2179
f 1910/690/2180 1909/1268/2180 1934/692/2180
f 1924/693/2181 1923/688/2181 1948/689/2181
f 1911/695/2182 1910/690/2182 1935/691/2182
f 1925/697/2183 1924/693/2183 1949/694/2183
f 1912/699/2184 1911/695/2184 1936/696/2184
f 1926/701/2185 1925/697/2185 1950/698/2185
f 1913/703/2186 1912/699/2186 1937/700/2186
f 1927/704/2187 1926/701/2187 1951/702/2187
f 1963/705/2188 1962/753/2188 1987/707/2188
f 1977/708/2189 1976/754/2189 2001/710/2189
f 1964/711/2190 1963/705/2190 1988/706/2190
f 1978/713/2191 1977/708/2191 2002/709/2191
f 1965/715/2192 1964/711/2192 1989/712/2192
f 1979/717/2193 1978/713/2193 2003/714/2193
f 1966/719/2194 1965/715/2194 1990/716/2194
f 1980/721/2195 1979/717/2195 2004/718/2195
f 1967/723/2196 1966/719/2196 1991/720/2196
f 1981/725/2197 1980/721/2197 2005/722/2197
f 1968/727/2198 1967/723/2198 1992/724/2198
f 1982/729/2199 1981/725/2199 2006/726/2199
f 1969/731/2200 1968/727/2200 1993/728/2200
f 1983/733/2201 1982/729/2201 2007/730/2201
f 1970/735/2202 1969/731/2202 1994/732/2202
f 1971/738/2203 1970/735/2203 1995/736/2203
f 1972/740/2204 1971/738/2204 1996/739/2204
f 1973/742/2205 1972/740/2205 1997/741/2205
f 1960/744/2206 1959/1269/2206 1984/746/2206
f 1974/747/2207 1973/742/2207 1998/743/2207
f 1961/749/2208 1960/744/2208 1985/745/2208
f 1975/751/2209 1974/747/2209 1999/748/2209
f 1962/753/2210 1961/749/2210 1986/750/2210
f 1976/754/2211 1975/751/2211 2000/752/2211
f 2012/755/2212 2011/803/2212 2036/757/2212
f 2026/758/2213 2025/804/2213 2050/760/2213
f 2013/761/2214 2012/755/2214 2037/756/2214
f 2027/763/2215 2026/758/2215 2051/759/2215
f 2014/765/2216 2013/761/2216 2038/762/2216
f 2028/767/2217 2027/763/2217 2052/764/2217
f 2015/769/2218 2014/765/2218 2039/766/2218
f 2029/771/2219 2028/767/2219 2053/768/2219
f 2016/773/2220 2015/769/2220 2040/770/2220
f 2030/775/2221 2029/771/2221 2054/772/2221
f 2017/777/2222 2016/773/2222 2041/774/2222
f 2031/779/2223 2030/775/2223 2055/776/2223
f 2018/781/2224 2017/777/2224 2042/778/2224
f 2032/783/2225 2031/779/2225 2056/780/2225
f 2019/785/2226 2018/781/2226 2043/782/2226
f 2033/787/2227 2032/783/2227 2057/784/2227
f 2020/789/2228 2019/785/2228 2044/786/2228
f 2021/792/2229 2020/789/2229 2045/790/2229
f 2022/794/2230 2021/792/2230 2046/793/2230
f 2023/796/2231 2022/794/2231 2047/795/2231
f 2010/798/2232 2009/1270/2232 2034/800/2232
f 2024/801/2233 2023/796/2233 2048/797/2233
f 2011/803/2234 2010/798/2234 2035/799/2234
f 2025/804/2235 2024/801/2235 2049/802/2235
f 2082/805/2236 2081/853/2236 2106/807/2236
f 2069/808/2237 2068/854/2237 2093/810/2237
f 2083/811/2238 2082/805/2238 2107/806/2238
f 2070/813/2239 2069/808/2239 2094/809/2239
f 2071/816/2240 2070/813/2240 2095/814/2240
f 2072/818/2241 2071/816/2241 2096/817/2241
f 2073/820/2242 2072/818/2242 2097/819/2242
f 2060/822/2243 2059/1271/2243 2084/824/2243
f 2074/825/2244 2073/820/2244 2098/821/2244
f 2061/827/2245 2060/822/2245 2085/823/2245
f 2075/829/2246 2074/825/2246 2099/826/2246
f 2062/831/2247 2061/827/2247 2086/828/2247
f 2076/833/2248 2075/829/2248 2100/830/2248
f 2063/835/2249 2062/831/2249 2087/832/2249
f 2077/837/2250 2076/833/2250 2101/834/2250
f 2064/839/2251 2063/835/2251 2088/836/2251
f 2078/841/2252 2077/837/2252 2102/838/2252
f 2065/843/2253 2064/839/2253 2089/840/2253
f 2079/845/2254 2078/841/2254 2103/842/2254
f 2066/847/2255 2065/843/2255 2090/844/2255
f 2080/849/2256 2079/845/2256 2104/846/2256
f 2067/851/2257 2066/847/2257 2091/848/2257
f 2081/853/2258 2080/849/2258 2105/850/2258
f 2068/854/2259 2067/851/2259 2092/852/2259
f 2131/855/2260 2130/903/2260 2155/857/2260
f 2118/858/2261 2117/904/2261 2142/860/2261
f 2132/861/2262 2131/855/2262 2156/856/2262
f 2119/863/2263 2118/858/2263 2143/859/2263
f 2133/865/2264 2132/861/2264 2157/862/2264
f 2120/867/2265 2119/863/2265 2144/864/2265
f 2121/870/2266 2120/867/2266 2145/868/2266
f 2122/872/2267 2121/870/2267 2146/871/2267
f 2123/874/2268 2122/872/2268 2147/873/2268
f 2110/876/2269 2109/683/2269 2134/878/2269
f 2124/879/2270 2123/874/2270 2148/875/2270
f 2111/881/2271 2110/876/2271 2135/877/2271
f 2125/883/2272 2124/879/2272 2149/880/2272
f 2112/885/2273 2111/881/2273 2136/882/2273
f 2126/887/2274 2125/883/2274 2150/884/2274
f 2113/889/2275 2112/885/2275 2137/886/2275
f 2127/891/2276 2126/887/2276 2151/888/2276
f 2114/893/2277 2113/889/2277 2138/890/2277
f 2128/895/2278 2127/891/2278 2152/892/2278
f 2115/897/2279 2114/893/2279 2139/894/2279
f 2129/899/2280 2128/895/2280 2153/896/2280
f 2116/901/2281 2115/897/2281 2140/898/2281
f 2130/903/2282 2129/899/2282 2154/900/2282
f 2117/904/2283 2116/901/2283 2141/902/2283
f 2180/905/2284 2179/953/2284 2204/907/2284
f 2167/908/2285 2166/954/2285 2191/910/2285
f 2181/911/2286 2180/905/2286 2205/906/2286
f 2168/913/2287 2167/908/2287 2192/909/2287
f 2182/915/2288 2181/911/2288 2206/912/2288
f 2169/917/2289 2168/913/2289 2193/914/2289
f 2183/919/2290 2182/915/2290 2207/916/2290
f 2170/921/2291 2169/917/2291 2194/918/2291
f 2171/924/2292 2170/921/2292 2195/922/2292
f 2172/926/2293 2171/924/2293 2196/925/2293
f 2173/928/2294 2172/926/2294 2197/927/2294
f 2160/930/2295 2159/1272/2295 2184/932/2295
f 2174/933/2296 2173/928/2296 2198/929/2296
f 2161/935/2297 2160/930/2297 2185/931/2297
f 2175/937/2298 2174/933/2298 2199/934/2298
f 2162/939/2299 2161/935/2299 2186/936/2299
f 2176/941/2300 2175/937/2300 2200/938/2300
f 2163/943/2301 2162/939/2301 2187/940/2301
f 2177/945/2302 2176/941/2302 2201/942/2302
f 2164/947/2303 2163/943/2303 2188/944/2303
f 2178/949/2304 2177/945/2304 2202/946/2304
f 2165/951/2305 2164/947/2305 2189/948/2305
f 2179/953/2306 2178/949/2306 2203/950/2306
f 2166/954/2307 2165/951/2307 2190/952/2307
f 2229/955/2308 2228/1003/2308 2253/957/2308
f 2216/958/2309 2215/1004/2309 2240/960/2309
f 2230/961/2310 2229/955/2310 2254/956/2310
f 2217/963/2311 2216/958/2311 2241/959/2311
f 2231/965/2312 2230/961/2312 2255/962/2312
f 2218/967/2313 2217/963/2313 2242/964/2313
f 2232/969/2314 2231/965/2314 2256/966/2314
f 2219/971/2315 2218/967/2315 2243/968/2315
f 2233/973/2316 2232/969/2316 2257/970/2316
f 2220/975/2317 2219/971/2317 2244/972/2317
f 2221/978/2318 2220/975/2318 2245/976/2318
f 2222/980/2319 2221/978/2319 2246/979/2319
f 2223/982/2320 2222/980/2320 2247/981/2320
f 2210/984/2321 2209/1273/2321 2234/986/2321
f 2224/987/2322 2223/982/2322 2248/983/2322
f 2211/989/2323 2210/984/2323 2235/985/2323
f 2225/991/2324 2224/987/2324 2249/988/2324
f 2212/993/2325 2211/989/2325 2236/990/2325
f 2226/995/2326 2225/991/2326 2250/992/2326
f 2213/997/2327 2212/993/2327 2237/994/2327
f 2227/999/2328 2226/995/2328 2251/996/2328
f 2214/1001/2329 2213/997/2329 2238/998/2329
f 2228/1003/2330 2227/999/2330 2252/1000/2330
f 2215/1004/2331 2214/1001/2331 2239/1002/2331
f 2278/1005/2332 2277/1053/2332 2302/1007/2332
f 2265/1008/2333 2264/1054/2333 2289/1010/2333
f 2279/1011/2334 2278/1005/2334 2303/1006/2334
f 2266/1013/2335 2265/1008/2335 2290/1009/2335
f 2280/1015/2336 2279/1011/2336 2304/1012/2336
f 2267/1017/2337 2266/1013/2337 2291/1014/2337
f 2281/1019/2338 2280/1015/2338 2305/1016/2338
f 2268/1021/2339 2267/1017/2339 2292/1018/2339
f 2282/1023/2340 2281/1019/2340 2306/1020/2340
f 2269/1025/2341 2268/1021/2341 2293/1022/2341
f 2283/1027/2342 2282/1023/2342 2307/1024/2342
f 2270/1029/2343 2269/1025/2343 2294/1026/2343
f 2271/1032/2344 2270/1029/2344 2295/1030/2344
f 2272/1034/2345 2271/1032/2345 2296/1033/2345
f 2273/1036/2346 2272/1034/2346 2297/1035/2346
f 2260/1038/2347 2259/1274/2347 2284/1040/2347
f 2274/1041/2348 2273/1036/2348 2298/1037/2348
f 2261/1043/2349 2260/1038/2349 2285/1039/2349
f 2275/1045/2350 2274/1041/2350 2299/1042/2350
f 2262/1047/2351 2261/1043/2351 2286/1044/2351
f 2276/1049/2352 2275/1045/2352 2300/1046/2352
f 2263/1051/2353 2262/1047/2353 2287/1048/2353
f 2277/1053/2354 2276/1049/2354 2301/1050/2354
f 2264/1054/2355 2263/1051/2355 2288/1052/2355
f 2327/1055/2356 2326/1103/2356 2351/1057/2356
f 2314/1058/2357 2313/1104/2357 2338/1060/2357
f 2328/1061/2358 2327/1055/2358 2352/1056/2358
f 2315/1063/2359 2314/1058/2359 2339/1059/2359
f 2329/1065/2360 2328/1061/2360 2353/1062/2360
f 2316/1067/2361 2315/1063/2361 2340/1064/2361
f 2330/1069/2362 2329/1065/2362 2354/1066/2362
f 2317/1071/2363 2316/1067/2363 2341/1068/2363
f 2331/1073/2364 2330/1069/2364 2355/1070/2364
f 2318/1075/2365 2317/1071/2365 2342/1072/2365
f 2332/1077/2366 2331/1073/2366 2356/1074/2366
f 2319/1079/2367 2318/1075/2367 2343/1076/2367
f 2333/1081/2368 2332/1077/2368 2357/1078/2368
f 2320/1083/2369 2319/1079/2369 2344/1080/2369
f 2321/1086/2370 2320/1083/2370 2345/1084/2370
f 2322/1088/2371 2321/1086/2371 2346/1087/2371
f 2323/1090/2372 2322/1088/2372 2347/1089/2372
f 2310/1092/2373 2309/1275/2373 2334/1094/2373
f 2324/1095/2374 2323/1090/2374 2348/1091/2374
f 2311/1097/2375 2310/1092/2375 2335/1093/2375
f 2325/1099/2376 2324/1095/2376 2349/1096/2376
f 2312/1101/2377 2311/1097/2377 2336/1098/2377
f 2326/1103/2378 2325/1099/2378 2350/1100/2378
f 2313/1104/2379 2312/1101/2379 2337/1102/2379
f 2376/1105/2380 2375/1153/2380 2400/1107/2380
f 2363/1108/2381 2362/1154/2381 2387/1110/2381
f 2377/1111/2382 2376/1105/2382 2401/1106/2382
f 2364/1113/2383 2363/1108/2383 2388/1109/2383
f 2378/1115/2384 2377/1111/2384 2402/1112/2384
f 2365/1117/2385 2364/1113/2385 2389/1114/2385
f 2379/1119/2386 2378/1115/2386 2403/1116/2386
f 2366/1121/2387 2365/1117/2387 2390/1118/2387
f 2380/1123/2388 2379/1119/2388 2404/1120/2388
f 2367/1125/2389 2366/1121/2389 2391/1122/2389
f 2381/1127/2390 2380/1123/2390 2405/1124/2390
f 2368/1129/2391 2367/1125/2391 2392/1126/2391
f 2382/1131/2392 2381/1127/2392 2406/1128/2392
f 2369/1133/2393 2368/1129/2393 2393/1130/2393
f 2383/1135/2394 2382/1131/2394 2407/1132/2394
f 2370/1137/2395 2369/1133/2395 2394/1134/2395
f 2371/1140/2396 2370/1137/2396 2395/1138/2396
f 2372/1142/2397 2371/1140/2397 2396/1141/2397
f 2373/1144/2398 2372/1142/2398 2397/1143/2398
f 2360/1146/2399 2359/1276/2399 2384/1148/2399
f 2374/1149/2400 2373/1144/2400 2398/1145/2400
f 2361/1151/2401 2360/1146/2401 2385/1147/2401
f 2375/1153/2402 2374/1149/2402 2399/1150/2402
f 2362/1154/2403 2361/1151/2403 2386/1152/2403
f 2425/1155/2404 2424/1203/2404 2449/1157/2404
f 2412/1158/2405 2411/1204/2405 2436/1160/2405
f 2426/1161/2406 2425/1155/2406 2450/1156/2406
f 2413/1163/2407 2412/1158/2407 2437/1159/2407
f 2427/1165/2408 2426/1161/2408 2451/1162/2408
f 2414/1167/2409 2413/1163/2409 2438/1164/2409
f 2428/1169/2410 2427/1165/2410 2452/1166/2410
f 2415/1171/2411 2414/1167/2411 2439/1168/2411
f 2429/1173/2412 2428/1169/2412 2453/1170/2412
f 2416/1175/2413 2415/1171/2413 2440/1172/2413
f 2430/1177/2414 2429/1173/2414 2454/1174/2414
f 2417/1179/2415 2416/1175/2415 2441/1176/2415
f 2431/1181/2416 2430/1177/2416 2455/1178/2416
f 2418/1183/2417 2417/1179/2417 2442/1180/2417
f 2432/1185/2418 2431/1181/2418 2456/1182/2418
f 2419/1187/2419 2418/1183/2419 2443/1184/2419
f 2433/1189/2420 2432/1185/2420 2457/1186/2420
f 2420/1191/2421 2419/1187/2421 2444/1188/2421
f 2421/1194/2422 2420/1191/2422 2445/1192/2422
f 2422/1196/2423 2421/1194/2423 2446/1195/2423
f 2423/1198/2424 2422/1196/2424 2447/1197/2424
f 2410/1200/2425 2409/1277/2425 2434/1202/2425
f 2424/1203/2426 2423/1198/2426 2448/1199/2426
f 2411/1204/2427 2410/1200/2427 2435/1201/2427
f 2477/1205/2428 2476/1253/2428 2499/1207/2428
f 2464/1208/2429 2463/1254/2429 2488/1210/2429
f 2478/1211/2430 2477/1205/2430 1256/1206/2430
f 2465/1213/2431 2464/1208/2431 2503/1209/2431
f 2479/1215/2432 2478/1211/2432 1257/1212/2432
f 2466/1217/2433 2465/1213/2433 2489/1214/2433
f 2480/1219/2434 2479/1215/2434 1258/1216/2434
f 2467/1221/2435 2466/1217/2435 2490/1218/2435
f 2481/1223/2436 2480/1219/2436 2502/1220/2436
f 2468/1225/2437 2467/1221/2437 2504/1222/2437
f 2482/1227/2438 2481/1223/2438 2505/1224/2438
f 2469/1229/2439 2468/1225/2439 2491/1226/2439
f 2483/1231/2440 2482/1227/2440 2500/1228/2440
f 2470/1233/2441 2469/1229/2441 2492/1230/2441
f 2471/1236/2442 2470/1233/2442 2493/1234/2442
f 2472/1238/2443 2471/1236/2443 2494/1237/2443
f 2473/1240/2444 2472/1238/2444 2495/1239/2444
f 2460/1242/2445 2459/1278/2445 2484/1244/2445
f 2474/1245/2446 2473/1240/2446 2496/1241/2446
f 2461/1247/2447 2460/1242/2447 2485/1243/2447
f 2475/1249/2448 2474/1245/2448 2497/1246/2448
f 2462/1251/2449 2461/1247/2449 2486/1248/2449
f 2476/1253/2450 2475/1249/2450 2498/1250/2450
f 2463/1254/2451 2462/1251/2451 2487/1252/2451
f 374/370/2452 1622/370/2452 375/368/2452
f 103/62/2453 1351/66/2453 1350/66/2453
f 944/910/2454 2192/909/2454 2191/909/2454
f 375/372/2455 1623/372/2455 376/370/2455
f 104/66/2456 1352/70/2456 1351/70/2456
f 945/909/2457 2193/914/2457 2192/914/2457
f 376/377/2458 1624/377/2458 377/372/2458
f 1212/1242/2459 2460/1242/2459 1213/1278/2459
f 105/70/2460 1353/74/2460 1352/74/2460
f 946/914/2461 2194/918/2461 2193/918/2461
f 377/381/2462 1625/381/2462 378/377/2462
f 1213/1247/2463 2461/1247/2463 1214/1242/2463
f 106/74/2464 1354/78/2464 1353/78/2464
f 947/918/2465 2195/922/2465 2194/922/2465
f 378/385/2466 1626/385/2466 379/381/2466
f 1214/1251/2467 2462/1251/2467 1215/1247/2467
f 107/78/2468 1355/82/2468 1354/82/2468
f 948/922/2469 2196/925/2469 2195/925/2469
f 379/389/2470 1627/389/2470 380/385/2470
f 1215/1254/2471 2463/1254/2471 1216/1251/2471
f 637/1267/2472 1859/1267/2472 612/638/2472
f 108/82/2473 1356/86/2473 1355/86/2473
f 949/925/2474 2197/927/2474 2196/927/2474
f 380/393/2475 1628/393/2475 381/389/2475
f 1216/1208/2476 2464/1208/2476 1217/1254/2476
f 109/86/2477 1357/90/2477 1356/90/2477
f 950/927/2478 2198/929/2478 2197/929/2478
f 381/397/2479 1629/397/2479 382/393/2479
f 1217/1213/2480 2465/1213/2480 1218/1208/2480
f 110/90/2481 1358/94/2481 1357/94/2481
f 951/929/2482 2199/934/2482 2198/934/2482
f 382/401/2483 1630/401/2483 383/397/2483
f 1218/1217/2484 2466/1217/2484 1219/1213/2484
f 952/934/2485 2200/938/2485 2199/938/2485
f 383/404/2486 1631/404/2486 384/401/2486
f 1219/1221/2487 2467/1221/2487 1220/1217/2487
f 953/938/2488 2201/942/2488 2200/942/2488
f 384/358/2489 1632/358/2489 385/404/2489
f 1220/1225/2490 2468/1225/2490 1221/1221/2490
f 954/942/2491 2202/946/2491 2201/946/2491
f 385/363/2492 1633/363/2492 386/358/2492
f 1221/1229/2493 2469/1229/2493 1222/1225/2493
f 955/946/2494 2203/950/2494 2202/950/2494
f 387/376/2495 1635/375/2495 1634/375/2495
f 1222/1233/2496 2470/1233/2496 1223/1229/2496
f 956/950/2497 2204/907/2497 2203/907/2497
f 388/375/2498 1636/380/2498 1635/380/2498
f 1223/1236/2499 2471/1236/2499 1224/1233/2499
f 957/907/2500 2205/906/2500 2204/906/2500
f 389/380/2501 1637/384/2501 1636/384/2501
f 1224/1238/2502 2472/1238/2502 1225/1236/2502
f 958/906/2503 2206/912/2503 2205/912/2503
f 390/384/2504 1638/388/2504 1637/388/2504
f 1225/1240/2505 2473/1240/2505 1226/1238/2505
f 662/690/2506 1910/690/2506 663/1268/2506
f 959/912/2507 2207/916/2507 2206/916/2507
f 391/388/2508 1639/392/2508 1638/392/2508
f 1226/1245/2509 2474/1245/2509 1227/1240/2509
f 663/695/2510 1911/695/2510 664/690/2510
f 960/916/2511 2208/920/2511 2207/920/2511
f 392/392/2512 1640/396/2512 1639/396/2512
f 1227/1249/2513 2475/1249/2513 1228/1245/2513
f 664/699/2514 1912/699/2514 665/695/2514
f 393/396/2515 1641/400/2515 1640/400/2515
f 1228/1253/2516 2476/1253/2516 1229/1249/2516
f 665/703/2517 1913/703/2517 666/699/2517
f 394/400/2518 1642/357/2518 1641/357/2518
f 1229/1205/2519 2477/1205/2519 1230/1253/2519
f 666/655/2520 1914/655/2520 667/703/2520
f 395/357/2521 1643/356/2521 1642/356/2521
f 1230/1211/2522 2478/1211/2522 1231/1205/2522
f 667/661/2523 1915/661/2523 668/655/2523
f 396/356/2524 1644/362/2524 1643/362/2524
f 1231/1215/2525 2479/1215/2525 1232/1211/2525
f 668/665/2526 1916/665/2526 669/661/2526
f 397/362/2527 1645/366/2527 1644/366/2527
f 1232/1219/2528 2480/1219/2528 1233/1215/2528
f 669/669/2529 1917/669/2529 670/665/2529
f 398/366/2530 1646/369/2530 1645/369/2530
f 1233/1223/2531 2481/1223/2531 1234/1219/2531
f 670/673/2532 1918/673/2532 671/669/2532
f 399/369/2533 1647/371/2533 1646/371/2533
f 1234/1227/2534 2482/1227/2534 1235/1223/2534
f 671/677/2535 1919/677/2535 672/673/2535
f 400/371/2536 1648/373/2536 1647/373/2536
f 1235/1231/2537 2483/1231/2537 1236/1227/2537
f 672/681/2538 1920/681/2538 673/677/2538
f 401/373/2539 1649/378/2539 1648/378/2539
f 1237/1244/2540 2485/1243/2540 2484/1243/2540
f 673/684/2541 1921/684/2541 674/681/2541
f 402/378/2542 1650/382/2542 1649/382/2542
f 1238/1243/2543 2486/1248/2543 2485/1248/2543
f 674/686/2544 1922/686/2544 675/684/2544
f 403/382/2545 1651/386/2545 1650/386/2545
f 1239/1248/2546 2487/1252/2546 2486/1252/2546
f 675/688/2547 1923/688/2547 676/686/2547
f 404/386/2548 1652/390/2548 1651/390/2548
f 1240/1252/2549 2488/1210/2549 2487/1210/2549
f 676/693/2550 1924/693/2550 677/688/2550
f 937/1272/2551 2159/1272/2551 912/932/2551
f 405/390/2552 1653/394/2552 1652/394/2552
f 1242/1214/2553 2490/1218/2553 2489/1218/2553
f 677/697/2554 1925/697/2554 678/693/2554
f 406/394/2555 1654/398/2555 1653/398/2555
f 1244/1226/2556 2492/1230/2556 2491/1230/2556
f 678/701/2557 1926/701/2557 679/697/2557
f 407/398/2558 1655/402/2558 1654/402/2558
f 1245/1230/2559 2493/1234/2559 2492/1234/2559
f 679/704/2560 1927/704/2560 680/701/2560
f 87/1256/2561 1309/1256/2561 62/104/2561
f 408/402/2562 1656/360/2562 1655/360/2562
f 1246/1234/2563 2494/1237/2563 2493/1237/2563
f 680/658/2564 1928/658/2564 681/704/2564
f 112/108/2565 1360/108/2565 113/1257/2565
f 409/360/2566 1657/359/2566 1656/359/2566
f 1247/1237/2567 2495/1239/2567 2494/1239/2567
f 681/663/2568 1929/663/2568 682/658/2568
f 113/113/2569 1361/113/2569 114/108/2569
f 410/359/2570 1658/364/2570 1657/364/2570
f 1248/1239/2571 2496/1241/2571 2495/1241/2571
f 682/667/2572 1930/667/2572 683/663/2572
f 114/117/2573 1362/117/2573 115/113/2573
f 1249/1241/2574 2497/1246/2574 2496/1246/2574
f 683/671/2575 1931/671/2575 684/667/2575
f 115/121/2576 1363/121/2576 116/117/2576
f 1250/1246/2577 2498/1250/2577 2497/1250/2577
f 684/675/2578 1932/675/2578 685/671/2578
f 116/125/2579 1364/125/2579 117/121/2579
f 1251/1250/2580 2499/1207/2580 2498/1207/2580
f 685/679/2581 1933/679/2581 686/675/2581
f 117/129/2582 1365/129/2582 118/125/2582
f 1254/1228/2583 2501/1232/2583 2500/1232/2583
f 687/692/2584 1935/691/2584 1934/691/2584
f 118/133/2585 1366/133/2585 119/129/2585
f 688/691/2586 1936/696/2586 1935/696/2586
f 119/137/2587 1367/137/2587 120/133/2587
f 689/696/2588 1937/700/2588 1936/700/2588
f 120/141/2589 1368/141/2589 121/137/2589
f 690/700/2590 1938/657/2590 1937/657/2590
f 121/145/2591 1369/145/2591 122/141/2591
f 962/984/2592 2210/984/2592 963/1273/2592
f 691/657/2593 1939/656/2593 1938/656/2593
f 122/149/2594 1370/149/2594 123/145/2594
f 963/989/2595 2211/989/2595 964/984/2595
f 692/656/2596 1940/662/2596 1939/662/2596
f 123/152/2597 1371/152/2597 124/149/2597
f 964/993/2598 2212/993/2598 965/989/2598
f 387/1262/2599 1609/1262/2599 362/376/2599
f 693/662/2600 1941/666/2600 1940/666/2600
f 124/154/2601 1372/154/2601 125/152/2601
f 965/997/2602 2213/997/2602 966/993/2602
f 694/666/2603 1942/670/2603 1941/670/2603
f 125/105/2604 1373/105/2604 126/154/2604
f 966/1001/2605 2214/1001/2605 967/997/2605
f 695/670/2606 1943/674/2606 1942/674/2606
f 126/111/2607 1374/111/2607 127/105/2607
f 967/1004/2608 2215/1004/2608 968/1001/2608
f 696/674/2609 1944/678/2609 1943/678/2609
f 127/115/2610 1375/115/2610 128/111/2610
f 968/958/2611 2216/958/2611 969/1004/2611
f 697/678/2612 1945/682/2612 1944/682/2612
f 128/119/2613 1376/119/2613 129/115/2613
f 969/963/2614 2217/963/2614 970/958/2614
f 698/682/2615 1946/685/2615 1945/685/2615
f 129/123/2616 1377/123/2616 130/119/2616
f 970/967/2617 2218/967/2617 971/963/2617
f 699/685/2618 1947/687/2618 1946/687/2618
f 130/127/2619 1378/127/2619 131/123/2619
f 971/971/2620 2219/971/2620 972/967/2620
f 1237/1278/2621 2459/1278/2621 1212/1244/2621
f 700/687/2622 1948/689/2622 1947/689/2622
f 131/131/2623 1379/131/2623 132/127/2623
f 972/975/2624 2220/975/2624 973/971/2624
f 701/689/2625 1949/694/2625 1948/694/2625
f 132/135/2626 1380/135/2626 133/131/2626
f 973/978/2627 2221/978/2627 974/975/2627
f 702/694/2628 1950/698/2628 1949/698/2628
f 133/139/2629 1381/139/2629 134/135/2629
f 974/980/2630 2222/980/2630 975/978/2630
f 703/698/2631 1951/702/2631 1950/702/2631
f 134/143/2632 1382/143/2632 135/139/2632
f 975/982/2633 2223/982/2633 976/980/2633
f 704/702/2634 1952/660/2634 1951/660/2634
f 135/147/2635 1383/147/2635 136/143/2635
f 976/987/2636 2224/987/2636 977/982/2636
f 705/660/2637 1953/659/2637 1952/659/2637
f 137/110/2638 1385/109/2638 1384/109/2638
f 977/991/2639 2225/991/2639 978/987/2639
f 706/659/2640 1954/664/2640 1953/664/2640
f 138/109/2641 1386/114/2641 1385/114/2641
f 978/995/2642 2226/995/2642 979/991/2642
f 1241/1210/2643 2503/1209/2643 2488/1209/2643
f 707/664/2644 1955/668/2644 1954/668/2644
f 139/114/2645 1387/118/2645 1386/118/2645
f 979/999/2646 2227/999/2646 980/995/2646
f 5/1209/2647 2489/1214/2647 2503/1214/2647
f 708/668/2648 1956/672/2648 1955/672/2648
f 140/118/2649 1388/122/2649 1387/122/2649
f 980/1003/2650 2228/1003/2650 981/999/2650
f 412/420/2651 1660/420/2651 413/1263/2651
f 1243/1218/2652 2504/1222/2652 2490/1222/2652
f 709/672/2653 1957/676/2653 1956/676/2653
f 141/122/2654 1389/126/2654 1388/126/2654
f 981/955/2655 2229/955/2655 982/1003/2655
f 413/425/2656 1661/425/2656 414/420/2656
f 6/1222/2657 2491/1226/2657 2504/1226/2657
f 710/676/2658 1958/680/2658 1957/680/2658
f 142/126/2659 1390/130/2659 1389/130/2659
f 982/961/2660 2230/961/2660 983/955/2660
f 414/429/2661 1662/429/2661 415/425/2661
f 1252/1207/2662 1256/1206/2662 2499/1206/2662
f 143/130/2663 1391/134/2663 1390/134/2663
f 983/965/2664 2231/965/2664 984/961/2664
f 415/433/2665 1663/433/2665 416/429/2665
f 9/1216/2666 2502/1220/2666 1258/1220/2666
f 144/134/2667 1392/138/2667 1391/138/2667
f 984/969/2668 2232/969/2668 985/965/2668
f 416/437/2669 1664/437/2669 417/433/2669
f 1253/1220/2670 2505/1224/2670 2502/1224/2670
f 145/138/2671 1393/142/2671 1392/142/2671
f 985/973/2672 2233/973/2672 986/969/2672
f 417/441/2673 1665/441/2673 418/437/2673
f 10/1224/2674 2500/1228/2674 2505/1228/2674
f 146/142/2675 1394/146/2675 1393/146/2675
f 987/986/2676 2235/985/2676 2234/985/2676
f 418/445/2677 1666/445/2677 419/441/2677
f 1255/1232/2678 2506/1235/2678 2501/1235/2678
f 147/146/2679 1395/150/2679 1394/150/2679
f 988/985/2680 2236/990/2680 2235/990/2680
f 419/449/2681 1667/449/2681 420/445/2681
f 36/43/2613 2506/43/2613 11/39/2613
f 148/150/2682 1396/153/2682 1395/153/2682
f 989/990/2683 2237/994/2683 2236/994/2683
f 420/453/2684 1668/453/2684 421/449/2684
f 61/40/2685 2506/43/2685 1308/43/2685
f 149/153/2686 1397/107/2686 1396/107/2686
f 990/994/2687 2238/998/2687 2237/998/2687
f 421/405/2688 1669/405/2688 422/453/2688
f 86/97/2689 2506/97/2689 11/93/2689
f 150/107/2690 1398/106/2690 1397/106/2690
f 991/998/2691 2239/1002/2691 2238/1002/2691
f 422/411/2692 1670/411/2692 423/405/2692
f 111/94/2693 2506/97/2693 1358/97/2693
f 151/106/2694 1399/112/2694 1398/112/2694
f 992/1002/2695 2240/960/2695 2239/960/2695
f 423/414/2696 1671/414/2696 424/411/2696
f 136/151/2697 2506/151/2697 11/147/2697
f 152/112/2698 1400/116/2698 1399/116/2698
f 993/960/2699 2241/959/2699 2240/959/2699
f 424/416/2700 1672/416/2700 425/414/2700
f 161/148/2701 2506/151/2701 1408/151/2701
f 153/116/2702 1401/120/2702 1400/120/2702
f 994/959/2703 2242/964/2703 2241/964/2703
f 425/418/2704 1673/418/2704 426/416/2704
f 186/203/2705 2506/203/2705 11/199/2705
f 154/120/2706 1402/124/2706 1401/124/2706
f 995/964/2707 2243/968/2707 2242/968/2707
f 426/423/2708 1674/423/2708 427/418/2708
f 211/200/2709 2506/203/2709 1458/203/2709
f 155/124/2710 1403/128/2710 1402/128/2710
f 996/968/2711 2244/972/2711 2243/972/2711
f 427/427/2712 1675/427/2712 428/423/2712
f 236/254/2713 2506/254/2713 11/251/2713
f 156/128/2714 1404/132/2714 1403/132/2714
f 997/972/2715 2245/976/2715 2244/976/2715
f 428/431/2716 1676/431/2716 429/427/2716
f 261/252/2717 2506/254/2717 1508/254/2717
f 157/132/2718 1405/136/2718 1404/136/2718
f 998/976/2719 2246/979/2719 2245/979/2719
f 429/435/2720 1677/435/2720 430/431/2720
f 286/258/2466 2506/258/2466 11/260/2466
f 158/136/2721 1406/140/2721 1405/140/2721
f 999/979/2452 2247/981/2452 2246/981/2452
f 430/439/2722 1678/439/2722 431/435/2722
f 311/259/2723 2506/258/2723 1558/258/2723
f 159/140/2724 1407/144/2724 1406/144/2724
f 1000/981/2455 2248/983/2455 2247/983/2455
f 431/443/2725 1679/443/2725 432/439/2725
f 336/313/2726 2506/313/2726 11/308/2726
f 687/1268/2727 1909/1268/2727 662/692/2727
f 160/144/2728 1408/148/2728 1407/148/2728
f 1001/983/2458 2249/988/2458 2248/988/2458
f 432/447/2729 1680/447/2729 433/443/2729
f 361/309/2730 2506/313/2730 1608/313/2730
f 1002/988/2462 2250/992/2462 2249/992/2462
f 433/451/2731 1681/451/2731 434/447/2731
f 386/367/2732 2506/367/2732 11/363/2732
f 1003/992/2466 2251/996/2466 2250/996/2466
f 434/454/2733 1682/454/2733 435/451/2733
f 411/364/2734 2506/367/2734 1658/367/2734
f 1004/996/2470 2252/1000/2470 2251/1000/2470
f 435/408/2735 1683/408/2735 436/454/2735
f 436/413/2736 2506/413/2736 11/408/2736
f 137/1257/2737 1359/1257/2737 112/110/2737
f 1005/1000/2475 2253/957/2475 2252/957/2475
f 437/422/2738 1685/421/2738 1684/421/2738
f 461/409/2739 2506/413/2739 1708/413/2739
f 1006/957/2479 2254/956/2479 2253/956/2479
f 438/421/2740 1686/426/2740 1685/426/2740
f 486/467/2741 2506/467/2741 11/463/2741
f 1007/956/2483 2255/962/2483 2254/962/2483
f 439/426/2742 1687/430/2742 1686/430/2742
f 511/464/2743 2506/467/2743 1758/467/2743
f 1008/962/2486 2256/966/2486 2255/966/2486
f 440/430/2744 1688/434/2744 1687/434/2744
f 536/521/2745 2506/521/2745 11/517/2745
f 712/744/2746 1960/744/2746 713/1269/2746
f 1009/966/2489 2257/970/2489 2256/970/2489
f 441/434/2747 1689/438/2747 1688/438/2747
f 561/518/2748 2506/521/2748 1808/521/2748
f 713/749/2749 1961/749/2749 714/744/2749
f 1010/970/2492 2258/974/2492 2257/974/2492
f 442/438/2750 1690/442/2750 1689/442/2750
f 586/575/2751 2506/575/2751 11/571/2751
f 714/753/2752 1962/753/2752 715/749/2752
f 443/442/2753 1691/446/2753 1690/446/2753
f 611/572/2631 2506/575/2631 1858/575/2631
f 715/705/2754 1963/705/2754 716/753/2754
f 444/446/2755 1692/450/2755 1691/450/2755
f 636/629/2678 2506/629/2678 11/625/2678
f 716/711/2756 1964/711/2756 717/705/2756
f 445/450/2757 1693/407/2757 1692/407/2757
f 661/626/2613 2506/629/2613 1908/629/2613
f 717/715/2758 1965/715/2758 718/711/2758
f 446/407/2759 1694/406/2759 1693/406/2759
f 686/683/2685 2506/683/2685 11/679/2685
f 718/719/2760 1966/719/2760 719/715/2760
f 447/406/2761 1695/412/2761 1694/412/2761
f 711/680/2689 2506/683/2689 1958/683/2689
f 719/723/2762 1967/723/2762 720/719/2762
f 448/412/2763 1696/415/2763 1695/415/2763
f 736/737/2693 2506/737/2693 11/733/2693
f 720/727/2764 1968/727/2764 721/723/2764
f 449/415/2765 1697/417/2765 1696/417/2765
f 761/734/2697 2506/737/2697 2008/737/2697
f 721/731/2766 1969/731/2766 722/727/2766
f 450/417/2767 1698/419/2767 1697/419/2767
f 786/791/2701 2506/791/2701 11/787/2701
f 722/735/2768 1970/735/2768 723/731/2768
f 451/419/2769 1699/424/2769 1698/424/2769
f 811/788/2705 2506/791/2705 2058/791/2705
f 723/738/2770 1971/738/2770 724/735/2770
f 452/424/2771 1700/428/2771 1699/428/2771
f 836/815/2709 2506/815/2709 11/811/2709
f 724/740/2772 1972/740/2772 725/738/2772
f 453/428/2773 1701/432/2773 1700/432/2773
f 861/812/2713 2506/815/2713 2108/815/2713
f 725/742/2774 1973/742/2774 726/740/2774
f 454/432/2775 1702/436/2775 1701/436/2775
f 886/869/2717 2506/869/2717 11/865/2717
f 726/747/2776 1974/747/2776 727/742/2776
f 455/436/2777 1703/440/2777 1702/440/2777
f 911/866/2466 2506/869/2466 2158/869/2466
f 727/751/2778 1975/751/2778 728/747/2778
f 456/440/2779 1704/444/2779 1703/444/2779
f 936/923/2723 2506/923/2723 11/919/2723
f 728/754/2453 1976/754/2453 729/751/2453
f 987/1273/2780 2209/1273/2780 962/986/2780
f 457/444/2781 1705/448/2781 1704/448/2781
f 961/920/2726 2506/923/2726 2208/923/2726
f 729/708/2456 1977/708/2456 730/754/2456
f 458/448/2782 1706/452/2782 1705/452/2782
f 986/977/2730 2506/977/2730 11/973/2730
f 730/713/2460 1978/713/2460 731/708/2460
f 162/160/2783 1410/160/2783 163/1258/2783
f 459/452/2784 1707/410/2784 1706/410/2784
f 1011/974/2732 2506/977/2732 2258/977/2732
f 731/717/2464 1979/717/2464 732/713/2464
f 163/165/2785 1411/165/2785 164/160/2785
f 460/410/2786 1708/409/2786 1707/409/2786
f 1036/1031/2734 2506/1031/2734 11/1027/2734
f 732/721/2468 1980/721/2468 733/717/2468
f 164/169/2787 1412/169/2787 165/165/2787
f 1061/1028/2736 2506/1031/2736 2308/1031/2736
f 733/725/2473 1981/725/2473 734/721/2473
f 165/173/2788 1413/173/2788 166/169/2788
f 1086/1085/2739 2506/1085/2739 11/1081/2739
f 734/729/2477 1982/729/2477 735/725/2477
f 166/177/2789 1414/177/2789 167/173/2789
f 1111/1082/2741 2506/1085/2741 2358/1085/2741
f 735/733/2481 1983/733/2481 736/729/2481
f 167/181/2790 1415/181/2790 168/177/2790
f 1136/1139/2743 2506/1139/2743 11/1135/2743
f 737/746/2565 1985/745/2565 1984/745/2565
f 168/185/2791 1416/185/2791 169/181/2791
f 1161/1136/2745 2506/1139/2745 2408/1139/2745
f 738/745/2569 1986/750/2569 1985/750/2569
f 169/189/2792 1417/189/2792 170/185/2792
f 1186/1193/2748 2506/1193/2748 11/1189/2748
f 739/750/2573 1987/707/2573 1986/707/2573
f 170/193/2793 1418/193/2793 171/189/2793
f 1211/1190/2751 2506/1193/2751 2458/1193/2751
f 740/707/2576 1988/706/2576 1987/706/2576
f 171/197/2794 1419/197/2794 172/193/2794
f 1012/1038/2495 2260/1038/2495 1013/1274/2495
f 437/1263/2795 1659/1263/2795 412/422/2795
f 1236/1235/2631 2506/1235/2631 11/1231/2631
f 741/706/2579 1989/712/2579 1988/712/2579
f 172/201/2796 1420/201/2796 173/197/2796
f 1013/1043/2797 2261/1043/2797 1014/1038/2797
f 742/712/2582 1990/716/2582 1989/716/2582
f 173/204/2798 1421/204/2798 174/201/2798
f 1014/1047/2501 2262/1047/2501 1015/1043/2501
f 743/716/2585 1991/720/2585 1990/720/2585
f 174/155/2799 1422/155/2799 175/204/2799
f 1015/1051/2800 2263/1051/2800 1016/1047/2800
f 744/720/2587 1992/724/2587 1991/724/2587
f 175/158/2801 1423/158/2801 176/155/2801
f 1016/1054/2508 2264/1054/2508 1017/1051/2508
f 745/724/2589 1993/728/2589 1992/728/2589
f 176/163/2802 1424/163/2802 177/158/2802
f 1017/1008/2803 2265/1008/2803 1018/1054/2803
f 746/728/2591 1994/732/2591 1993/732/2591
f 177/167/2804 1425/167/2804 178/163/2804
f 1018/1013/2515 2266/1013/2515 1019/1008/2515
f 747/732/2594 1995/736/2594 1994/736/2594
f 178/171/2805 1426/171/2805 179/167/2805
f 1019/1017/2518 2267/1017/2518 1020/1013/2518
f 748/736/2597 1996/739/2597 1995/739/2597
f 179/175/2806 1427/175/2806 180/171/2806
f 1020/1021/2521 2268/1021/2521 1021/1017/2521
f 749/739/2601 1997/741/2601 1996/741/2601
f 180/179/2807 1428/179/2807 181/175/2807
f 1021/1025/2524 2269/1025/2524 1022/1021/2524
f 750/741/2604 1998/743/2604 1997/743/2604
f 181/183/2808 1429/183/2808 182/179/2808
f 1022/1029/2527 2270/1029/2527 1023/1025/2527
f 751/743/2607 1999/748/2607 1998/748/2607
f 182/187/2809 1430/187/2809 183/183/2809
f 1023/1032/2530 2271/1032/2530 1024/1029/2530
f 752/748/2610 2000/752/2610 1999/752/2610
f 183/191/2810 1431/191/2810 184/187/2810
f 1024/1034/2533 2272/1034/2533 1025/1032/2533
f 753/752/2613 2001/710/2613 2000/710/2613
f 184/195/2811 1432/195/2811 185/191/2811
f 1025/1036/2536 2273/1036/2536 1026/1034/2536
f 754/710/2616 2002/709/2616 2001/709/2616
f 185/199/2812 1433/199/2812 186/195/2812
f 1026/1041/2539 2274/1041/2539 1027/1036/2539
f 755/709/2619 2003/714/2619 2002/714/2619
f 187/162/2813 1435/161/2813 1434/161/2813
f 1027/1045/2542 2275/1045/2542 1028/1041/2542
f 756/714/2623 2004/718/2623 2003/718/2623
f 188/161/2814 1436/166/2814 1435/166/2814
f 1028/1049/2545 2276/1049/2545 1029/1045/2545
f 757/718/2626 2005/722/2626 2004/722/2626
f 189/166/2815 1437/170/2815 1436/170/2815
f 1029/1053/2548 2277/1053/2548 1030/1049/2548
f 758/722/2629 2006/726/2629 2005/726/2629
f 190/170/2816 1438/174/2816 1437/174/2816
f 1030/1005/2552 2278/1005/2552 1031/1053/2552
f 462/474/2817 1710/474/2817 463/1264/2817
f 759/726/2632 2007/730/2632 2006/730/2632
f 191/174/2818 1439/178/2818 1438/178/2818
f 1031/1011/2555 2279/1011/2555 1032/1005/2555
f 463/479/2819 1711/479/2819 464/474/2819
f 760/730/2635 2008/734/2635 2007/734/2635
f 192/178/2820 1440/182/2820 1439/182/2820
f 1032/1015/2558 2280/1015/2558 1033/1011/2558
f 464/483/2821 1712/483/2821 465/479/2821
f 193/182/2822 1441/186/2822 1440/186/2822
f 1033/1019/2562 2281/1019/2562 1034/1015/2562
f 465/487/2823 1713/487/2823 466/483/2823
f 194/186/2824 1442/190/2824 1441/190/2824
f 1034/1023/2566 2282/1023/2566 1035/1019/2566
f 466/491/2825 1714/491/2825 467/487/2825
f 195/190/2826 1443/194/2826 1442/194/2826
f 1035/1027/2570 2283/1027/2570 1036/1023/2570
f 467/495/2827 1715/495/2827 468/491/2827
f 196/194/2828 1444/198/2828 1443/198/2828
f 1037/1040/2651 2285/1039/2651 2284/1039/2651
f 468/499/2829 1716/499/2829 469/495/2829
f 197/198/2830 1445/202/2830 1444/202/2830
f 1038/1039/2831 2286/1044/2831 2285/1044/2831
f 469/503/2832 1717/503/2832 470/499/2832
f 198/202/2833 1446/157/2833 1445/157/2833
f 1039/1044/2661 2287/1048/2661 2286/1048/2661
f 470/455/2834 1718/455/2834 471/503/2834
f 199/157/2835 1447/156/2835 1446/156/2835
f 1040/1048/2665 2288/1052/2665 2287/1052/2665
f 471/461/2836 1719/461/2836 472/455/2836
f 200/156/2837 1448/159/2837 1447/159/2837
f 1041/1052/2669 2289/1010/2669 2288/1010/2669
f 472/465/2838 1720/465/2838 473/461/2838
f 201/159/2839 1449/164/2839 1448/164/2839
f 1042/1010/2673 2290/1009/2673 2289/1009/2673
f 473/468/2840 1721/468/2840 474/465/2840
f 202/164/2841 1450/168/2841 1449/168/2841
f 1043/1009/2677 2291/1014/2677 2290/1014/2677
f 474/470/2842 1722/470/2842 475/468/2842
f 203/168/2693 1451/172/2693 1450/172/2693
f 1044/1014/2681 2292/1018/2681 2291/1018/2681
f 475/472/2843 1723/472/2843 476/470/2843
f 204/172/2844 1452/176/2844 1451/176/2844
f 1045/1018/2684 2293/1022/2684 2292/1022/2684
f 476/477/2845 1724/477/2845 477/472/2845
f 205/176/2846 1453/180/2846 1452/180/2846
f 1046/1022/2688 2294/1026/2688 2293/1026/2688
f 477/481/2847 1725/481/2847 478/477/2847
f 206/180/2848 1454/184/2848 1453/184/2848
f 1047/1026/2692 2295/1030/2692 2294/1030/2692
f 478/485/2849 1726/485/2849 479/481/2849
f 207/184/2850 1455/188/2850 1454/188/2850
f 1048/1030/2696 2296/1033/2696 2295/1033/2696
f 479/489/2851 1727/489/2851 480/485/2851
f 208/188/2852 1456/192/2852 1455/192/2852
f 1049/1033/2700 2297/1035/2700 2296/1035/2700
f 480/493/2853 1728/493/2853 481/489/2853
f 209/192/2854 1457/196/2854 1456/196/2854
f 1050/1035/2855 2298/1037/2855 2297/1037/2855
f 481/497/2856 1729/497/2856 482/493/2856
f 210/196/2857 1458/200/2857 1457/200/2857
f 1051/1037/2708 2299/1042/2708 2298/1042/2708
f 482/501/2858 1730/501/2858 483/497/2858
f 1052/1042/2712 2300/1046/2712 2299/1046/2712
f 483/504/2859 1731/504/2859 484/501/2859
f 737/1269/2860 1959/1269/2860 712/746/2860
f 1053/1046/2716 2301/1050/2716 2300/1050/2716
f 484/458/2861 1732/458/2861 485/504/2861
f 187/1258/2862 1409/1258/2862 162/162/2862
f 1054/1050/2720 2302/1007/2720 2301/1007/2720
f 485/463/2863 1733/463/2863 486/458/2863
f 1055/1007/2722 2303/1006/2722 2302/1006/2722
f 487/476/2864 1735/475/2864 1734/475/2864
f 1056/1006/2725 2304/1012/2725 2303/1012/2725
f 488/475/2865 1736/480/2865 1735/480/2865
f 1057/1012/2729 2305/1016/2729 2304/1016/2729
f 489/480/2866 1737/484/2866 1736/484/2866
f 1058/1016/2731 2306/1020/2731 2305/1020/2731
f 490/484/2867 1738/488/2867 1737/488/2867
f 762/798/2638 2010/798/2638 763/1270/2638
f 1059/1020/2733 2307/1024/2733 2306/1024/2733
f 491/488/2868 1739/492/2868 1738/492/2868
f 763/803/2641 2011/803/2641 764/798/2641
f 1060/1024/2735 2308/1028/2735 2307/1028/2735
f 492/492/2869 1740/496/2869 1739/496/2869
f 764/755/2645 2012/755/2645 765/803/2645
f 493/496/2870 1741/500/2870 1740/500/2870
f 765/761/2649 2013/761/2649 766/755/2649
f 494/500/2871 1742/457/2871 1741/457/2871
f 766/765/2654 2014/765/2654 767/761/2654
f 495/457/2872 1743/456/2872 1742/456/2872
f 767/769/2659 2015/769/2659 768/765/2659
f 496/456/2873 1744/462/2873 1743/462/2873
f 768/773/2663 2016/773/2663 769/769/2663
f 497/462/2874 1745/466/2874 1744/466/2874
f 769/777/2875 2017/777/2875 770/773/2875
f 498/466/2876 1746/469/2876 1745/469/2876
f 770/781/2671 2018/781/2671 771/777/2671
f 499/469/2877 1747/471/2877 1746/471/2877
f 771/785/2675 2019/785/2675 772/781/2675
f 500/471/2878 1748/473/2878 1747/473/2878
f 772/789/2679 2020/789/2679 773/785/2679
f 501/473/2879 1749/478/2879 1748/478/2879
f 773/792/2682 2021/792/2682 774/789/2682
f 502/478/2880 1750/482/2880 1749/482/2880
f 774/794/2686 2022/794/2686 775/792/2686
f 503/482/2881 1751/486/2881 1750/486/2881
f 775/796/2690 2023/796/2690 776/794/2690
f 504/486/2882 1752/490/2882 1751/490/2882
f 776/801/2694 2024/801/2694 777/796/2694
f 505/490/2883 1753/494/2883 1752/494/2883
f 777/804/2698 2025/804/2698 778/801/2698
f 506/494/2884 1754/498/2884 1753/498/2884
f 778/758/2702 2026/758/2702 779/804/2702
f 507/498/2885 1755/502/2885 1754/502/2885
f 779/763/2706 2027/763/2706 780/758/2706
f 508/502/2886 1756/460/2886 1755/460/2886
f 780/767/2710 2028/767/2710 781/763/2710
f 212/212/2887 1460/212/2887 213/1259/2887
f 1037/1274/2888 2259/1274/2888 1012/1040/2888
f 509/460/2889 1757/459/2889 1756/459/2889
f 781/771/2714 2029/771/2714 782/767/2714
f 213/217/2890 1461/217/2890 214/212/2890
f 510/459/2891 1758/464/2891 1757/464/2891
f 782/775/2718 2030/775/2718 783/771/2718
f 214/221/2892 1462/221/2892 215/217/2892
f 783/779/2721 2031/779/2721 784/775/2721
f 215/225/2893 1463/225/2893 216/221/2893
f 784/783/2724 2032/783/2724 785/779/2724
f 216/229/2894 1464/229/2894 217/225/2894
f 785/787/2728 2033/787/2728 786/783/2728
f 217/233/2895 1465/233/2895 218/229/2895
f 787/800/2783 2035/799/2783 2034/799/2783
f 218/237/2896 1466/237/2896 219/233/2896
f 788/799/2785 2036/757/2785 2035/757/2785
f 219/241/2897 1467/241/2897 220/237/2897
f 789/757/2787 2037/756/2787 2036/756/2787
f 220/245/2898 1468/245/2898 221/241/2898
f 790/756/2788 2038/762/2788 2037/762/2788
f 221/249/2899 1469/249/2899 222/245/2899
f 1062/1092/2738 2310/1092/2738 1063/1275/2738
f 791/762/2789 2039/766/2789 2038/766/2789
f 222/253/2900 1470/253/2900 223/249/2900
f 1063/1097/2740 2311/1097/2740 1064/1092/2740
f 792/766/2790 2040/770/2790 2039/770/2790
f 223/205/2901 1471/205/2901 224/253/2901
f 1064/1101/2742 2312/1101/2742 1065/1097/2742
f 487/1264/2902 1709/1264/2902 462/476/2902
f 793/770/2791 2041/774/2791 2040/774/2791
f 224/208/2903 1472/208/2903 225/205/2903
f 1065/1104/2744 2313/1104/2744 1066/1101/2744
f 794/774/2792 2042/778/2792 2041/778/2792
f 225/210/2904 1473/210/2904 226/208/2904
f 1066/1058/2747 2314/1058/2747 1067/1104/2747
f 795/778/2793 2043/782/2793 2042/782/2793
f 226/215/2905 1474/215/2905 227/210/2905
f 1067/1063/2750 2315/1063/2750 1068/1058/2750
f 796/782/2794 2044/786/2794 2043/786/2794
f 227/219/2906 1475/219/2906 228/215/2906
f 1068/1067/2753 2316/1067/2753 1069/1063/2753
f 797/786/2796 2045/790/2796 2044/790/2796
f 228/223/2907 1476/223/2907 229/219/2907
f 1069/1071/2755 2317/1071/2755 1070/1067/2755
f 798/790/2798 2046/793/2798 2045/793/2798
f 229/227/2908 1477/227/2908 230/223/2908
f 1070/1075/2757 2318/1075/2757 1071/1071/2757
f 799/793/2799 2047/795/2799 2046/795/2799
f 230/231/2909 1478/231/2909 231/227/2909
f 1071/1079/2759 2319/1079/2759 1072/1075/2759
f 800/795/2801 2048/797/2801 2047/797/2801
f 231/235/2910 1479/235/2910 232/231/2910
f 1072/1083/2761 2320/1083/2761 1073/1079/2761
f 801/797/2802 2049/802/2802 2048/802/2802
f 232/239/2911 1480/239/2911 233/235/2911
f 1073/1086/2763 2321/1086/2763 1074/1083/2763
f 802/802/2804 2050/760/2804 2049/760/2804
f 233/243/2912 1481/243/2912 234/239/2912
f 1074/1088/2765 2322/1088/2765 1075/1086/2765
f 803/760/2805 2051/759/2805 2050/759/2805
f 234/247/2913 1482/247/2913 235/243/2913
f 1075/1090/2767 2323/1090/2767 1076/1088/2767
f 804/759/2806 2052/764/2806 2051/764/2806
f 235/251/2914 1483/251/2914 236/247/2914
f 1076/1095/2769 2324/1095/2769 1077/1090/2769
f 805/764/2807 2053/768/2807 2052/768/2807
f 237/214/2915 1485/213/2915 1484/213/2915
f 1077/1099/2916 2325/1099/2916 1078/1095/2916
f 806/768/2808 2054/772/2808 2053/772/2808
f 238/213/2917 1486/218/2917 1485/218/2917
f 1078/1103/2773 2326/1103/2773 1079/1099/2773
f 807/772/2809 2055/776/2809 2054/776/2809
f 239/218/2918 1487/222/2918 1486/222/2918
f 1079/1055/2775 2327/1055/2775 1080/1103/2775
f 808/776/2810 2056/780/2810 2055/780/2810
f 240/222/2919 1488/226/2919 1487/226/2919
f 1080/1061/2777 2328/1061/2777 1081/1055/2777
f 512/528/2920 1760/528/2920 513/1265/2920
f 809/780/2811 2057/784/2811 2056/784/2811
f 241/226/2921 1489/230/2921 1488/230/2921
f 1081/1065/2779 2329/1065/2779 1082/1061/2779
f 513/533/2922 1761/533/2922 514/528/2922
f 810/784/2812 2058/788/2812 2057/788/2812
f 242/230/2923 1490/234/2923 1489/234/2923
f 1082/1069/2781 2330/1069/2781 1083/1065/2781
f 514/537/2924 1762/537/2924 515/533/2924
f 243/234/2925 1491/238/2925 1490/238/2925
f 1083/1073/2782 2331/1073/2782 1084/1069/2782
f 515/541/2926 1763/541/2926 516/537/2926
f 244/238/2927 1492/242/2927 1491/242/2927
f 1084/1077/2784 2332/1077/2784 1085/1073/2784
f 516/545/2928 1764/545/2928 517/541/2928
f 245/242/2929 1493/246/2929 1492/246/2929
f 1085/1081/2786 2333/1081/2786 1086/1077/2786
f 517/549/2930 1765/549/2930 518/545/2930
f 246/246/2931 1494/250/2931 1493/250/2931
f 1087/1094/2817 2335/1093/2817 2334/1093/2817
f 518/553/2932 1766/553/2932 519/549/2932
f 247/250/2933 1495/207/2933 1494/207/2933
f 1088/1093/2819 2336/1098/2819 2335/1098/2819
f 519/505/2934 1767/505/2934 520/553/2934
f 248/207/2935 1496/206/2935 1495/206/2935
f 1089/1098/2821 2337/1102/2821 2336/1102/2821
f 520/511/2936 1768/511/2936 521/505/2936
f 249/206/2937 1497/209/2937 1496/209/2937
f 1090/1102/2823 2338/1060/2823 2337/1060/2823
f 521/515/2938 1769/515/2938 522/511/2938
f 250/209/2939 1498/211/2939 1497/211/2939
f 1091/1060/2825 2339/1059/2825 2338/1059/2825
f 522/519/2940 1770/519/2940 523/515/2940
f 251/211/2941 1499/216/2941 1498/216/2941
f 1092/1059/2827 2340/1064/2827 2339/1064/2827
f 523/522/2942 1771/522/2942 524/519/2942
f 252/216/2943 1500/220/2943 1499/220/2943
f 1093/1064/2829 2341/1068/2829 2340/1068/2829
f 524/524/2944 1772/524/2944 525/522/2944
f 253/220/2701 1501/224/2701 1500/224/2701
f 1094/1068/2832 2342/1072/2832 2341/1072/2832
f 525/526/2945 1773/526/2945 526/524/2945
f 254/224/2946 1502/228/2946 1501/228/2946
f 1095/1072/2834 2343/1076/2834 2342/1076/2834
f 526/531/2947 1774/531/2947 527/526/2947
f 255/228/2948 1503/232/2948 1502/232/2948
f 1096/1076/2836 2344/1080/2836 2343/1080/2836
f 527/535/2949 1775/535/2949 528/531/2949
f 256/232/2950 1504/236/2950 1503/236/2950
f 1097/1080/2838 2345/1084/2838 2344/1084/2838
f 528/539/2951 1776/539/2951 529/535/2951
f 257/236/2952 1505/240/2952 1504/240/2952
f 1098/1084/2840 2346/1087/2840 2345/1087/2840
f 529/543/2953 1777/543/2953 530/539/2953
f 258/240/2954 1506/244/2954 1505/244/2954
f 1099/1087/2842 2347/1089/2842 2346/1089/2842
f 530/547/2955 1778/547/2955 531/543/2955
f 259/244/2956 1507/248/2956 1506/248/2956
f 1100/1089/2843 2348/1091/2843 2347/1091/2843
f 531/551/2957 1779/551/2957 532/547/2957
f 260/248/2958 1508/252/2958 1507/252/2958
f 1101/1091/2845 2349/1096/2845 2348/1096/2845
f 532/554/2959 1780/554/2959 533/551/2959
f 1102/1096/2847 2350/1100/2847 2349/1100/2847
f 533/508/2960 1781/508/2960 534/554/2960
f 1103/1100/2849 2351/1057/2849 2350/1057/2849
f 534/513/2961 1782/513/2961 535/508/2961
f 1104/1057/2851 2352/1056/2851 2351/1056/2851
f 535/517/2962 1783/517/2962 536/513/2962
f 787/1270/2963 2009/1270/2963 762/800/2963
f 237/1259/2964 1459/1259/2964 212/214/2964
f 1105/1056/2853 2353/1062/2853 2352/1062/2853
f 537/530/2965 1785/529/2965 1784/529/2965
f 1106/1062/2856 2354/1066/2856 2353/1066/2856
f 538/529/2966 1786/534/2966 1785/534/2966
f 1107/1066/2858 2355/1070/2858 2354/1070/2858
f 539/534/2967 1787/538/2967 1786/538/2967
f 1108/1070/2859 2356/1074/2859 2355/1074/2859
f 540/538/2968 1788/542/2968 1787/542/2968
f 812/822/2813 2060/822/2813 813/1271/2813
f 1109/1074/2861 2357/1078/2861 2356/1078/2861
f 541/542/2969 1789/546/2969 1788/546/2969
f 813/827/2814 2061/827/2814 814/822/2814
f 1110/1078/2863 2358/1082/2863 2357/1082/2863
f 542/546/2970 1790/550/2970 1789/550/2970
f 814/831/2815 2062/831/2815 815/827/2815
f 543/550/2971 1791/507/2971 1790/507/2971
f 815/835/2816 2063/835/2816 816/831/2816
f 544/507/2972 1792/506/2972 1791/506/2972
f 816/839/2818 2064/839/2818 817/835/2818
f 545/506/2973 1793/512/2973 1792/512/2973
f 817/843/2820 2065/843/2820 818/839/2820
f 546/512/2974 1794/516/2974 1793/516/2974
f 818/847/2822 2066/847/2822 819/843/2822
f 547/516/2975 1795/520/2975 1794/520/2975
f 819/851/2824 2067/851/2824 820/847/2824
f 548/520/2976 1796/523/2976 1795/523/2976
f 820/854/2826 2068/854/2826 821/851/2826
f 549/523/2977 1797/525/2977 1796/525/2977
f 821/808/2828 2069/808/2828 822/854/2828
f 550/525/2978 1798/527/2978 1797/527/2978
f 822/813/2830 2070/813/2830 823/808/2830
f 551/527/2979 1799/532/2979 1798/532/2979
f 823/816/2833 2071/816/2833 824/813/2833
f 552/532/2980 1800/536/2980 1799/536/2980
f 824/818/2835 2072/818/2835 825/816/2835
f 553/536/2981 1801/540/2981 1800/540/2981
f 825/820/2837 2073/820/2837 826/818/2837
f 554/540/2982 1802/544/2982 1801/544/2982
f 826/825/2839 2074/825/2839 827/820/2839
f 555/544/2983 1803/548/2983 1802/548/2983
f 827/829/2841 2075/829/2841 828/825/2841
f 556/548/2984 1804/552/2984 1803/552/2984
f 828/833/2693 2076/833/2693 829/829/2693
f 557/552/2985 1805/510/2985 1804/510/2985
f 829/837/2844 2077/837/2844 830/833/2844
f 558/510/2986 1806/509/2986 1805/509/2986
f 830/841/2846 2078/841/2846 831/837/2846
f 262/267/2987 1510/267/2987 263/1260/2987
f 559/509/2988 1807/514/2988 1806/514/2988
f 831/845/2848 2079/845/2848 832/841/2848
f 263/272/2989 1511/272/2989 264/267/2989
f 560/514/2990 1808/518/2990 1807/518/2990
f 832/849/2850 2080/849/2850 833/845/2850
f 264/276/2991 1512/276/2991 265/272/2991
f 1087/1275/2992 2309/1275/2992 1062/1094/2992
f 833/853/2852 2081/853/2852 834/849/2852
f 265/280/2993 1513/280/2993 266/276/2993
f 834/805/2854 2082/805/2854 835/853/2854
f 266/284/2994 1514/284/2994 267/280/2994
f 835/811/2857 2083/811/2857 836/805/2857
f 267/288/2995 1515/288/2995 268/284/2995
f 837/824/2887 2085/823/2887 2084/823/2887
f 268/292/2996 1516/292/2996 269/288/2996
f 838/823/2890 2086/828/2890 2085/828/2890
f 269/296/2997 1517/296/2997 270/292/2997
f 839/828/2892 2087/832/2892 2086/832/2892
f 270/300/2998 1518/300/2998 271/296/2998
f 840/832/2893 2088/836/2893 2087/836/2893
f 271/304/2999 1519/304/2999 272/300/2999
f 1112/1146/2864 2360/1146/2864 1113/1276/2864
f 841/836/2894 2089/840/2894 2088/840/2894
f 272/255/3000 1520/255/3000 273/304/3000
f 1113/1151/3001 2361/1151/3001 1114/1146/3001
f 842/840/2895 2090/844/2895 2089/844/2895
f 273/261/3002 1521/261/3002 274/255/3002
f 1114/1154/2866 2362/1154/2866 1115/1151/2866
f 843/844/2896 2091/848/2896 2090/848/2896
f 274/263/3003 1522/263/3003 275/261/3003
f 1115/1108/2867 2363/1108/2867 1116/1154/2867
f 844/848/2897 2092/852/2897 2091/852/2897
f 275/265/3004 1523/265/3004 276/263/3004
f 1116/1113/2868 2364/1113/2868 1117/1108/2868
f 537/1265/3005 1759/1265/3005 512/530/3005
f 845/852/2898 2093/810/2898 2092/810/2898
f 276/270/3006 1524/270/3006 277/265/3006
f 1117/1117/2869 2365/1117/2869 1118/1113/2869
f 846/810/2899 2094/809/2899 2093/809/2899
f 277/274/3007 1525/274/3007 278/270/3007
f 1118/1121/2870 2366/1121/2870 1119/1117/2870
f 847/809/2900 2095/814/2900 2094/814/2900
f 278/278/3008 1526/278/3008 279/274/3008
f 1119/1125/2871 2367/1125/2871 1120/1121/2871
f 848/814/2901 2096/817/2901 2095/817/2901
f 279/282/3009 1527/282/3009 280/278/3009
f 1120/1129/2872 2368/1129/2872 1121/1125/2872
f 849/817/2903 2097/819/2903 2096/819/2903
f 280/286/3010 1528/286/3010 281/282/3010
f 1121/1133/2873 2369/1133/2873 1122/1129/2873
f 850/819/3011 2098/821/3011 2097/821/3011
f 281/290/3012 1529/290/3012 282/286/3012
f 1122/1137/2874 2370/1137/2874 1123/1133/2874
f 851/821/2905 2099/826/2905 2098/826/2905
f 282/294/3013 1530/294/3013 283/290/3013
f 1123/1140/3014 2371/1140/3014 1124/1137/3014
f 852/826/2906 2100/830/2906 2099/830/2906
f 283/298/3015 1531/298/3015 284/294/3015
f 1124/1142/3016 2372/1142/3016 1125/1140/3016
f 853/830/2907 2101/834/2907 2100/834/2907
f 284/302/3017 1532/302/3017 285/298/3017
f 1125/1144/2878 2373/1144/2878 1126/1142/2878
f 854/834/2908 2102/838/2908 2101/838/2908
f 285/260/3018 1533/260/3018 286/302/3018
f 1126/1149/2879 2374/1149/2879 1127/1144/2879
f 855/838/3019 2103/842/3019 2102/842/3019
f 287/269/3020 1535/268/3020 1534/268/3020
f 1127/1153/2880 2375/1153/2880 1128/1149/2880
f 856/842/2910 2104/846/2910 2103/846/2910
f 288/268/3021 1536/273/3021 1535/273/3021
f 1128/1105/2881 2376/1105/2881 1129/1153/2881
f 857/846/2911 2105/850/2911 2104/850/2911
f 289/273/3022 1537/277/3022 1536/277/3022
f 1129/1111/2882 2377/1111/2882 1130/1105/2882
f 858/850/2912 2106/807/2912 2105/807/2912
f 290/277/3023 1538/281/3023 1537/281/3023
f 1130/1115/2883 2378/1115/2883 1131/1111/2883
f 562/582/3024 1810/582/3024 563/1266/3024
f 859/807/2913 2107/806/2913 2106/806/2913
f 291/281/3025 1539/285/3025 1538/285/3025
f 1131/1119/2884 2379/1119/2884 1132/1115/2884
f 563/587/3026 1811/587/3026 564/582/3026
f 860/806/2914 2108/812/2914 2107/812/2914
f 292/285/3027 1540/289/3027 1539/289/3027
f 1132/1123/2885 2380/1123/2885 1133/1119/2885
f 564/591/3028 1812/591/3028 565/587/3028
f 293/289/3029 1541/293/3029 1540/293/3029
f 1133/1127/2886 2381/1127/2886 1134/1123/2886
f 565/595/3030 1813/595/3030 566/591/3030
f 294/293/3031 1542/297/3031 1541/297/3031
f 1134/1131/2889 2382/1131/2889 1135/1127/2889
f 566/599/3032 1814/599/3032 567/595/3032
f 295/297/3033 1543/301/3033 1542/301/3033
f 1135/1135/2891 2383/1135/2891 1136/1131/2891
f 567/603/3034 1815/603/3034 568/599/3034
f 296/301/3035 1544/257/3035 1543/257/3035
f 1137/1148/2920 2385/1147/2920 2384/1147/2920
f 568/555/3036 1816/555/3036 569/603/3036
f 297/257/3037 1545/256/3037 1544/256/3037
f 1138/1147/2922 2386/1152/2922 2385/1152/2922
f 569/561/3038 1817/561/3038 570/555/3038
f 298/256/3039 1546/262/3039 1545/262/3039
f 1139/1152/3040 2387/1110/3040 2386/1110/3040
f 570/565/3041 1818/565/3041 571/561/3041
f 299/262/3042 1547/264/3042 1546/264/3042
f 1140/1110/2926 2388/1109/2926 2387/1109/2926
f 571/569/3043 1819/569/3043 572/565/3043
f 300/264/3044 1548/266/3044 1547/266/3044
f 1141/1109/2928 2389/1114/2928 2388/1114/2928
f 572/573/3045 1820/573/3045 573/569/3045
f 837/1271/3046 2059/1271/3046 812/824/3046
f 301/266/3047 1549/271/3047 1548/271/3047
f 1142/1114/2930 2390/1118/2930 2389/1118/2930
f 573/576/3048 1821/576/3048 574/573/3048
f 302/271/3049 1550/275/3049 1549/275/3049
f 574/578/3050 1822/578/3050 575/576/3050
f 303/275/3051 1551/279/3051 1550/279/3051
f 575/580/3052 1823/580/3052 576/578/3052
f 304/279/3053 1552/283/3053 1551/283/3053
f 576/585/3054 1824/585/3054 577/580/3054
f 305/283/3055 1553/287/3055 1552/287/3055
f 577/589/3056 1825/589/3056 578/585/3056
f 306/287/3057 1554/291/3057 1553/291/3057
f 578/593/2741 1826/593/2741 579/589/2741
f 7/1206/3058 1257/1212/3058 1256/1212/3058
f 307/291/3059 1555/295/3059 1554/295/3059
f 1143/1118/2932 2391/1122/2932 2390/1122/2932
f 579/597/3060 1827/597/3060 580/593/3060
f 8/1212/3061 1258/1216/3061 1257/1216/3061
f 308/295/3062 1556/299/3062 1555/299/3062
f 1144/1122/2934 2392/1126/2934 2391/1126/2934
f 580/601/3063 1828/601/3063 581/597/3063
f 12/50/3064 1260/50/3064 13/1255/3064
f 309/299/3065 1557/303/3065 1556/303/3065
f 1145/1126/2936 2393/1130/2936 2392/1130/2936
f 581/604/3066 1829/604/3066 582/601/3066
f 13/54/3067 1261/54/3067 14/50/3067
f 310/303/3068 1558/259/3068 1557/259/3068
f 1146/1130/2938 2394/1134/2938 2393/1134/2938
f 582/558/3069 1830/558/3069 583/604/3069
f 14/8/3070 1262/8/3070 15/54/3070
f 1147/1134/2940 2395/1138/2940 2394/1138/2940
f 583/563/3071 1831/563/3071 584/558/3071
f 15/13/3072 1263/13/3072 16/8/3072
f 1148/1138/2942 2396/1141/2942 2395/1141/2942
f 584/567/3073 1832/567/3073 585/563/3073
f 16/17/3074 1264/17/3074 17/13/3074
f 1149/1141/2944 2397/1143/2944 2396/1143/2944
f 585/571/3075 1833/571/3075 586/567/3075
f 17/21/3076 1265/21/3076 18/17/3076
f 1150/1143/2945 2398/1145/2945 2397/1145/2945
f 587/584/2459 1835/583/2459 1834/583/2459
f 18/25/3077 1266/25/3077 19/21/3077
f 1151/1145/2947 2399/1150/2947 2398/1150/2947
f 588/583/2463 1836/588/2463 1835/588/2463
f 19/29/3078 1267/29/3078 20/25/3078
f 287/1260/3079 1509/1260/3079 262/269/3079
f 1152/1150/2949 2400/1107/2949 2399/1107/2949
f 589/588/2467 1837/592/2467 1836/592/2467
f 20/33/3080 1268/33/3080 21/29/3080
f 1153/1107/2951 2401/1106/2951 2400/1106/2951
f 590/592/2471 1838/596/2471 1837/596/2471
f 21/37/3081 1269/37/3081 22/33/3081
f 862/876/2915 2110/876/2915 863/683/2915
f 1154/1106/2953 2402/1112/2953 2401/1112/2953
f 591/596/2476 1839/600/2476 1838/600/2476
f 22/41/3082 1270/41/3082 23/37/3082
f 863/881/2917 2111/881/2917 864/876/2917
f 1155/1112/2955 2403/1116/2955 2402/1116/2955
f 592/600/2480 1840/557/2480 1839/557/2480
f 23/44/3083 1271/44/3083 24/41/3083
f 864/885/3084 2112/885/3084 865/881/3084
f 1156/1116/2957 2404/1120/2957 2403/1120/2957
f 593/557/3085 1841/556/3085 1840/556/3085
f 24/46/3086 1272/46/3086 25/44/3086
f 865/889/2919 2113/889/2919 866/885/2919
f 1157/1120/2959 2405/1124/2959 2404/1124/2959
f 594/556/2487 1842/562/2487 1841/562/2487
f 25/48/3087 1273/48/3087 26/46/3087
f 866/893/2921 2114/893/2921 867/889/2921
f 1158/1124/2960 2406/1128/2960 2405/1128/2960
f 595/562/2490 1843/566/2490 1842/566/2490
f 26/53/3088 1274/53/3088 27/48/3088
f 867/897/3089 2115/897/3089 868/893/3089
f 1159/1128/2961 2407/1132/2961 2406/1132/2961
f 596/566/2493 1844/570/2493 1843/570/2493
f 27/5/3090 1275/5/3090 28/53/3090
f 868/901/2925 2116/901/2925 869/897/2925
f 1160/1132/2962 2408/1136/2962 2407/1136/2962
f 597/570/2496 1845/574/2496 1844/574/2496
f 28/11/2748 1276/11/2748 29/5/2748
f 869/904/2927 2117/904/2927 870/901/2927
f 598/574/2499 1846/577/2499 1845/577/2499
f 29/15/3091 1277/15/3091 30/11/3091
f 870/858/2929 2118/858/2929 871/904/2929
f 599/577/2502 1847/579/2502 1846/579/2502
f 30/19/3092 1278/19/3092 31/15/3092
f 871/863/2931 2119/863/2931 872/858/2931
f 600/579/2505 1848/581/2505 1847/581/2505
f 31/23/3093 1279/23/3093 32/19/3093
f 872/867/2933 2120/867/2933 873/863/2933
f 601/581/2509 1849/586/2509 1848/586/2509
f 32/27/3094 1280/27/3094 33/23/3094
f 873/870/2935 2121/870/2935 874/867/2935
f 602/586/2513 1850/590/2513 1849/590/2513
f 33/31/3095 1281/31/3095 34/27/3095
f 874/872/2937 2122/872/2937 875/870/2937
f 603/590/2516 1851/594/2516 1850/594/2516
f 34/35/3096 1282/35/3096 35/31/3096
f 875/874/2939 2123/874/2939 876/872/2939
f 604/594/2519 1852/598/2519 1851/598/2519
f 35/39/3097 1283/39/3097 36/35/3097
f 876/879/2941 2124/879/2941 877/874/2941
f 605/598/2522 1853/602/2522 1852/602/2522
f 37/52/2506 1285/51/2506 1284/51/2506
f 877/883/2943 2125/883/2943 878/879/2943
f 606/602/2525 1854/560/2525 1853/560/2525
f 38/51/2510 1286/10/2510 1285/10/2510
f 878/887/2701 2126/887/2701 879/883/2701
f 607/560/2528 1855/559/2528 1854/559/2528
f 39/10/2514 1287/9/2514 1286/9/2514
f 879/891/2946 2127/891/2946 880/887/2946
f 608/559/2531 1856/564/2531 1855/564/2531
f 40/9/2517 1288/14/2517 1287/14/2517
f 880/895/2948 2128/895/2948 881/891/2948
f 312/320/3098 1560/320/3098 313/1261/3098
f 609/564/2534 1857/568/2534 1856/568/2534
f 41/14/2520 1289/18/2520 1288/18/2520
f 881/899/2950 2129/899/2950 882/895/2950
f 313/325/3099 1561/325/3099 314/320/3099
f 610/568/2537 1858/572/2537 1857/572/2537
f 42/18/2523 1290/22/2523 1289/22/2523
f 882/903/2952 2130/903/2952 883/899/2952
f 314/329/3100 1562/329/3100 315/325/3100
f 43/22/2526 1291/26/2526 1290/26/2526
f 883/855/2954 2131/855/2954 884/903/2954
f 315/333/3101 1563/333/3101 316/329/3101
f 44/26/2529 1292/30/2529 1291/30/2529
f 884/861/2956 2132/861/2956 885/855/2956
f 316/337/3102 1564/337/3102 317/333/3102
f 45/30/2532 1293/34/2532 1292/34/2532
f 885/865/2958 2133/865/2958 886/861/2958
f 317/341/3103 1565/341/3103 318/337/3103
f 46/34/2535 1294/38/2535 1293/38/2535
f 887/878/2987 2135/877/2987 2134/877/2987
f 318/345/3104 1566/345/3104 319/341/3104
f 47/38/2538 1295/42/2538 1294/42/2538
f 888/877/2989 2136/882/2989 2135/882/2989
f 319/349/2454 1567/349/2454 320/345/2454
f 48/42/2541 1296/45/2541 1295/45/2541
f 889/882/2991 2137/886/2991 2136/886/2991
f 320/353/2457 1568/353/2457 321/349/2457
f 49/45/2544 1297/47/2544 1296/47/2544
f 890/886/2993 2138/890/2993 2137/890/2993
f 321/305/2461 1569/305/2461 322/353/2461
f 1137/1276/3105 2359/1276/3105 1112/1148/3105
f 50/47/2547 1298/49/2547 1297/49/2547
f 891/890/2994 2139/894/2994 2138/894/2994
f 322/311/2465 1570/311/2465 323/305/2465
f 51/49/2550 1299/7/2550 1298/7/2550
f 892/894/2995 2140/898/2995 2139/898/2995
f 323/314/2469 1571/314/2469 324/311/2469
f 52/7/2554 1300/6/2554 1299/6/2554
f 893/898/2996 2141/902/2996 2140/902/2996
f 324/316/2474 1572/316/2474 325/314/2474
f 53/6/2557 1301/12/2557 1300/12/2557
f 894/902/2997 2142/860/2997 2141/860/2997
f 325/318/2478 1573/318/2478 326/316/2478
f 54/12/2560 1302/16/2560 1301/16/2560
f 895/860/2998 2143/859/2998 2142/859/2998
f 326/323/2482 1574/323/2482 327/318/2482
f 1162/1200/2965 2410/1200/2965 1163/1277/2965
f 55/16/2564 1303/20/2564 1302/20/2564
f 896/859/2999 2144/864/2999 2143/864/2999
f 327/327/2485 1575/327/2485 328/323/2485
f 1163/1204/2966 2411/1204/2966 1164/1200/2966
f 587/1266/3106 1809/1266/3106 562/584/3106
f 56/20/2568 1304/24/2568 1303/24/2568
f 897/864/3000 2145/868/3000 2144/868/3000
f 328/331/2488 1576/331/2488 329/327/2488
f 1164/1158/2967 2412/1158/2967 1165/1204/2967
f 57/24/2572 1305/28/2572 1304/28/2572
f 898/868/3002 2146/871/3002 2145/871/3002
f 329/335/2491 1577/335/2491 330/331/2491
f 1165/1163/2968 2413/1163/2968 1166/1158/2968
f 58/28/2575 1306/32/2575 1305/32/2575
f 899/871/3003 2147/873/3003 2146/873/3003
f 330/339/2494 1578/339/2494 331/335/2494
f 1166/1167/2969 2414/1167/2969 1167/1163/2969
f 59/32/2578 1307/36/2578 1306/36/2578
f 900/873/3004 2148/875/3004 2147/875/3004
f 331/343/2497 1579/343/2497 332/339/2497
f 1167/1171/2970 2415/1171/2970 1168/1167/2970
f 60/36/2581 1308/40/2581 1307/40/2581
f 901/875/3006 2149/880/3006 2148/880/3006
f 332/347/2500 1580/347/2500 333/343/2500
f 1168/1175/2971 2416/1175/2971 1169/1171/2971
f 902/880/3007 2150/884/3007 2149/884/3007
f 333/351/2503 1581/351/2503 334/347/2503
f 1169/1179/2972 2417/1179/2972 1170/1175/2972
f 903/884/3008 2151/888/3008 2150/888/3008
f 334/354/2507 1582/354/2507 335/351/2507
f 1170/1183/2973 2418/1183/2973 1171/1179/2973
f 904/888/3009 2152/892/3009 2151/892/3009
f 335/308/2511 1583/308/2511 336/354/2511
f 1171/1187/2974 2419/1187/2974 1172/1183/2974
f 905/892/3010 2153/896/3010 2152/896/3010
f 337/322/3107 1585/321/3107 1584/321/3107
f 1172/1191/2975 2420/1191/2975 1173/1187/2975
f 906/896/3012 2154/900/3012 2153/900/3012
f 338/321/2595 1586/326/2595 1585/326/2595
f 1173/1194/2976 2421/1194/2976 1174/1191/2976
f 907/900/3013 2155/857/3013 2154/857/3013
f 339/326/2598 1587/330/2598 1586/330/2598
f 1174/1196/2977 2422/1196/2977 1175/1194/2977
f 908/857/3015 2156/856/3015 2155/856/3015
f 340/330/2602 1588/334/2602 1587/334/2602
f 1175/1198/2978 2423/1198/2978 1176/1196/2978
f 612/636/2540 1860/636/2540 613/1267/2540
f 909/856/3017 2157/862/3017 2156/862/3017
f 341/334/2605 1589/338/2605 1588/338/2605
f 1176/1203/2979 2424/1203/2979 1177/1198/2979
f 613/641/3108 1861/641/3108 614/636/3108
f 910/862/3018 2158/866/3018 2157/866/3018
f 342/338/2608 1590/342/2608 1589/342/2608
f 1177/1155/2980 2425/1155/2980 1178/1203/2980
f 614/645/2546 1862/645/2546 615/641/2546
f 343/342/2611 1591/346/2611 1590/346/2611
f 1178/1161/2981 2426/1161/2981 1179/1155/2981
f 615/649/3109 1863/649/3109 616/645/3109
f 344/346/2614 1592/350/2614 1591/350/2614
f 1179/1165/2982 2427/1165/2982 1180/1161/2982
f 616/653/2643 1864/653/2643 617/649/2643
f 345/350/2617 1593/307/2617 1592/307/2617
f 1180/1169/2983 2428/1169/2983 1181/1165/2983
f 617/605/3110 1865/605/3110 618/653/3110
f 346/307/2620 1594/306/2620 1593/306/2620
f 1181/1173/2984 2429/1173/2984 1182/1169/2984
f 618/611/2553 1866/611/2553 619/605/2553
f 347/306/2624 1595/312/2624 1594/312/2624
f 1182/1177/2985 2430/1177/2985 1183/1173/2985
f 619/615/2652 1867/615/2652 620/611/2652
f 348/312/3111 1596/315/3111 1595/315/3111
f 1183/1181/2986 2431/1181/2986 1184/1177/2986
f 620/619/2657 1868/619/2657 621/615/2657
f 349/315/2630 1597/317/2630 1596/317/2630
f 1184/1185/2988 2432/1185/2988 1185/1181/2988
f 621/623/2556 1869/623/2556 622/619/2556
f 350/317/2633 1598/319/2633 1597/319/2633
f 1185/1189/2990 2433/1189/2990 1186/1185/2990
f 622/627/2559 1870/627/2559 623/623/2559
f 351/319/2636 1599/324/2636 1598/324/2636
f 1187/1202/3024 2435/1201/3024 2434/1201/3024
f 623/630/2563 1871/630/2563 624/627/2563
f 352/324/2639 1600/328/2639 1599/328/2639
f 1188/1201/3026 2436/1160/3026 2435/1160/3026
f 624/632/2567 1872/632/2567 625/630/2567
f 887/683/3112 2109/683/3112 862/878/3112
f 353/328/2642 1601/332/2642 1600/332/2642
f 1189/1160/3028 2437/1159/3028 2436/1159/3028
f 625/634/2571 1873/634/2571 626/632/2571
f 354/332/2646 1602/336/2646 1601/336/2646
f 1190/1159/3030 2438/1164/3030 2437/1164/3030
f 626/639/2574 1874/639/2574 627/634/2574
f 355/336/2650 1603/340/2650 1602/340/2650
f 1191/1164/3032 2439/1168/3032 2438/1168/3032
f 627/643/2577 1875/643/2577 628/639/2577
f 37/1255/3113 1259/1255/3113 12/52/3113
f 356/340/2655 1604/344/2655 1603/344/2655
f 1192/1168/3034 2440/1172/3034 2439/1172/3034
f 628/647/2580 1876/647/2580 629/643/2580
f 357/344/2660 1605/348/2660 1604/348/2660
f 1193/1172/3036 2441/1176/3036 2440/1176/3036
f 629/651/2662 1877/651/2662 630/647/2662
f 358/348/2664 1606/352/2664 1605/352/2664
f 1194/1176/3038 2442/1180/3038 2441/1180/3038
f 630/654/3058 1878/654/3058 631/651/3058
f 62/103/2584 1310/103/2584 63/1256/2584
f 359/352/2668 1607/310/2668 1606/310/2668
f 1195/1180/3041 2443/1184/3041 2442/1184/3041
f 631/608/3061 1879/608/3061 632/654/3061
f 63/58/2586 1311/58/2586 64/103/2586
f 360/310/2672 1608/309/2672 1607/309/2672
f 1196/1184/3043 2444/1188/3043 2443/1188/3043
f 632/613/2666 1880/613/2666 633/608/2666
f 64/63/2588 1312/63/2588 65/58/2588
f 1197/1188/3045 2445/1192/3045 2444/1192/3045
f 633/617/2670 1881/617/2670 634/613/2670
f 65/67/2590 1313/67/2590 66/63/2590
f 1198/1192/3048 2446/1195/3048 2445/1195/3048
f 634/621/2674 1882/621/2674 635/617/2674
f 66/71/2593 1314/71/2593 67/67/2593
f 1199/1195/3050 2447/1197/3050 2446/1197/3050
f 635/625/2583 1883/625/2583 636/621/2583
f 67/75/2596 1315/75/2596 68/71/2596
f 1200/1197/3052 2448/1199/3052 2447/1199/3052
f 637/638/3064 1885/637/3064 1884/637/3064
f 68/79/2600 1316/79/2600 69/75/2600
f 1201/1199/3054 2449/1157/3054 2448/1157/3054
f 638/637/3067 1886/642/3067 1885/642/3067
f 69/83/2603 1317/83/2603 70/79/2603
f 1202/1157/3056 2450/1156/3056 2449/1156/3056
f 639/642/3070 1887/646/3070 1886/646/3070
f 70/87/2606 1318/87/2606 71/83/2606
f 1203/1156/2741 2451/1162/2741 2450/1162/2741
f 640/646/3072 1888/650/3072 1887/650/3072
f 71/91/2609 1319/91/2609 72/87/2609
f 912/930/3020 2160/930/3020 913/1272/3020
f 337/1261/3114 1559/1261/3114 312/322/3114
f 1204/1162/3060 2452/1166/3060 2451/1166/3060
f 641/650/3115 1889/607/3115 1888/607/3115
f 72/95/2612 1320/95/2612 73/91/2612
f 913/935/3021 2161/935/3021 914/930/3021
f 1205/1166/3063 2453/1170/3063 2452/1170/3063
f 642/607/3076 1890/606/3076 1889/606/3076
f 73/98/2615 1321/98/2615 74/95/2615
f 914/939/3022 2162/939/3022 915/935/3022
f 1206/1170/3066 2454/1174/3066 2453/1174/3066
f 643/606/3077 1891/612/3077 1890/612/3077
f 74/100/2618 1322/100/2618 75/98/2618
f 915/943/3023 2163/943/3023 916/939/3023
f 1207/1174/3069 2455/1178/3069 2454/1178/3069
f 644/612/3078 1892/616/3078 1891/616/3078
f 75/102/2622 1323/102/2622 76/100/2622
f 916/947/3116 2164/947/3116 917/943/3116
f 1208/1178/3071 2456/1182/3071 2455/1182/3071
f 645/616/3080 1893/620/3080 1892/620/3080
f 76/55/2625 1324/55/2625 77/102/2625
f 917/951/3027 2165/951/3027 918/947/3027
f 1209/1182/3073 2457/1186/3073 2456/1186/3073
f 646/620/3081 1894/624/3081 1893/624/3081
f 77/61/2628 1325/61/2628 78/55/2628
f 918/954/3029 2166/954/3029 919/951/3029
f 1210/1186/3075 2458/1190/3075 2457/1190/3075
f 647/624/3082 1895/628/3082 1894/628/3082
f 78/65/2631 1326/65/2631 79/61/2631
f 919/908/3031 2167/908/3031 920/954/3031
f 648/628/3083 1896/631/3083 1895/631/3083
f 79/69/2634 1327/69/2634 80/65/2634
f 920/913/3033 2168/913/3033 921/908/3033
f 649/631/3086 1897/633/3086 1896/633/3086
f 80/73/2637 1328/73/2637 81/69/2637
f 921/917/3035 2169/917/3035 922/913/3035
f 650/633/3087 1898/635/3087 1897/635/3087
f 81/77/2640 1329/77/2640 82/73/2640
f 922/921/3037 2170/921/3037 923/917/3037
f 651/635/3088 1899/640/3088 1898/640/3088
f 82/81/2644 1330/81/2644 83/77/2644
f 923/924/3039 2171/924/3039 924/921/3039
f 652/640/3090 1900/644/3090 1899/644/3090
f 83/85/2648 1331/85/2648 84/81/2648
f 924/926/3042 2172/926/3042 925/924/3042
f 653/644/2748 1901/648/2748 1900/648/2748
f 84/89/2653 1332/89/2653 85/85/2653
f 925/928/3044 2173/928/3044 926/926/3044
f 654/648/3091 1902/652/3091 1901/652/3091
f 85/93/2658 1333/93/2658 86/89/2658
f 926/933/3047 2174/933/3047 927/928/3047
f 655/652/3092 1903/610/3092 1902/610/3092
f 87/104/2746 1335/60/2746 1334/60/2746
f 927/937/3049 2175/937/3049 928/933/3049
f 656/610/3093 1904/609/3093 1903/609/3093
f 88/60/2749 1336/59/2749 1335/59/2749
f 928/941/3051 2176/941/3051 929/937/3051
f 657/609/3094 1905/614/3094 1904/614/3094
f 89/59/2752 1337/64/2752 1336/64/2752
f 929/945/3053 2177/945/3053 930/941/3053
f 658/614/3095 1906/618/3095 1905/618/3095
f 90/64/2754 1338/68/2754 1337/68/2754
f 930/949/3055 2178/949/3055 931/945/3055
f 362/374/2676 1610/374/2676 363/1262/2676
f 659/618/3096 1907/622/3096 1906/622/3096
f 91/68/2756 1339/72/2756 1338/72/2756
f 931/953/3057 2179/953/3057 932/949/3057
f 363/379/2680 1611/379/2680 364/374/2680
f 660/622/3097 1908/626/3097 1907/626/3097
f 92/72/2758 1340/76/2758 1339/76/2758
f 932/905/3059 2180/905/3059 933/953/3059
f 364/383/2683 1612/383/2683 365/379/2683
f 93/76/3117 1341/80/3117 1340/80/3117
f 933/911/3062 2181/911/3062 934/905/3062
f 365/387/2687 1613/387/2687 366/383/2687
f 94/80/2762 1342/84/2762 1341/84/2762
f 934/915/3065 2182/915/3065 935/911/3065
f 366/391/2691 1614/391/2691 367/387/2691
f 95/84/2764 1343/88/2764 1342/88/2764
f 935/919/3068 2183/919/3068 936/915/3068
f 367/395/2695 1615/395/2695 368/391/2695
f 96/88/2766 1344/92/2766 1343/92/2766
f 937/932/3098 2185/931/3098 2184/931/3098
f 368/399/2699 1616/399/2699 369/395/2699
f 97/92/2768 1345/96/2768 1344/96/2768
f 938/931/3099 2186/936/3099 2185/936/3099
f 369/403/2703 1617/403/2703 370/399/2703
f 98/96/3118 1346/99/3118 1345/99/3118
f 939/936/3100 2187/940/3100 2186/940/3100
f 370/355/2707 1618/355/2707 371/403/2707
f 99/99/2772 1347/101/2772 1346/101/2772
f 940/940/3101 2188/944/3101 2187/944/3101
f 371/361/3119 1619/361/3119 372/355/3119
f 100/101/2774 1348/57/2774 1347/57/2774
f 941/944/3102 2189/948/3102 2188/948/3102
f 372/365/2715 1620/365/2715 373/361/2715
f 101/57/3120 1349/56/3120 1348/56/3120
f 942/948/3103 2190/952/3103 2189/952/3103
f 373/368/2719 1621/368/2719 374/365/2719
f 1187/1277/3121 2409/1277/3121 1162/1202/3121
f 102/56/2778 1350/62/2778 1349/62/2778
f 943/952/3104 2191/910/3104 2190/910/3104
f 374/370/2452 1621/368/2452 1622/368/2452
f 103/62/2453 104/66/2453 1351/62/2453
f 944/910/2454 945/909/2454 2192/910/2454
f 375/372/2455 1622/370/2455 1623/370/2455
f 104/66/2456 105/70/2456 1352/66/2456
f 945/909/2457 946/914/2457 2193/909/2457
f 376/377/2458 1623/372/2458 1624/372/2458
f 1212/1242/2459 2459/1278/2459 2460/1278/2459
f 105/70/2460 106/74/2460 1353/70/2460
f 946/914/2461 947/918/2461 2194/914/2461
f 377/381/2462 1624/377/2462 1625/377/2462
f 1213/1247/2463 2460/1242/2463 2461/1242/2463
f 106/74/2464 107/78/2464 1354/74/2464
f 947/918/2465 948/922/2465 2195/918/2465
f 378/385/2466 1625/381/2466 1626/381/2466
f 1214/1251/2467 2461/1247/2467 2462/1247/2467
f 107/78/2468 108/82/2468 1355/78/2468
f 948/922/2469 949/925/2469 2196/922/2469
f 379/389/2470 1626/385/2470 1627/385/2470
f 1215/1254/2471 2462/1251/2471 2463/1251/2471
f 637/1267/2472 1884/638/2472 1859/638/2472
f 108/82/2473 109/86/2473 1356/82/2473
f 949/925/2474 950/927/2474 2197/925/2474
f 380/393/2475 1627/389/2475 1628/389/2475
f 1216/1208/2476 2463/1254/2476 2464/1254/2476
f 109/86/2477 110/90/2477 1357/86/2477
f 950/927/2478 951/929/2478 2198/927/2478
f 381/397/2479 1628/393/2479 1629/393/2479
f 1217/1213/2480 2464/1208/2480 2465/1208/2480
f 110/90/2481 111/94/2481 1358/90/2481
f 951/929/2482 952/934/2482 2199/929/2482
f 382/401/2483 1629/397/2483 1630/397/2483
f 1218/1217/2484 2465/1213/2484 2466/1213/2484
f 952/934/2485 953/938/2485 2200/934/2485
f 383/404/2486 1630/401/2486 1631/401/2486
f 1219/1221/2487 2466/1217/2487 2467/1217/2487
f 953/938/2488 954/942/2488 2201/938/2488
f 384/358/2489 1631/404/2489 1632/404/2489
f 1220/1225/2490 2467/1221/2490 2468/1221/2490
f 954/942/2491 955/946/2491 2202/942/2491
f 385/363/2492 1632/358/2492 1633/358/2492
f 1221/1229/2493 2468/1225/2493 2469/1225/2493
f 955/946/2494 956/950/2494 2203/946/2494
f 387/376/2495 388/375/2495 1635/376/2495
f 1222/1233/2496 2469/1229/2496 2470/1229/2496
f 956/950/2497 957/907/2497 2204/950/2497
f 388/375/2797 389/380/2797 1636/375/2797
f 1223/1236/2499 2470/1233/2499 2471/1233/2499
f 957/907/2500 958/906/2500 2205/907/2500
f 389/380/2501 390/384/2501 1637/380/2501
f 1224/1238/2502 2471/1236/2502 2472/1236/2502
f 958/906/2503 959/912/2503 2206/906/2503
f 390/384/2800 391/388/2800 1638/384/2800
f 1225/1240/2505 2472/1238/2505 2473/1238/2505
f 662/690/2506 1909/1268/2506 1910/1268/2506
f 959/912/2507 960/916/2507 2207/912/2507
f 391/388/2508 392/392/2508 1639/388/2508
f 1226/1245/2509 2473/1240/2509 2474/1240/2509
f 663/695/2510 1910/690/2510 1911/690/2510
f 960/916/2511 961/920/2511 2208/916/2511
f 392/392/2512 393/396/2512 1640/392/2512
f 1227/1249/2513 2474/1245/2513 2475/1245/2513
f 664/699/2514 1911/695/2514 1912/695/2514
f 393/396/2515 394/400/2515 1641/396/2515
f 1228/1253/2516 2475/1249/2516 2476/1249/2516
f 665/703/2517 1912/699/2517 1913/699/2517
f 394/400/2518 395/357/2518 1642/400/2518
f 1229/1205/2519 2476/1253/2519 2477/1253/2519
f 666/655/2520 1913/703/2520 1914/703/2520
f 395/357/2521 396/356/2521 1643/357/2521
f 1230/1211/2522 2477/1205/2522 2478/1205/2522
f 667/661/2523 1914/655/2523 1915/655/2523
f 396/356/2524 397/362/2524 1644/356/2524
f 1231/1215/2525 2478/1211/2525 2479/1211/2525
f 668/665/2526 1915/661/2526 1916/661/2526
f 397/362/2527 398/366/2527 1645/362/2527
f 1232/1219/2528 2479/1215/2528 2480/1215/2528
f 669/669/2529 1916/665/2529 1917/665/2529
f 398/366/2530 399/369/2530 1646/366/2530
f 1233/1223/2531 2480/1219/2531 2481/1219/2531
f 670/673/2532 1917/669/2532 1918/669/2532
f 399/369/2533 400/371/2533 1647/369/2533
f 1234/1227/2534 2481/1223/2534 2482/1223/2534
f 671/677/2535 1918/673/2535 1919/673/2535
f 400/371/2536 401/373/2536 1648/371/2536
f 1235/1231/2537 2482/1227/2537 2483/1227/2537
f 672/681/2538 1919/677/2538 1920/677/2538
f 401/373/2539 402/378/2539 1649/373/2539
f 1237/1244/2540 1238/1243/2540 2485/1244/2540
f 673/684/2541 1920/681/2541 1921/681/2541
f 402/378/2542 403/382/2542 1650/378/2542
f 1238/1243/2543 1239/1248/2543 2486/1243/2543
f 674/686/2544 1921/684/2544 1922/684/2544
f 403/382/2545 404/386/2545 1651/382/2545
f 1239/1248/2546 1240/1252/2546 2487/1248/2546
f 675/688/2547 1922/686/2547 1923/686/2547
f 404/386/2548 405/390/2548 1652/386/2548
f 1240/1252/2549 1241/1210/2549 2488/1252/2549
f 676/693/2550 1923/688/2550 1924/688/2550
f 937/1272/2551 2184/932/2551 2159/932/2551
f 405/390/2552 406/394/2552 1653/390/2552
f 1242/1214/2553 1243/1218/2553 2490/1214/2553
f 677/697/2554 1924/693/2554 1925/693/2554
f 406/394/2555 407/398/2555 1654/394/2555
f 1244/1226/2556 1245/1230/2556 2492/1226/2556
f 678/701/2557 1925/697/2557 1926/697/2557
f 407/398/2558 408/402/2558 1655/398/2558
f 1245/1230/2559 1246/1234/2559 2493/1230/2559
f 679/704/2560 1926/701/2560 1927/701/2560
f 87/1256/2561 1334/104/2561 1309/104/2561
f 408/402/2562 409/360/2562 1656/402/2562
f 1246/1234/2563 1247/1237/2563 2494/1234/2563
f 680/658/2564 1927/704/2564 1928/704/2564
f 112/108/2565 1359/1257/2565 1360/1257/2565
f 409/360/2566 410/359/2566 1657/360/2566
f 1247/1237/2567 1248/1239/2567 2495/1237/2567
f 681/663/2568 1928/658/2568 1929/658/2568
f 113/113/2569 1360/108/2569 1361/108/2569
f 410/359/2570 411/364/2570 1658/359/2570
f 1248/1239/2571 1249/1241/2571 2496/1239/2571
f 682/667/2572 1929/663/2572 1930/663/2572
f 114/117/2573 1361/113/2573 1362/113/2573
f 1249/1241/2574 1250/1246/2574 2497/1241/2574
f 683/671/2575 1930/667/2575 1931/667/2575
f 115/121/2576 1362/117/2576 1363/117/2576
f 1250/1246/2577 1251/1250/2577 2498/1246/2577
f 684/675/2578 1931/671/2578 1932/671/2578
f 116/125/2579 1363/121/2579 1364/121/2579
f 1251/1250/2580 1252/1207/2580 2499/1250/2580
f 685/679/2581 1932/675/2581 1933/675/2581
f 117/129/2582 1364/125/2582 1365/125/2582
f 1254/1228/2583 1255/1232/2583 2501/1228/2583
f 687/692/2584 688/691/2584 1935/692/2584
f 118/133/2585 1365/129/2585 1366/129/2585
f 688/691/2586 689/696/2586 1936/691/2586
f 119/137/2587 1366/133/2587 1367/133/2587
f 689/696/2588 690/700/2588 1937/696/2588
f 120/141/2589 1367/137/2589 1368/137/2589
f 690/700/2590 691/657/2590 1938/700/2590
f 121/145/2591 1368/141/2591 1369/141/2591
f 962/984/3107 2209/1273/3107 2210/1273/3107
f 691/657/2593 692/656/2593 1939/657/2593
f 122/149/2594 1369/145/2594 1370/145/2594
f 963/989/2595 2210/984/2595 2211/984/2595
f 692/656/2596 693/662/2596 1940/656/2596
f 123/152/2597 1370/149/2597 1371/149/2597
f 964/993/2598 2211/989/2598 2212/989/2598
f 387/1262/2599 1634/376/2599 1609/376/2599
f 693/662/2600 694/666/2600 1941/662/2600
f 124/154/2601 1371/152/2601 1372/152/2601
f 965/997/2602 2212/993/2602 2213/993/2602
f 694/666/2603 695/670/2603 1942/666/2603
f 125/105/2604 1372/154/2604 1373/154/2604
f 966/1001/2605 2213/997/2605 2214/997/2605
f 695/670/2606 696/674/2606 1943/670/2606
f 126/111/2607 1373/105/2607 1374/105/2607
f 967/1004/2608 2214/1001/2608 2215/1001/2608
f 696/674/2609 697/678/2609 1944/674/2609
f 127/115/2610 1374/111/2610 1375/111/2610
f 968/958/2611 2215/1004/2611 2216/1004/2611
f 697/678/2612 698/682/2612 1945/678/2612
f 128/119/2613 1375/115/2613 1376/115/2613
f 969/963/2614 2216/958/2614 2217/958/2614
f 698/682/2615 699/685/2615 1946/682/2615
f 129/123/2616 1376/119/2616 1377/119/2616
f 970/967/2617 2217/963/2617 2218/963/2617
f 699/685/2618 700/687/2618 1947/685/2618
f 130/127/2619 1377/123/2619 1378/123/2619
f 971/971/2620 2218/967/2620 2219/967/2620
f 1237/1278/2621 2484/1244/2621 2459/1244/2621
f 700/687/2622 701/689/2622 1948/687/2622
f 131/131/2623 1378/127/2623 1379/127/2623
f 972/975/2624 2219/971/2624 2220/971/2624
f 701/689/2625 702/694/2625 1949/689/2625
f 132/135/2626 1379/131/2626 1380/131/2626
f 973/978/2627 2220/975/2627 2221/975/2627
f 702/694/2628 703/698/2628 1950/694/2628
f 133/139/2629 1380/135/2629 1381/135/2629
f 974/980/2630 2221/978/2630 2222/978/2630
f 703/698/2631 704/702/2631 1951/698/2631
f 134/143/2632 1381/139/2632 1382/139/2632
f 975/982/2633 2222/980/2633 2223/980/2633
f 704/702/2634 705/660/2634 1952/702/2634
f 135/147/2635 1382/143/2635 1383/143/2635
f 976/987/2636 2223/982/2636 2224/982/2636
f 705/660/2637 706/659/2637 1953/660/2637
f 137/110/2638 138/109/2638 1385/110/2638
f 977/991/2639 2224/987/2639 2225/987/2639
f 706/659/2640 707/664/2640 1954/659/2640
f 138/109/2641 139/114/2641 1386/109/2641
f 978/995/2642 2225/991/2642 2226/991/2642
f 1241/1210/2643 5/1209/2643 2503/1210/2643
f 707/664/2644 708/668/2644 1955/664/2644
f 139/114/3122 140/118/3122 1387/114/3122
f 979/999/2646 2226/995/2646 2227/995/2646
f 5/1209/2647 1242/1214/2647 2489/1209/2647
f 708/668/2648 709/672/2648 1956/668/2648
f 140/118/2649 141/122/2649 1388/118/2649
f 980/1003/2650 2227/999/2650 2228/999/2650
f 412/420/2651 1659/1263/2651 1660/1263/2651
f 1243/1218/2652 6/1222/2652 2504/1218/2652
f 709/672/2653 710/676/2653 1957/672/2653
f 141/122/2654 142/126/2654 1389/122/2654
f 981/955/2655 2228/1003/2655 2229/1003/2655
f 413/425/2831 1660/420/2831 1661/420/2831
f 6/1222/2657 1244/1226/2657 2491/1222/2657
f 710/676/2658 711/680/2658 1958/676/2658
f 142/126/2659 143/130/2659 1390/126/2659
f 982/961/2660 2229/955/2660 2230/955/2660
f 414/429/2661 1661/425/2661 1662/425/2661
f 1252/1207/2662 7/1206/2662 1256/1207/2662
f 143/130/2663 144/134/2663 1391/130/2663
f 983/965/2664 2230/961/2664 2231/961/2664
f 415/433/2665 1662/429/2665 1663/429/2665
f 9/1216/3123 1253/1220/3123 2502/1216/3123
f 144/134/2875 145/138/2875 1392/134/2875
f 984/969/2668 2231/965/2668 2232/965/2668
f 416/437/2669 1663/433/2669 1664/433/2669
f 1253/1220/2670 10/1224/2670 2505/1220/2670
f 145/138/2671 146/142/2671 1393/138/2671
f 985/973/3124 2232/969/3124 2233/969/3124
f 417/441/2673 1664/437/2673 1665/437/2673
f 10/1224/2674 1254/1228/2674 2500/1224/2674
f 146/142/2675 147/146/2675 1394/142/2675
f 987/986/2676 988/985/2676 2235/986/2676
f 418/445/2677 1665/441/2677 1666/441/2677
f 1255/1232/2678 11/1235/2678 2506/1232/2678
f 147/146/2679 148/150/2679 1395/146/2679
f 988/985/2680 989/990/2680 2236/985/2680
f 419/449/2681 1666/445/2681 1667/445/2681
f 36/43/2613 1283/39/2613 2506/39/2613
f 148/150/2682 149/153/2682 1396/150/2682
f 989/990/2683 990/994/2683 2237/990/2683
f 420/453/2684 1667/449/2684 1668/449/2684
f 61/40/2685 11/43/2685 2506/40/2685
f 149/153/2686 150/107/2686 1397/153/2686
f 990/994/2687 991/998/2687 2238/994/2687
f 421/405/2688 1668/453/2688 1669/453/2688
f 86/97/2689 1333/93/2689 2506/93/2689
f 150/107/2690 151/106/2690 1398/107/2690
f 991/998/2691 992/1002/2691 2239/998/2691
f 422/411/2692 1669/405/2692 1670/405/2692
f 111/94/2693 11/97/2693 2506/94/2693
f 151/106/2694 152/112/2694 1399/106/2694
f 992/1002/2695 993/960/2695 2240/1002/2695
f 423/414/2696 1670/411/2696 1671/411/2696
f 136/151/2697 1383/147/2697 2506/147/2697
f 152/112/2698 153/116/2698 1400/112/2698
f 993/960/2699 994/959/2699 2241/960/2699
f 424/416/2700 1671/414/2700 1672/414/2700
f 161/148/2701 11/151/2701 2506/148/2701
f 153/116/2702 154/120/2702 1401/116/2702
f 994/959/2703 995/964/2703 2242/959/2703
f 425/418/2704 1672/416/2704 1673/416/2704
f 186/203/2705 1433/199/2705 2506/199/2705
f 154/120/2706 155/124/2706 1402/120/2706
f 995/964/2707 996/968/2707 2243/964/2707
f 426/423/2708 1673/418/2708 1674/418/2708
f 211/200/2709 11/203/2709 2506/200/2709
f 155/124/2710 156/128/2710 1403/124/2710
f 996/968/2711 997/972/2711 2244/968/2711
f 427/427/2712 1674/423/2712 1675/423/2712
f 236/254/2713 1483/251/2713 2506/251/2713
f 156/128/2714 157/132/2714 1404/128/2714
f 997/972/2715 998/976/2715 2245/972/2715
f 428/431/2716 1675/427/2716 1676/427/2716
f 261/252/2717 11/254/2717 2506/252/2717
f 157/132/2718 158/136/2718 1405/132/2718
f 998/976/2719 999/979/2719 2246/976/2719
f 429/435/2720 1676/431/2720 1677/431/2720
f 286/258/2466 1533/260/2466 2506/260/2466
f 158/136/2721 159/140/2721 1406/136/2721
f 999/979/2452 1000/981/2452 2247/979/2452
f 430/439/2722 1677/435/2722 1678/435/2722
f 311/259/2723 11/258/2723 2506/259/2723
f 159/140/2724 160/144/2724 1407/140/2724
f 1000/981/2455 1001/983/2455 2248/981/2455
f 431/443/2725 1678/439/2725 1679/439/2725
f 336/313/2726 1583/308/2726 2506/308/2726
f 687/1268/2727 1934/692/2727 1909/692/2727
f 160/144/2728 161/148/2728 1408/144/2728
f 1001/983/2458 1002/988/2458 2249/983/2458
f 432/447/2729 1679/443/2729 1680/443/2729
f 361/309/2730 11/313/2730 2506/309/2730
f 1002/988/2462 1003/992/2462 2250/988/2462
f 433/451/2731 1680/447/2731 1681/447/2731
f 386/367/2732 1633/363/2732 2506/363/2732
f 1003/992/2466 1004/996/2466 2251/992/2466
f 434/454/2733 1681/451/2733 1682/451/2733
f 411/364/2734 11/367/2734 2506/364/2734
f 1004/996/2470 1005/1000/2470 2252/996/2470
f 435/408/2735 1682/454/2735 1683/454/2735
f 436/413/2736 1683/408/2736 2506/408/2736
f 137/1257/2737 1384/110/2737 1359/110/2737
f 1005/1000/2475 1006/957/2475 2253/1000/2475
f 437/422/2738 438/421/2738 1685/422/2738
f 461/409/2739 11/413/2739 2506/409/2739
f 1006/957/2479 1007/956/2479 2254/957/2479
f 438/421/2740 439/426/2740 1686/421/2740
f 486/467/2741 1733/463/2741 2506/463/2741
f 1007/956/2483 1008/962/2483 2255/956/2483
f 439/426/2742 440/430/2742 1687/426/2742
f 511/464/2743 11/467/2743 2506/464/2743
f 1008/962/2486 1009/966/2486 2256/962/2486
f 440/430/2744 441/434/2744 1688/430/2744
f 536/521/2745 1783/517/2745 2506/517/2745
f 712/744/3125 1959/1269/3125 1960/1269/3125
f 1009/966/2489 1010/970/2489 2257/966/2489
f 441/434/2747 442/438/2747 1689/434/2747
f 561/518/2748 11/521/2748 2506/518/2748
f 713/749/3126 1960/744/3126 1961/744/3126
f 1010/970/2492 1011/974/2492 2258/970/2492
f 442/438/2750 443/442/2750 1690/438/2750
f 586/575/2751 1833/571/2751 2506/571/2751
f 714/753/2752 1961/749/2752 1962/749/2752
f 443/442/2753 444/446/2753 1691/442/2753
f 611/572/2631 11/575/2631 2506/572/2631
f 715/705/2754 1962/753/2754 1963/753/2754
f 444/446/2755 445/450/2755 1692/446/2755
f 636/629/2678 1883/625/2678 2506/625/2678
f 716/711/2756 1963/705/2756 1964/705/2756
f 445/450/2757 446/407/2757 1693/450/2757
f 661/626/2613 11/629/2613 2506/626/2613
f 717/715/2758 1964/711/2758 1965/711/2758
f 446/407/2759 447/406/2759 1694/407/2759
f 686/683/2685 1933/679/2685 2506/679/2685
f 718/719/3117 1965/715/3117 1966/715/3117
f 447/406/2761 448/412/2761 1695/406/2761
f 711/680/2689 11/683/2689 2506/680/2689
f 719/723/2762 1966/719/2762 1967/719/2762
f 448/412/2763 449/415/2763 1696/412/2763
f 736/737/2693 1983/733/2693 2506/733/2693
f 720/727/3127 1967/723/3127 1968/723/3127
f 449/415/2765 450/417/2765 1697/415/2765
f 761/734/2697 11/737/2697 2506/734/2697
f 721/731/2766 1968/727/2766 1969/727/2766
f 450/417/2767 451/419/2767 1698/417/2767
f 786/791/2701 2033/787/2701 2506/787/2701
f 722/735/2768 1969/731/2768 1970/731/2768
f 451/419/2769 452/424/2769 1699/419/2769
f 811/788/2705 11/791/2705 2506/788/2705
f 723/738/3118 1970/735/3118 1971/735/3118
f 452/424/2771 453/428/2771 1700/424/2771
f 836/815/2709 2083/811/2709 2506/811/2709
f 724/740/2772 1971/738/2772 1972/738/2772
f 453/428/2773 454/432/2773 1701/428/2773
f 861/812/2713 11/815/2713 2506/812/2713
f 725/742/2774 1972/740/2774 1973/740/2774
f 454/432/2775 455/436/2775 1702/432/2775
f 886/869/2717 2133/865/2717 2506/865/2717
f 726/747/2776 1973/742/2776 1974/742/2776
f 455/436/2777 456/440/2777 1703/436/2777
f 911/866/2466 11/869/2466 2506/866/2466
f 727/751/2778 1974/747/2778 1975/747/2778
f 456/440/2779 457/444/2779 1704/440/2779
f 936/923/2723 2183/919/2723 2506/919/2723
f 728/754/2453 1975/751/2453 1976/751/2453
f 987/1273/2780 2234/986/2780 2209/986/2780
f 457/444/2781 458/448/2781 1705/444/2781
f 961/920/2726 11/923/2726 2506/920/2726
f 729/708/2456 1976/754/2456 1977/754/2456
f 458/448/2782 459/452/2782 1706/448/2782
f 986/977/2730 2233/973/2730 2506/973/2730
f 730/713/2460 1977/708/2460 1978/708/2460
f 162/160/2783 1409/1258/2783 1410/1258/2783
f 459/452/2784 460/410/2784 1707/452/2784
f 1011/974/2732 11/977/2732 2506/974/2732
f 731/717/2464 1978/713/2464 1979/713/2464
f 163/165/2785 1410/160/2785 1411/160/2785
f 460/410/2786 461/409/2786 1708/410/2786
f 1036/1031/2734 2283/1027/2734 2506/1027/2734
f 732/721/2468 1979/717/2468 1980/717/2468
f 164/169/2787 1411/165/2787 1412/165/2787
f 1061/1028/2736 11/1031/2736 2506/1028/2736
f 733/725/2473 1980/721/2473 1981/721/2473
f 165/173/2788 1412/169/2788 1413/169/2788
f 1086/1085/2739 2333/1081/2739 2506/1081/2739
f 734/729/2477 1981/725/2477 1982/725/2477
f 166/177/2789 1413/173/2789 1414/173/2789
f 1111/1082/2741 11/1085/2741 2506/1082/2741
f 735/733/2481 1982/729/2481 1983/729/2481
f 167/181/2790 1414/177/2790 1415/177/2790
f 1136/1139/2743 2383/1135/2743 2506/1135/2743
f 737/746/2565 738/745/2565 1985/746/2565
f 168/185/2791 1415/181/2791 1416/181/2791
f 1161/1136/2745 11/1139/2745 2506/1136/2745
f 738/745/2569 739/750/2569 1986/745/2569
f 169/189/2792 1416/185/2792 1417/185/2792
f 1186/1193/2748 2433/1189/2748 2506/1189/2748
f 739/750/2573 740/707/2573 1987/750/2573
f 170/193/2793 1417/189/2793 1418/189/2793
f 1211/1190/2751 11/1193/2751 2506/1190/2751
f 740/707/2576 741/706/2576 1988/707/2576
f 171/197/2794 1418/193/2794 1419/193/2794
f 1012/1038/2495 2259/1274/2495 2260/1274/2495
f 437/1263/2795 1684/422/2795 1659/422/2795
f 1236/1235/2631 2483/1231/2631 2506/1231/2631
f 741/706/2579 742/712/2579 1989/706/2579
f 172/201/2796 1419/197/2796 1420/197/2796
f 1013/1043/2498 2260/1038/2498 2261/1038/2498
f 742/712/2582 743/716/2582 1990/712/2582
f 173/204/2798 1420/201/2798 1421/201/2798
f 1014/1047/2501 2261/1043/2501 2262/1043/2501
f 743/716/3128 744/720/3128 1991/716/3128
f 174/155/2799 1421/204/2799 1422/204/2799
f 1015/1051/2800 2262/1047/2800 2263/1047/2800
f 744/720/2587 745/724/2587 1992/720/2587
f 175/158/2801 1422/155/2801 1423/155/2801
f 1016/1054/2508 2263/1051/2508 2264/1051/2508
f 745/724/2589 746/728/2589 1993/724/2589
f 176/163/2802 1423/158/2802 1424/158/2802
f 1017/1008/2512 2264/1054/2512 2265/1054/2512
f 746/728/2591 747/732/2591 1994/728/2591
f 177/167/2804 1424/163/2804 1425/163/2804
f 1018/1013/2515 2265/1008/2515 2266/1008/2515
f 747/732/2594 748/736/2594 1995/732/2594
f 178/171/2805 1425/167/2805 1426/167/2805
f 1019/1017/2518 2266/1013/2518 2267/1013/2518
f 748/736/2597 749/739/2597 1996/736/2597
f 179/175/2806 1426/171/2806 1427/171/2806
f 1020/1021/2521 2267/1017/2521 2268/1017/2521
f 749/739/2601 750/741/2601 1997/739/2601
f 180/179/2807 1427/175/2807 1428/175/2807
f 1021/1025/2524 2268/1021/2524 2269/1021/2524
f 750/741/2604 751/743/2604 1998/741/2604
f 181/183/2808 1428/179/2808 1429/179/2808
f 1022/1029/2527 2269/1025/2527 2270/1025/2527
f 751/743/2607 752/748/2607 1999/743/2607
f 182/187/2809 1429/183/2809 1430/183/2809
f 1023/1032/2530 2270/1029/2530 2271/1029/2530
f 752/748/2610 753/752/2610 2000/748/2610
f 183/191/2810 1430/187/2810 1431/187/2810
f 1024/1034/2533 2271/1032/2533 2272/1032/2533
f 753/752/2613 754/710/2613 2001/752/2613
f 184/195/2811 1431/191/2811 1432/191/2811
f 1025/1036/2536 2272/1034/2536 2273/1034/2536
f 754/710/2616 755/709/2616 2002/710/2616
f 185/199/2812 1432/195/2812 1433/195/2812
f 1026/1041/2539 2273/1036/2539 2274/1036/2539
f 755/709/2619 756/714/2619 2003/709/2619
f 187/162/2813 188/161/2813 1435/162/2813
f 1027/1045/2542 2274/1041/2542 2275/1041/2542
f 756/714/2623 757/718/2623 2004/714/2623
f 188/161/2814 189/166/2814 1436/161/2814
f 1028/1049/2545 2275/1045/2545 2276/1045/2545
f 757/718/2626 758/722/2626 2005/718/2626
f 189/166/2815 190/170/2815 1437/166/2815
f 1029/1053/2548 2276/1049/2548 2277/1049/2548
f 758/722/2629 759/726/2629 2006/722/2629
f 190/170/2816 191/174/2816 1438/170/2816
f 1030/1005/2552 2277/1053/2552 2278/1053/2552
f 462/474/2817 1709/1264/2817 1710/1264/2817
f 759/726/2632 760/730/2632 2007/726/2632
f 191/174/2818 192/178/2818 1439/174/2818
f 1031/1011/2555 2278/1005/2555 2279/1005/2555
f 463/479/2819 1710/474/2819 1711/474/2819
f 760/730/2635 761/734/2635 2008/730/2635
f 192/178/2820 193/182/2820 1440/178/2820
f 1032/1015/2558 2279/1011/2558 2280/1011/2558
f 464/483/2821 1711/479/2821 1712/479/2821
f 193/182/2822 194/186/2822 1441/182/2822
f 1033/1019/2562 2280/1015/2562 2281/1015/2562
f 465/487/2823 1712/483/2823 1713/483/2823
f 194/186/2824 195/190/2824 1442/186/2824
f 1034/1023/2566 2281/1019/2566 2282/1019/2566
f 466/491/2825 1713/487/2825 1714/487/2825
f 195/190/2826 196/194/2826 1443/190/2826
f 1035/1027/2570 2282/1023/2570 2283/1023/2570
f 467/495/2827 1714/491/2827 1715/491/2827
f 196/194/2828 197/198/2828 1444/194/2828
f 1037/1040/2651 1038/1039/2651 2285/1040/2651
f 468/499/2829 1715/495/2829 1716/495/2829
f 197/198/2830 198/202/2830 1445/198/2830
f 1038/1039/2831 1039/1044/2831 2286/1039/2831
f 469/503/2832 1716/499/2832 1717/499/2832
f 198/202/2833 199/157/2833 1446/202/2833
f 1039/1044/2661 1040/1048/2661 2287/1044/2661
f 470/455/2834 1717/503/2834 1718/503/2834
f 199/157/2835 200/156/2835 1447/157/2835
f 1040/1048/2665 1041/1052/2665 2288/1048/2665
f 471/461/2836 1718/455/2836 1719/455/2836
f 200/156/2837 201/159/2837 1448/156/2837
f 1041/1052/2669 1042/1010/2669 2289/1052/2669
f 472/465/2838 1719/461/2838 1720/461/2838
f 201/159/2839 202/164/2839 1449/159/2839
f 1042/1010/2673 1043/1009/2673 2290/1010/2673
f 473/468/2840 1720/465/2840 1721/465/2840
f 202/164/2841 203/168/2841 1450/164/2841
f 1043/1009/2677 1044/1014/2677 2291/1009/2677
f 474/470/2842 1721/468/2842 1722/468/2842
f 203/168/2693 204/172/2693 1451/168/2693
f 1044/1014/2681 1045/1018/2681 2292/1014/2681
f 475/472/2843 1722/470/2843 1723/470/2843
f 204/172/2844 205/176/2844 1452/172/2844
f 1045/1018/2684 1046/1022/2684 2293/1018/2684
f 476/477/2845 1723/472/2845 1724/472/2845
f 205/176/2846 206/180/2846 1453/176/2846
f 1046/1022/2688 1047/1026/2688 2294/1022/2688
f 477/481/2847 1724/477/2847 1725/477/2847
f 206/180/2848 207/184/2848 1454/180/2848
f 1047/1026/2692 1048/1030/2692 2295/1026/2692
f 478/485/2849 1725/481/2849 1726/481/2849
f 207/184/2850 208/188/2850 1455/184/2850
f 1048/1030/2696 1049/1033/2696 2296/1030/2696
f 479/489/2851 1726/485/2851 1727/485/2851
f 208/188/2852 209/192/2852 1456/188/2852
f 1049/1033/2700 1050/1035/2700 2297/1033/2700
f 480/493/2853 1727/489/2853 1728/489/2853
f 209/192/2854 210/196/2854 1457/192/2854
f 1050/1035/2704 1051/1037/2704 2298/1035/2704
f 481/497/2856 1728/493/2856 1729/493/2856
f 210/196/2857 211/200/2857 1458/196/2857
f 1051/1037/2708 1052/1042/2708 2299/1037/2708
f 482/501/2858 1729/497/2858 1730/497/2858
f 1052/1042/2712 1053/1046/2712 2300/1042/2712
f 483/504/2859 1730/501/2859 1731/501/2859
f 737/1269/2860 1984/746/2860 1959/746/2860
f 1053/1046/2716 1054/1050/2716 2301/1046/2716
f 484/458/2861 1731/504/2861 1732/504/2861
f 187/1258/2862 1434/162/2862 1409/162/2862
f 1054/1050/2720 1055/1007/2720 2302/1050/2720
f 485/463/2863 1732/458/2863 1733/458/2863
f 1055/1007/2722 1056/1006/2722 2303/1007/2722
f 487/476/2864 488/475/2864 1735/476/2864
f 1056/1006/2725 1057/1012/2725 2304/1006/2725
f 488/475/2865 489/480/2865 1736/475/2865
f 1057/1012/2729 1058/1016/2729 2305/1012/2729
f 489/480/2866 490/484/2866 1737/480/2866
f 1058/1016/2731 1059/1020/2731 2306/1016/2731
f 490/484/2867 491/488/2867 1738/484/2867
f 762/798/2638 2009/1270/2638 2010/1270/2638
f 1059/1020/2733 1060/1024/2733 2307/1020/2733
f 491/488/2868 492/492/2868 1739/488/2868
f 763/803/2641 2010/798/2641 2011/798/2641
f 1060/1024/2735 1061/1028/2735 2308/1024/2735
f 492/492/2869 493/496/2869 1740/492/2869
f 764/755/2645 2011/803/2645 2012/803/2645
f 493/496/2870 494/500/2870 1741/496/2870
f 765/761/2649 2012/755/2649 2013/755/2649
f 494/500/2871 495/457/2871 1742/500/2871
f 766/765/2654 2013/761/2654 2014/761/2654
f 495/457/2872 496/456/2872 1743/457/2872
f 767/769/2659 2014/765/2659 2015/765/2659
f 496/456/2873 497/462/2873 1744/456/2873
f 768/773/2663 2015/769/2663 2016/769/2663
f 497/462/2874 498/466/2874 1745/462/2874
f 769/777/2667 2016/773/2667 2017/773/2667
f 498/466/3014 499/469/3014 1746/466/3014
f 770/781/2671 2017/777/2671 2018/777/2671
f 499/469/3016 500/471/3016 1747/469/3016
f 771/785/2675 2018/781/2675 2019/781/2675
f 500/471/2878 501/473/2878 1748/471/2878
f 772/789/2679 2019/785/2679 2020/785/2679
f 501/473/2879 502/478/2879 1749/473/2879
f 773/792/2682 2020/789/2682 2021/789/2682
f 502/478/2880 503/482/2880 1750/478/2880
f 774/794/2686 2021/792/2686 2022/792/2686
f 503/482/2881 504/486/2881 1751/482/2881
f 775/796/2690 2022/794/2690 2023/794/2690
f 504/486/2882 505/490/2882 1752/486/2882
f 776/801/2694 2023/796/2694 2024/796/2694
f 505/490/2883 506/494/2883 1753/490/2883
f 777/804/2698 2024/801/2698 2025/801/2698
f 506/494/2884 507/498/2884 1754/494/2884
f 778/758/2702 2025/804/2702 2026/804/2702
f 507/498/2885 508/502/2885 1755/498/2885
f 779/763/2706 2026/758/2706 2027/758/2706
f 508/502/2886 509/460/2886 1756/502/2886
f 780/767/2710 2027/763/2710 2028/763/2710
f 212/212/2887 1459/1259/2887 1460/1259/2887
f 1037/1274/2888 2284/1040/2888 2259/1040/2888
f 509/460/2889 510/459/2889 1757/460/2889
f 781/771/2714 2028/767/2714 2029/767/2714
f 213/217/3129 1460/212/3129 1461/212/3129
f 510/459/2891 511/464/2891 1758/459/2891
f 782/775/2718 2029/771/2718 2030/771/2718
f 214/221/2892 1461/217/2892 1462/217/2892
f 783/779/2721 2030/775/2721 2031/775/2721
f 215/225/2893 1462/221/2893 1463/221/2893
f 784/783/2724 2031/779/2724 2032/779/2724
f 216/229/2894 1463/225/2894 1464/225/2894
f 785/787/2728 2032/783/2728 2033/783/2728
f 217/233/2895 1464/229/2895 1465/229/2895
f 787/800/2783 788/799/2783 2035/800/2783
f 218/237/2896 1465/233/2896 1466/233/2896
f 788/799/2785 789/757/2785 2036/799/2785
f 219/241/2897 1466/237/2897 1467/237/2897
f 789/757/2787 790/756/2787 2037/757/2787
f 220/245/2898 1467/241/2898 1468/241/2898
f 790/756/2788 791/762/2788 2038/756/2788
f 221/249/2899 1468/245/2899 1469/245/2899
f 1062/1092/2738 2309/1275/2738 2310/1275/2738
f 791/762/2789 792/766/2789 2039/762/2789
f 222/253/2900 1469/249/2900 1470/249/2900
f 1063/1097/2740 2310/1092/2740 2311/1092/2740
f 792/766/2790 793/770/2790 2040/766/2790
f 223/205/2901 1470/253/2901 1471/253/2901
f 1064/1101/2742 2311/1097/2742 2312/1097/2742
f 487/1264/2902 1734/476/2902 1709/476/2902
f 793/770/2791 794/774/2791 2041/770/2791
f 224/208/2903 1471/205/2903 1472/205/2903
f 1065/1104/2744 2312/1101/2744 2313/1101/2744
f 794/774/2792 795/778/2792 2042/774/2792
f 225/210/3011 1472/208/3011 1473/208/3011
f 1066/1058/2747 2313/1104/2747 2314/1104/2747
f 795/778/2793 796/782/2793 2043/778/2793
f 226/215/2905 1473/210/2905 1474/210/2905
f 1067/1063/2750 2314/1058/2750 2315/1058/2750
f 796/782/2794 797/786/2794 2044/782/2794
f 227/219/2906 1474/215/2906 1475/215/2906
f 1068/1067/2753 2315/1063/2753 2316/1063/2753
f 797/786/2796 798/790/2796 2045/786/2796
f 228/223/2907 1475/219/2907 1476/219/2907
f 1069/1071/2755 2316/1067/2755 2317/1067/2755
f 798/790/2798 799/793/2798 2046/790/2798
f 229/227/2908 1476/223/2908 1477/223/2908
f 1070/1075/2757 2317/1071/2757 2318/1071/2757
f 799/793/3130 800/795/3130 2047/793/3130
f 230/231/2909 1477/227/2909 1478/227/2909
f 1071/1079/2759 2318/1075/2759 2319/1075/2759
f 800/795/2801 801/797/2801 2048/795/2801
f 231/235/2910 1478/231/2910 1479/231/2910
f 1072/1083/2761 2319/1079/2761 2320/1079/2761
f 801/797/2802 802/802/2802 2049/797/2802
f 232/239/2911 1479/235/2911 1480/235/2911
f 1073/1086/2763 2320/1083/2763 2321/1083/2763
f 802/802/2804 803/760/2804 2050/802/2804
f 233/243/2912 1480/239/2912 1481/239/2912
f 1074/1088/2765 2321/1086/2765 2322/1086/2765
f 803/760/2805 804/759/2805 2051/760/2805
f 234/247/2913 1481/243/2913 1482/243/2913
f 1075/1090/2767 2322/1088/2767 2323/1088/2767
f 804/759/2806 805/764/2806 2052/759/2806
f 235/251/2914 1482/247/2914 1483/247/2914
f 1076/1095/2769 2323/1090/2769 2324/1090/2769
f 805/764/2807 806/768/2807 2053/764/2807
f 237/214/2915 238/213/2915 1485/214/2915
f 1077/1099/2916 2324/1095/2916 2325/1095/2916
f 806/768/2808 807/772/2808 2054/768/2808
f 238/213/3131 239/218/3131 1486/213/3131
f 1078/1103/2773 2325/1099/2773 2326/1099/2773
f 807/772/2809 808/776/2809 2055/772/2809
f 239/218/3084 240/222/3084 1487/218/3084
f 1079/1055/2775 2326/1103/2775 2327/1103/2775
f 808/776/2810 809/780/2810 2056/776/2810
f 240/222/2919 241/226/2919 1488/222/2919
f 1080/1061/2777 2327/1055/2777 2328/1055/2777
f 512/528/2920 1759/1265/2920 1760/1265/2920
f 809/780/2811 810/784/2811 2057/780/2811
f 241/226/2921 242/230/2921 1489/226/2921
f 1081/1065/2779 2328/1061/2779 2329/1061/2779
f 513/533/2922 1760/528/2922 1761/528/2922
f 810/784/2812 811/788/2812 2058/784/2812
f 242/230/2923 243/234/2923 1490/230/2923
f 1082/1069/2781 2329/1065/2781 2330/1065/2781
f 514/537/3040 1761/533/3040 1762/533/3040
f 243/234/2925 244/238/2925 1491/234/2925
f 1083/1073/2782 2330/1069/2782 2331/1069/2782
f 515/541/2926 1762/537/2926 1763/537/2926
f 244/238/2927 245/242/2927 1492/238/2927
f 1084/1077/2784 2331/1073/2784 2332/1073/2784
f 516/545/2928 1763/541/2928 1764/541/2928
f 245/242/2929 246/246/2929 1493/242/2929
f 1085/1081/2786 2332/1077/2786 2333/1077/2786
f 517/549/2930 1764/545/2930 1765/545/2930
f 246/246/2931 247/250/2931 1494/246/2931
f 1087/1094/2817 1088/1093/2817 2335/1094/2817
f 518/553/2932 1765/549/2932 1766/549/2932
f 247/250/2933 248/207/2933 1495/250/2933
f 1088/1093/2819 1089/1098/2819 2336/1093/2819
f 519/505/2934 1766/553/2934 1767/553/2934
f 248/207/2935 249/206/2935 1496/207/2935
f 1089/1098/2821 1090/1102/2821 2337/1098/2821
f 520/511/2936 1767/505/2936 1768/505/2936
f 249/206/2937 250/209/2937 1497/206/2937
f 1090/1102/2823 1091/1060/2823 2338/1102/2823
f 521/515/2938 1768/511/2938 1769/511/2938
f 250/209/2939 251/211/2939 1498/209/2939
f 1091/1060/2825 1092/1059/2825 2339/1060/2825
f 522/519/2940 1769/515/2940 1770/515/2940
f 251/211/2941 252/216/2941 1499/211/2941
f 1092/1059/2827 1093/1064/2827 2340/1059/2827
f 523/522/2942 1770/519/2942 1771/519/2942
f 252/216/2943 253/220/2943 1500/216/2943
f 1093/1064/2829 1094/1068/2829 2341/1064/2829
f 524/524/2944 1771/522/2944 1772/522/2944
f 253/220/2701 254/224/2701 1501/220/2701
f 1094/1068/2832 1095/1072/2832 2342/1068/2832
f 525/526/2945 1772/524/2945 1773/524/2945
f 254/224/2946 255/228/2946 1502/224/2946
f 1095/1072/2834 1096/1076/2834 2343/1072/2834
f 526/531/2947 1773/526/2947 1774/526/2947
f 255/228/2948 256/232/2948 1503/228/2948
f 1096/1076/2836 1097/1080/2836 2344/1076/2836
f 527/535/2949 1774/531/2949 1775/531/2949
f 256/232/2950 257/236/2950 1504/232/2950
f 1097/1080/2838 1098/1084/2838 2345/1080/2838
f 528/539/2736 1775/535/2736 1776/535/2736
f 257/236/2952 258/240/2952 1505/236/2952
f 1098/1084/2840 1099/1087/2840 2346/1084/2840
f 529/543/2953 1776/539/2953 1777/539/2953
f 258/240/2954 259/244/2954 1506/240/2954
f 1099/1087/2842 1100/1089/2842 2347/1087/2842
f 530/547/2955 1777/543/2955 1778/543/2955
f 259/244/2956 260/248/2956 1507/244/2956
f 1100/1089/2843 1101/1091/2843 2348/1089/2843
f 531/551/2957 1778/547/2957 1779/547/2957
f 260/248/2958 261/252/2958 1508/248/2958
f 1101/1091/2845 1102/1096/2845 2349/1091/2845
f 532/554/2959 1779/551/2959 1780/551/2959
f 1102/1096/2847 1103/1100/2847 2350/1096/2847
f 533/508/2960 1780/554/2960 1781/554/2960
f 1103/1100/2849 1104/1057/2849 2351/1100/2849
f 534/513/2961 1781/508/2961 1782/508/2961
f 1104/1057/2851 1105/1056/2851 2352/1057/2851
f 535/517/2962 1782/513/2962 1783/513/2962
f 787/1270/2963 2034/800/2963 2009/800/2963
f 237/1259/2964 1484/214/2964 1459/214/2964
f 1105/1056/2853 1106/1062/2853 2353/1056/2853
f 537/530/2965 538/529/2965 1785/530/2965
f 1106/1062/2856 1107/1066/2856 2354/1062/2856
f 538/529/2966 539/534/2966 1786/529/2966
f 1107/1066/2858 1108/1070/2858 2355/1066/2858
f 539/534/2967 540/538/2967 1787/534/2967
f 1108/1070/2859 1109/1074/2859 2356/1070/2859
f 540/538/2968 541/542/2968 1788/538/2968
f 812/822/2813 2059/1271/2813 2060/1271/2813
f 1109/1074/2861 1110/1078/2861 2357/1074/2861
f 541/542/2969 542/546/2969 1789/542/2969
f 813/827/2814 2060/822/2814 2061/822/2814
f 1110/1078/2863 1111/1082/2863 2358/1078/2863
f 542/546/2970 543/550/2970 1790/546/2970
f 814/831/2815 2061/827/2815 2062/827/2815
f 543/550/2971 544/507/2971 1791/550/2971
f 815/835/2816 2062/831/2816 2063/831/2816
f 544/507/2972 545/506/2972 1792/507/2972
f 816/839/2818 2063/835/2818 2064/835/2818
f 545/506/2973 546/512/2973 1793/506/2973
f 817/843/2820 2064/839/2820 2065/839/2820
f 546/512/2974 547/516/2974 1794/512/2974
f 818/847/2822 2065/843/2822 2066/843/2822
f 547/516/2975 548/520/2975 1795/516/2975
f 819/851/2824 2066/847/2824 2067/847/2824
f 548/520/3132 549/523/3132 1796/520/3132
f 820/854/2826 2067/851/2826 2068/851/2826
f 549/523/2977 550/525/2977 1797/523/2977
f 821/808/2828 2068/854/2828 2069/854/2828
f 550/525/2978 551/527/2978 1798/525/2978
f 822/813/2830 2069/808/2830 2070/808/2830
f 551/527/2979 552/532/2979 1799/527/2979
f 823/816/2833 2070/813/2833 2071/813/2833
f 552/532/2980 553/536/2980 1800/532/2980
f 824/818/2835 2071/816/2835 2072/816/2835
f 553/536/2981 554/540/2981 1801/536/2981
f 825/820/2837 2072/818/2837 2073/818/2837
f 554/540/2982 555/544/2982 1802/540/2982
f 826/825/2839 2073/820/2839 2074/820/2839
f 555/544/2983 556/548/2983 1803/544/2983
f 827/829/2841 2074/825/2841 2075/825/2841
f 556/548/2984 557/552/2984 1804/548/2984
f 828/833/2693 2075/829/2693 2076/829/2693
f 557/552/2985 558/510/2985 1805/552/2985
f 829/837/2844 2076/833/2844 2077/833/2844
f 558/510/2986 559/509/2986 1806/510/2986
f 830/841/3133 2077/837/3133 2078/837/3133
f 262/267/2987 1509/1260/2987 1510/1260/2987
f 559/509/2988 560/514/2988 1807/509/2988
f 831/845/2848 2078/841/2848 2079/841/2848
f 263/272/2989 1510/267/2989 1511/267/2989
f 560/514/2990 561/518/2990 1808/514/2990
f 832/849/2850 2079/845/2850 2080/845/2850
f 264/276/3134 1511/272/3134 1512/272/3134
f 1087/1275/2992 2334/1094/2992 2309/1094/2992
f 833/853/2852 2080/849/2852 2081/849/2852
f 265/280/3135 1512/276/3135 1513/276/3135
f 834/805/2854 2081/853/2854 2082/853/2854
f 266/284/3136 1513/280/3136 1514/280/3136
f 835/811/2857 2082/805/2857 2083/805/2857
f 267/288/2995 1514/284/2995 1515/284/2995
f 837/824/2887 838/823/2887 2085/824/2887
f 268/292/2996 1515/288/2996 1516/288/2996
f 838/823/3129 839/828/3129 2086/823/3129
f 269/296/2997 1516/292/2997 1517/292/2997
f 839/828/2892 840/832/2892 2087/828/2892
f 270/300/2998 1517/296/2998 1518/296/2998
f 840/832/2893 841/836/2893 2088/832/2893
f 271/304/2999 1518/300/2999 1519/300/2999
f 1112/1146/2864 2359/1276/2864 2360/1276/2864
f 841/836/2894 842/840/2894 2089/836/2894
f 272/255/3000 1519/304/3000 1520/304/3000
f 1113/1151/3001 2360/1146/3001 2361/1146/3001
f 842/840/2895 843/844/2895 2090/840/2895
f 273/261/3002 1520/255/3002 1521/255/3002
f 1114/1154/2866 2361/1151/2866 2362/1151/2866
f 843/844/2896 844/848/2896 2091/844/2896
f 274/263/3003 1521/261/3003 1522/261/3003
f 1115/1108/2867 2362/1154/2867 2363/1154/2867
f 844/848/2897 845/852/2897 2092/848/2897
f 275/265/3004 1522/263/3004 1523/263/3004
f 1116/1113/2868 2363/1108/2868 2364/1108/2868
f 537/1265/3005 1784/530/3005 1759/530/3005
f 845/852/2898 846/810/2898 2093/852/2898
f 276/270/3006 1523/265/3006 1524/265/3006
f 1117/1117/2869 2364/1113/2869 2365/1113/2869
f 846/810/2899 847/809/2899 2094/810/2899
f 277/274/3007 1524/270/3007 1525/270/3007
f 1118/1121/2870 2365/1117/2870 2366/1117/2870
f 847/809/2900 848/814/2900 2095/809/2900
f 278/278/3008 1525/274/3008 1526/274/3008
f 1119/1125/2871 2366/1121/2871 2367/1121/2871
f 848/814/2901 849/817/2901 2096/814/2901
f 279/282/3009 1526/278/3009 1527/278/3009
f 1120/1129/2872 2367/1125/2872 2368/1125/2872
f 849/817/2903 850/819/2903 2097/817/2903
f 280/286/3010 1527/282/3010 1528/282/3010
f 1121/1133/2873 2368/1129/2873 2369/1129/2873
f 850/819/2904 851/821/2904 2098/819/2904
f 281/290/3012 1528/286/3012 1529/286/3012
f 1122/1137/2874 2369/1133/2874 2370/1133/2874
f 851/821/2905 852/826/2905 2099/821/2905
f 282/294/3013 1529/290/3013 1530/290/3013
f 1123/1140/3014 2370/1137/3014 2371/1137/3014
f 852/826/2906 853/830/2906 2100/826/2906
f 283/298/3015 1530/294/3015 1531/294/3015
f 1124/1142/3016 2371/1140/3016 2372/1140/3016
f 853/830/2907 854/834/2907 2101/830/2907
f 284/302/3017 1531/298/3017 1532/298/3017
f 1125/1144/2878 2372/1142/2878 2373/1142/2878
f 854/834/2908 855/838/2908 2102/834/2908
f 285/260/3018 1532/302/3018 1533/302/3018
f 1126/1149/2879 2373/1144/2879 2374/1144/2879
f 855/838/2909 856/842/2909 2103/838/2909
f 287/269/3020 288/268/3020 1535/269/3020
f 1127/1153/2880 2374/1149/2880 2375/1149/2880
f 856/842/2910 857/846/2910 2104/842/2910
f 288/268/3021 289/273/3021 1536/268/3021
f 1128/1105/2881 2375/1153/2881 2376/1153/2881
f 857/846/2911 858/850/2911 2105/846/2911
f 289/273/3022 290/277/3022 1537/273/3022
f 1129/1111/2882 2376/1105/2882 2377/1105/2882
f 858/850/2912 859/807/2912 2106/850/2912
f 290/277/3023 291/281/3023 1538/277/3023
f 1130/1115/2883 2377/1111/2883 2378/1111/2883
f 562/582/3024 1809/1266/3024 1810/1266/3024
f 859/807/2913 860/806/2913 2107/807/2913
f 291/281/3025 292/285/3025 1539/281/3025
f 1131/1119/2884 2378/1115/2884 2379/1115/2884
f 563/587/3026 1810/582/3026 1811/582/3026
f 860/806/2914 861/812/2914 2108/806/2914
f 292/285/3027 293/289/3027 1540/285/3027
f 1132/1123/2885 2379/1119/2885 2380/1119/2885
f 564/591/3028 1811/587/3028 1812/587/3028
f 293/289/3029 294/293/3029 1541/289/3029
f 1133/1127/2886 2380/1123/2886 2381/1123/2886
f 565/595/3030 1812/591/3030 1813/591/3030
f 294/293/3031 295/297/3031 1542/293/3031
f 1134/1131/2889 2381/1127/2889 2382/1127/2889
f 566/599/3032 1813/595/3032 1814/595/3032
f 295/297/3033 296/301/3033 1543/297/3033
f 1135/1135/2891 2382/1131/2891 2383/1131/2891
f 567/603/3034 1814/599/3034 1815/599/3034
f 296/301/3035 297/257/3035 1544/301/3035
f 1137/1148/2920 1138/1147/2920 2385/1148/2920
f 568/555/3036 1815/603/3036 1816/603/3036
f 297/257/3037 298/256/3037 1545/257/3037
f 1138/1147/2922 1139/1152/2922 2386/1147/2922
f 569/561/3038 1816/555/3038 1817/555/3038
f 298/256/3039 299/262/3039 1546/256/3039
f 1139/1152/3040 1140/1110/3040 2387/1152/3040
f 570/565/3041 1817/561/3041 1818/561/3041
f 299/262/3042 300/264/3042 1547/262/3042
f 1140/1110/2926 1141/1109/2926 2388/1110/2926
f 571/569/3043 1818/565/3043 1819/565/3043
f 300/264/3044 301/266/3044 1548/264/3044
f 1141/1109/2928 1142/1114/2928 2389/1109/2928
f 572/573/3045 1819/569/3045 1820/569/3045
f 837/1271/3046 2084/824/3046 2059/824/3046
f 301/266/3047 302/271/3047 1549/266/3047
f 1142/1114/2930 1143/1118/2930 2390/1114/2930
f 573/576/3048 1820/573/3048 1821/573/3048
f 302/271/3049 303/275/3049 1550/271/3049
f 574/578/3050 1821/576/3050 1822/576/3050
f 303/275/3051 304/279/3051 1551/275/3051
f 575/580/3052 1822/578/3052 1823/578/3052
f 304/279/3053 305/283/3053 1552/279/3053
f 576/585/3054 1823/580/3054 1824/580/3054
f 305/283/3055 306/287/3055 1553/283/3055
f 577/589/3056 1824/585/3056 1825/585/3056
f 306/287/3057 307/291/3057 1554/287/3057
f 578/593/2741 1825/589/2741 1826/589/2741
f 7/1206/3058 8/1212/3058 1257/1206/3058
f 307/291/3059 308/295/3059 1555/291/3059
f 1143/1118/2932 1144/1122/2932 2391/1118/2932
f 579/597/3060 1826/593/3060 1827/593/3060
f 8/1212/3061 9/1216/3061 1258/1212/3061
f 308/295/3062 309/299/3062 1556/295/3062
f 1144/1122/2934 1145/1126/2934 2392/1122/2934
f 580/601/3063 1827/597/3063 1828/597/3063
f 12/50/3064 1259/1255/3064 1260/1255/3064
f 309/299/3065 310/303/3065 1557/299/3065
f 1145/1126/2936 1146/1130/2936 2393/1126/2936
f 581/604/3066 1828/601/3066 1829/601/3066
f 13/54/3067 1260/50/3067 1261/50/3067
f 310/303/3068 311/259/3068 1558/303/3068
f 1146/1130/2938 1147/1134/2938 2394/1130/2938
f 582/558/3069 1829/604/3069 1830/604/3069
f 14/8/3070 1261/54/3070 1262/54/3070
f 1147/1134/2940 1148/1138/2940 2395/1134/2940
f 583/563/3071 1830/558/3071 1831/558/3071
f 15/13/3072 1262/8/3072 1263/8/3072
f 1148/1138/2942 1149/1141/2942 2396/1138/2942
f 584/567/3073 1831/563/3073 1832/563/3073
f 16/17/3074 1263/13/3074 1264/13/3074
f 1149/1141/2944 1150/1143/2944 2397/1141/2944
f 585/571/3075 1832/567/3075 1833/567/3075
f 17/21/3076 1264/17/3076 1265/17/3076
f 1150/1143/2945 1151/1145/2945 2398/1143/2945
f 587/584/2459 588/583/2459 1835/584/2459
f 18/25/3077 1265/21/3077 1266/21/3077
f 1151/1145/2947 1152/1150/2947 2399/1145/2947
f 588/583/2463 589/588/2463 1836/583/2463
f 19/29/3078 1266/25/3078 1267/25/3078
f 287/1260/3079 1534/269/3079 1509/269/3079
f 1152/1150/2949 1153/1107/2949 2400/1150/2949
f 589/588/2467 590/592/2467 1837/588/2467
f 20/33/3080 1267/29/3080 1268/29/3080
f 1153/1107/2736 1154/1106/2736 2401/1107/2736
f 590/592/2471 591/596/2471 1838/592/2471
f 21/37/3081 1268/33/3081 1269/33/3081
f 862/876/2915 2109/683/2915 2110/683/2915
f 1154/1106/2953 1155/1112/2953 2402/1106/2953
f 591/596/2476 592/600/2476 1839/596/2476
f 22/41/3082 1269/37/3082 1270/37/3082
f 863/881/2917 2110/876/2917 2111/876/2917
f 1155/1112/2955 1156/1116/2955 2403/1112/2955
f 592/600/2480 593/557/2480 1840/600/2480
f 23/44/3083 1270/41/3083 1271/41/3083
f 864/885/3084 2111/881/3084 2112/881/3084
f 1156/1116/2957 1157/1120/2957 2404/1116/2957
f 593/557/3085 594/556/3085 1841/557/3085
f 24/46/3086 1271/44/3086 1272/44/3086
f 865/889/2919 2112/885/2919 2113/885/2919
f 1157/1120/2959 1158/1124/2959 2405/1120/2959
f 594/556/2487 595/562/2487 1842/556/2487
f 25/48/3087 1272/46/3087 1273/46/3087
f 866/893/2921 2113/889/2921 2114/889/2921
f 1158/1124/2960 1159/1128/2960 2406/1124/2960
f 595/562/2490 596/566/2490 1843/562/2490
f 26/53/3088 1273/48/3088 1274/48/3088
f 867/897/2923 2114/893/2923 2115/893/2923
f 1159/1128/2961 1160/1132/2961 2407/1128/2961
f 596/566/2493 597/570/2493 1844/566/2493
f 27/5/3090 1274/53/3090 1275/53/3090
f 868/901/2925 2115/897/2925 2116/897/2925
f 1160/1132/2962 1161/1136/2962 2408/1132/2962
f 597/570/2496 598/574/2496 1845/570/2496
f 28/11/2748 1275/5/2748 1276/5/2748
f 869/904/2927 2116/901/2927 2117/901/2927
f 598/574/2499 599/577/2499 1846/574/2499
f 29/15/3091 1276/11/3091 1277/11/3091
f 870/858/2929 2117/904/2929 2118/904/2929
f 599/577/2502 600/579/2502 1847/577/2502
f 30/19/3092 1277/15/3092 1278/15/3092
f 871/863/2931 2118/858/2931 2119/858/2931
f 600/579/2505 601/581/2505 1848/579/2505
f 31/23/3093 1278/19/3093 1279/19/3093
f 872/867/2933 2119/863/2933 2120/863/2933
f 601/581/2509 602/586/2509 1849/581/2509
f 32/27/3094 1279/23/3094 1280/23/3094
f 873/870/2935 2120/867/2935 2121/867/2935
f 602/586/2513 603/590/2513 1850/586/2513
f 33/31/3095 1280/27/3095 1281/27/3095
f 874/872/2937 2121/870/2937 2122/870/2937
f 603/590/2516 604/594/2516 1851/590/2516
f 34/35/3096 1281/31/3096 1282/31/3096
f 875/874/2939 2122/872/2939 2123/872/2939
f 604/594/2519 605/598/2519 1852/594/2519
f 35/39/3097 1282/35/3097 1283/35/3097
f 876/879/2941 2123/874/2941 2124/874/2941
f 605/598/2522 606/602/2522 1853/598/2522
f 37/52/2506 38/51/2506 1285/52/2506
f 877/883/2943 2124/879/2943 2125/879/2943
f 606/602/2525 607/560/2525 1854/602/2525
f 38/51/2510 39/10/2510 1286/51/2510
f 878/887/2701 2125/883/2701 2126/883/2701
f 607/560/2528 608/559/2528 1855/560/2528
f 39/10/2514 40/9/2514 1287/10/2514
f 879/891/2946 2126/887/2946 2127/887/2946
f 608/559/2531 609/564/2531 1856/559/2531
f 40/9/2517 41/14/2517 1288/9/2517
f 880/895/2948 2127/891/2948 2128/891/2948
f 312/320/3098 1559/1261/3098 1560/1261/3098
f 609/564/2534 610/568/2534 1857/564/2534
f 41/14/2520 42/18/2520 1289/14/2520
f 881/899/2950 2128/895/2950 2129/895/2950
f 313/325/3099 1560/320/3099 1561/320/3099
f 610/568/2537 611/572/2537 1858/568/2537
f 42/18/2523 43/22/2523 1290/18/2523
f 882/903/2952 2129/899/2952 2130/899/2952
f 314/329/3100 1561/325/3100 1562/325/3100
f 43/22/2526 44/26/2526 1291/22/2526
f 883/855/2954 2130/903/2954 2131/903/2954
f 315/333/3101 1562/329/3101 1563/329/3101
f 44/26/2529 45/30/2529 1292/26/2529
f 884/861/2956 2131/855/2956 2132/855/2956
f 316/337/3102 1563/333/3102 1564/333/3102
f 45/30/2532 46/34/2532 1293/30/2532
f 885/865/2958 2132/861/2958 2133/861/2958
f 317/341/3103 1564/337/3103 1565/337/3103
f 46/34/2535 47/38/2535 1294/34/2535
f 887/878/2987 888/877/2987 2135/878/2987
f 318/345/3104 1565/341/3104 1566/341/3104
f 47/38/2538 48/42/2538 1295/38/2538
f 888/877/2989 889/882/2989 2136/877/2989
f 319/349/2454 1566/345/2454 1567/345/2454
f 48/42/2541 49/45/2541 1296/42/2541
f 889/882/2991 890/886/2991 2137/882/2991
f 320/353/2457 1567/349/2457 1568/349/2457
f 49/45/2544 50/47/2544 1297/45/2544
f 890/886/3135 891/890/3135 2138/886/3135
f 321/305/2461 1568/353/2461 1569/353/2461
f 1137/1276/3105 2384/1148/3105 2359/1148/3105
f 50/47/2547 51/49/2547 1298/47/2547
f 891/890/2994 892/894/2994 2139/890/2994
f 322/311/2465 1569/305/2465 1570/305/2465
f 51/49/2550 52/7/2550 1299/49/2550
f 892/894/2995 893/898/2995 2140/894/2995
f 323/314/2469 1570/311/2469 1571/311/2469
f 52/7/2554 53/6/2554 1300/7/2554
f 893/898/2996 894/902/2996 2141/898/2996
f 324/316/2474 1571/314/2474 1572/314/2474
f 53/6/2557 54/12/2557 1301/6/2557
f 894/902/2997 895/860/2997 2142/902/2997
f 325/318/2478 1572/316/2478 1573/316/2478
f 54/12/2560 55/16/2560 1302/12/2560
f 895/860/2998 896/859/2998 2143/860/2998
f 326/323/2482 1573/318/2482 1574/318/2482
f 1162/1200/2965 2409/1277/2965 2410/1277/2965
f 55/16/2564 56/20/2564 1303/16/2564
f 896/859/2999 897/864/2999 2144/859/2999
f 327/327/2485 1574/323/2485 1575/323/2485
f 1163/1204/2966 2410/1200/2966 2411/1200/2966
f 587/1266/3106 1834/584/3106 1809/584/3106
f 56/20/2568 57/24/2568 1304/20/2568
f 897/864/3000 898/868/3000 2145/864/3000
f 328/331/2488 1575/327/2488 1576/327/2488
f 1164/1158/2967 2411/1204/2967 2412/1204/2967
f 57/24/2572 58/28/2572 1305/24/2572
f 898/868/3002 899/871/3002 2146/868/3002
f 329/335/2491 1576/331/2491 1577/331/2491
f 1165/1163/2968 2412/1158/2968 2413/1158/2968
f 58/28/2575 59/32/2575 1306/28/2575
f 899/871/3003 900/873/3003 2147/871/3003
f 330/339/2494 1577/335/2494 1578/335/2494
f 1166/1167/2969 2413/1163/2969 2414/1163/2969
f 59/32/2578 60/36/2578 1307/32/2578
f 900/873/3004 901/875/3004 2148/873/3004
f 331/343/2497 1578/339/2497 1579/339/2497
f 1167/1171/2970 2414/1167/2970 2415/1167/2970
f 60/36/2581 61/40/2581 1308/36/2581
f 901/875/3006 902/880/3006 2149/875/3006
f 332/347/2500 1579/343/2500 1580/343/2500
f 1168/1175/2971 2415/1171/2971 2416/1171/2971
f 902/880/3007 903/884/3007 2150/880/3007
f 333/351/2503 1580/347/2503 1581/347/2503
f 1169/1179/2972 2416/1175/2972 2417/1175/2972
f 903/884/3008 904/888/3008 2151/884/3008
f 334/354/2507 1581/351/2507 1582/351/2507
f 1170/1183/2973 2417/1179/2973 2418/1179/2973
f 904/888/3009 905/892/3009 2152/888/3009
f 335/308/2511 1582/354/2511 1583/354/2511
f 1171/1187/2974 2418/1183/2974 2419/1183/2974
f 905/892/3010 906/896/3010 2153/892/3010
f 337/322/3107 338/321/3107 1585/322/3107
f 1172/1191/2975 2419/1187/2975 2420/1187/2975
f 906/896/3012 907/900/3012 2154/896/3012
f 338/321/2595 339/326/2595 1586/321/2595
f 1173/1194/2976 2420/1191/2976 2421/1191/2976
f 907/900/3013 908/857/3013 2155/900/3013
f 339/326/2598 340/330/2598 1587/326/2598
f 1174/1196/2977 2421/1194/2977 2422/1194/2977
f 908/857/3015 909/856/3015 2156/857/3015
f 340/330/2602 341/334/2602 1588/330/2602
f 1175/1198/2978 2422/1196/2978 2423/1196/2978
f 612/636/2540 1859/1267/2540 1860/1267/2540
f 909/856/3017 910/862/3017 2157/856/3017
f 341/334/2605 342/338/2605 1589/334/2605
f 1176/1203/2979 2423/1198/2979 2424/1198/2979
f 613/641/3108 1860/636/3108 1861/636/3108
f 910/862/3018 911/866/3018 2158/862/3018
f 342/338/2608 343/342/2608 1590/338/2608
f 1177/1155/2980 2424/1203/2980 2425/1203/2980
f 614/645/2546 1861/641/2546 1862/641/2546
f 343/342/2611 344/346/2611 1591/342/2611
f 1178/1161/2981 2425/1155/2981 2426/1155/2981
f 615/649/3109 1862/645/3109 1863/645/3109
f 344/346/2614 345/350/2614 1592/346/2614
f 1179/1165/2982 2426/1161/2982 2427/1161/2982
f 616/653/2643 1863/649/2643 1864/649/2643
f 345/350/2617 346/307/2617 1593/350/2617
f 1180/1169/2983 2427/1165/2983 2428/1165/2983
f 617/605/3110 1864/653/3110 1865/653/3110
f 346/307/2620 347/306/2620 1594/307/2620
f 1181/1173/2984 2428/1169/2984 2429/1169/2984
f 618/611/2553 1865/605/2553 1866/605/2553
f 347/306/2624 348/312/2624 1595/306/2624
f 1182/1177/2985 2429/1173/2985 2430/1173/2985
f 619/615/2652 1866/611/2652 1867/611/2652
f 348/312/3111 349/315/3111 1596/312/3111
f 1183/1181/2986 2430/1177/2986 2431/1177/2986
f 620/619/2657 1867/615/2657 1868/615/2657
f 349/315/2630 350/317/2630 1597/315/2630
f 1184/1185/2988 2431/1181/2988 2432/1181/2988
f 621/623/2556 1868/619/2556 1869/619/2556
f 350/317/2633 351/319/2633 1598/317/2633
f 1185/1189/2990 2432/1185/2990 2433/1185/2990
f 622/627/2559 1869/623/2559 1870/623/2559
f 351/319/2636 352/324/2636 1599/319/2636
f 1187/1202/3024 1188/1201/3024 2435/1202/3024
f 623/630/2563 1870/627/2563 1871/627/2563
f 352/324/2639 353/328/2639 1600/324/2639
f 1188/1201/3026 1189/1160/3026 2436/1201/3026
f 624/632/2567 1871/630/2567 1872/630/2567
f 887/683/3112 2134/878/3112 2109/878/3112
f 353/328/2642 354/332/2642 1601/328/2642
f 1189/1160/3028 1190/1159/3028 2437/1160/3028
f 625/634/2571 1872/632/2571 1873/632/2571
f 354/332/2646 355/336/2646 1602/332/2646
f 1190/1159/3030 1191/1164/3030 2438/1159/3030
f 626/639/2574 1873/634/2574 1874/634/2574
f 355/336/2650 356/340/2650 1603/336/2650
f 1191/1164/3032 1192/1168/3032 2439/1164/3032
f 627/643/2577 1874/639/2577 1875/639/2577
f 37/1255/3113 1284/52/3113 1259/52/3113
f 356/340/2655 357/344/2655 1604/340/2655
f 1192/1168/3034 1193/1172/3034 2440/1168/3034
f 628/647/2580 1875/643/2580 1876/643/2580
f 357/344/2660 358/348/2660 1605/344/2660
f 1193/1172/3036 1194/1176/3036 2441/1172/3036
f 629/651/2662 1876/647/2662 1877/647/2662
f 358/348/2664 359/352/2664 1606/348/2664
f 1194/1176/3038 1195/1180/3038 2442/1176/3038
f 630/654/3058 1877/651/3058 1878/651/3058
f 62/103/2584 1309/1256/2584 1310/1256/2584
f 359/352/2668 360/310/2668 1607/352/2668
f 1195/1180/3041 1196/1184/3041 2443/1180/3041
f 631/608/3061 1878/654/3061 1879/654/3061
f 63/58/2586 1310/103/2586 1311/103/2586
f 360/310/2672 361/309/2672 1608/310/2672
f 1196/1184/3043 1197/1188/3043 2444/1184/3043
f 632/613/3123 1879/608/3123 1880/608/3123
f 64/63/2588 1311/58/2588 1312/58/2588
f 1197/1188/3045 1198/1192/3045 2445/1188/3045
f 633/617/2670 1880/613/2670 1881/613/2670
f 65/67/2590 1312/63/2590 1313/63/2590
f 1198/1192/3048 1199/1195/3048 2446/1192/3048
f 634/621/2674 1881/617/2674 1882/617/2674
f 66/71/2593 1313/67/2593 1314/67/2593
f 1199/1195/3050 1200/1197/3050 2447/1195/3050
f 635/625/2583 1882/621/2583 1883/621/2583
f 67/75/2596 1314/71/2596 1315/71/2596
f 1200/1197/3052 1201/1199/3052 2448/1197/3052
f 637/638/3064 638/637/3064 1885/638/3064
f 68/79/2600 1315/75/2600 1316/75/2600
f 1201/1199/3054 1202/1157/3054 2449/1199/3054
f 638/637/3067 639/642/3067 1886/637/3067
f 69/83/2603 1316/79/2603 1317/79/2603
f 1202/1157/3056 1203/1156/3056 2450/1157/3056
f 639/642/3070 640/646/3070 1887/642/3070
f 70/87/2606 1317/83/2606 1318/83/2606
f 1203/1156/2741 1204/1162/2741 2451/1156/2741
f 640/646/3072 641/650/3072 1888/646/3072
f 71/91/2609 1318/87/2609 1319/87/2609
f 912/930/3020 2159/1272/3020 2160/1272/3020
f 337/1261/3114 1584/322/3114 1559/322/3114
f 1204/1162/3060 1205/1166/3060 2452/1162/3060
f 641/650/3115 642/607/3115 1889/650/3115
f 72/95/2612 1319/91/2612 1320/91/2612
f 913/935/3021 2160/930/3021 2161/930/3021
f 1205/1166/3063 1206/1170/3063 2453/1166/3063
f 642/607/3076 643/606/3076 1890/607/3076
f 73/98/2615 1320/95/2615 1321/95/2615
f 914/939/3022 2161/935/3022 2162/935/3022
f 1206/1170/3066 1207/1174/3066 2454/1170/3066
f 643/606/3077 644/612/3077 1891/606/3077
f 74/100/2618 1321/98/2618 1322/98/2618
f 915/943/3023 2162/939/3023 2163/939/3023
f 1207/1174/3069 1208/1178/3069 2455/1174/3069
f 644/612/3078 645/616/3078 1892/612/3078
f 75/102/2622 1322/100/2622 1323/100/2622
f 916/947/3116 2163/943/3116 2164/943/3116
f 1208/1178/3071 1209/1182/3071 2456/1178/3071
f 645/616/3080 646/620/3080 1893/616/3080
f 76/55/2625 1323/102/2625 1324/102/2625
f 917/951/3027 2164/947/3027 2165/947/3027
f 1209/1182/3073 1210/1186/3073 2457/1182/3073
f 646/620/3081 647/624/3081 1894/620/3081
f 77/61/3137 1324/55/3137 1325/55/3137
f 918/954/3029 2165/951/3029 2166/951/3029
f 1210/1186/3075 1211/1190/3075 2458/1186/3075
f 647/624/3082 648/628/3082 1895/624/3082
f 78/65/2631 1325/61/2631 1326/61/2631
f 919/908/3031 2166/954/3031 2167/954/3031
f 648/628/3083 649/631/3083 1896/628/3083
f 79/69/2634 1326/65/2634 1327/65/2634
f 920/913/3033 2167/908/3033 2168/908/3033
f 649/631/3086 650/633/3086 1897/631/3086
f 80/73/3138 1327/69/3138 1328/69/3138
f 921/917/3035 2168/913/3035 2169/913/3035
f 650/633/3087 651/635/3087 1898/633/3087
f 81/77/2640 1328/73/2640 1329/73/2640
f 922/921/3037 2169/917/3037 2170/917/3037
f 651/635/3088 652/640/3088 1899/635/3088
f 82/81/2644 1329/77/2644 1330/77/2644
f 923/924/3039 2170/921/3039 2171/921/3039
f 652/640/3090 653/644/3090 1900/640/3090
f 83/85/2648 1330/81/2648 1331/81/2648
f 924/926/3042 2171/924/3042 2172/924/3042
f 653/644/2748 654/648/2748 1901/644/2748
f 84/89/2653 1331/85/2653 1332/85/2653
f 925/928/3044 2172/926/3044 2173/926/3044
f 654/648/3091 655/652/3091 1902/648/3091
f 85/93/2658 1332/89/2658 1333/89/2658
f 926/933/3047 2173/928/3047 2174/928/3047
f 655/652/3092 656/610/3092 1903/652/3092
f 87/104/2746 88/60/2746 1335/104/2746
f 927/937/3049 2174/933/3049 2175/933/3049
f 656/610/3093 657/609/3093 1904/610/3093
f 88/60/2749 89/59/2749 1336/60/2749
f 928/941/3051 2175/937/3051 2176/937/3051
f 657/609/3094 658/614/3094 1905/609/3094
f 89/59/2752 90/64/2752 1337/59/2752
f 929/945/3053 2176/941/3053 2177/941/3053
f 658/614/3095 659/618/3095 1906/614/3095
f 90/64/2754 91/68/2754 1338/64/2754
f 930/949/3055 2177/945/3055 2178/945/3055
f 362/374/2676 1609/1262/2676 1610/1262/2676
f 659/618/3096 660/622/3096 1907/618/3096
f 91/68/2756 92/72/2756 1339/68/2756
f 931/953/3057 2178/949/3057 2179/949/3057
f 363/379/2680 1610/374/2680 1611/374/2680
f 660/622/3097 661/626/3097 1908/622/3097
f 92/72/2758 93/76/2758 1340/72/2758
f 932/905/3059 2179/953/3059 2180/953/3059
f 364/383/2683 1611/379/2683 1612/379/2683
f 93/76/3117 94/80/3117 1341/76/3117
f 933/911/3062 2180/905/3062 2181/905/3062
f 365/387/2687 1612/383/2687 1613/383/2687
f 94/80/2762 95/84/2762 1342/80/2762
f 934/915/3065 2181/911/3065 2182/911/3065
f 366/391/2691 1613/387/2691 1614/387/2691
f 95/84/2764 96/88/2764 1343/84/2764
f 935/919/3068 2182/915/3068 2183/915/3068
f 367/395/2695 1614/391/2695 1615/391/2695
f 96/88/2766 97/92/2766 1344/88/2766
f 937/932/3098 938/931/3098 2185/932/3098
f 368/399/2699 1615/395/2699 1616/395/2699
f 97/92/2768 98/96/2768 1345/92/2768
f 938/931/3099 939/936/3099 2186/931/3099
f 369/403/2703 1616/399/2703 1617/399/2703
f 98/96/3118 99/99/3118 1346/96/3118
f 939/936/3100 940/940/3100 2187/936/3100
f 370/355/2707 1617/403/2707 1618/403/2707
f 99/99/2772 100/101/2772 1347/99/2772
f 940/940/3101 941/944/3101 2188/940/3101
f 371/361/3119 1618/355/3119 1619/355/3119
f 100/101/2774 101/57/2774 1348/101/2774
f 941/944/3102 942/948/3102 2189/944/3102
f 372/365/2715 1619/361/2715 1620/361/2715
f 101/57/2776 102/56/2776 1349/57/2776
f 942/948/3103 943/952/3103 2190/948/3103
f 373/368/2719 1620/365/2719 1621/365/2719
f 1187/1277/3121 2434/1202/3121 2409/1202/3121
f 102/56/2778 103/62/2778 1350/56/2778
f 943/952/3104 944/910/3104 2191/952/3104
